jscs-backuppool-5090test-091606:188079:188518 [5] NCCL INFO [YT-TRACE] [SRC] pci_sysfs path=/sys/devices/pci0000:a7/0000:a7:01.0/0000:a8:00.0/class class=0x030000
jscs-backuppool-5090test-091606:188079:188520 [6] NCCL INFO [YT-TRACE] [SRC] pci_sysfs path=/sys/devices/pci0000:b7/0000:b7:01.0/0000:b8:00.0/class class=0x030000
jscs-backuppool-5090test-091606:188079:188518 [5] NCCL INFO [YT-TRACE] [SRC] pci_nvml vendor=0x10de
jscs-backuppool-5090test-091606:188079:188513 [0] NCCL INFO [YT-TRACE] [SRC] pci_sysfs path=/sys/devices/pci0000:26/0000:26:01.0/0000:27:00.0/class class=0x030000
jscs-backuppool-5090test-091606:188079:188518 [5] NCCL INFO [YT-TRACE] [SRC] pci_nvml device=0x2b85
jscs-backuppool-5090test-091606:188079:188521 [7] NCCL INFO [YT-TRACE] [SRC] pci_sysfs path=/sys/devices/pci0000:c7/0000:c7:01.0/0000:c8:00.0/class class=0x030000
jscs-backuppool-5090test-091606:188079:188516 [3] NCCL INFO [YT-TRACE] [SRC] pci_sysfs path=/sys/devices/pci0000:59/0000:59:01.0/0000:5a:00.0/class class=0x030000
jscs-backuppool-5090test-091606:188079:188517 [4] NCCL INFO [YT-TRACE] [SRC] pci_sysfs path=/sys/devices/pci0000:97/0000:97:01.0/0000:98:00.0/class class=0x030000
jscs-backuppool-5090test-091606:188079:188515 [2] NCCL INFO [YT-TRACE] [SRC] pci_sysfs path=/sys/devices/pci0000:48/0000:48:01.0/0000:49:00.0/class class=0x030000
jscs-backuppool-5090test-091606:188079:188520 [6] NCCL INFO [YT-TRACE] [SRC] pci_nvml vendor=0x10de
jscs-backuppool-5090test-091606:188079:188514 [1] NCCL INFO [YT-TRACE] [SRC] pci_sysfs path=/sys/devices/pci0000:37/0000:37:01.0/0000:38:00.0/class class=0x030000
jscs-backuppool-5090test-091606:188079:188513 [0] NCCL INFO [YT-TRACE] [SRC] pci_nvml vendor=0x10de
jscs-backuppool-5090test-091606:188079:188513 [0] NCCL INFO [YT-TRACE] [SRC] pci_nvml device=0x2b85
jscs-backuppool-5090test-091606:188079:188518 [5] NCCL INFO [YT-TRACE] [SRC] pci_nvml subsystem_vendor=0x10de
jscs-backuppool-5090test-091606:188079:188521 [7] NCCL INFO [YT-TRACE] [SRC] pci_nvml vendor=0x10de
jscs-backuppool-5090test-091606:188079:188520 [6] NCCL INFO [YT-TRACE] [SRC] pci_nvml device=0x2b85
jscs-backuppool-5090test-091606:188079:188514 [1] NCCL INFO [YT-TRACE] [SRC] pci_nvml vendor=0x10de
jscs-backuppool-5090test-091606:188079:188514 [1] NCCL INFO [YT-TRACE] [SRC] pci_nvml device=0x2b85
jscs-backuppool-5090test-091606:188079:188516 [3] NCCL INFO [YT-TRACE] [SRC] pci_nvml vendor=0x10de
jscs-backuppool-5090test-091606:188079:188518 [5] NCCL INFO [YT-TRACE] [SRC] pci_nvml subsystem_device=0x5309
jscs-backuppool-5090test-091606:188079:188518 [5] NCCL INFO [YT-TRACE] [SRC] pci_link_speed nvml busid=0000:a8:00.0 link_speed=32.0 GT/s PCIe
jscs-backuppool-5090test-091606:188079:188521 [7] NCCL INFO [YT-TRACE] [SRC] pci_nvml device=0x2b85
jscs-backuppool-5090test-091606:188079:188513 [0] NCCL INFO [YT-TRACE] [SRC] pci_nvml subsystem_vendor=0x10de
jscs-backuppool-5090test-091606:188079:188513 [0] NCCL INFO [YT-TRACE] [SRC] pci_nvml subsystem_device=0x5309
jscs-backuppool-5090test-091606:188079:188518 [5] NCCL INFO [YT-TRACE] [SRC] cpu_affinity numa=2 affinity=000000ff,ffff0000,00000000,000000ff,ffff0000,00000000
jscs-backuppool-5090test-091606:188079:188518 [5] NCCL INFO [YT-TRACE] [SRC] cpu_cpuid vendor=GenuineIntel
jscs-backuppool-5090test-091606:188079:188518 [5] NCCL INFO [YT-TRACE] [SRC] cpu_cpuid family=6 model=207
jscs-backuppool-5090test-091606:188079:188518 [5] NCCL INFO [YT-TRACE] [SCAN] cpu numa=2 arch=x86_64 vendor=GenuineIntel family=6 model=207 affinity=000000ff,ffff0000,00000000,000000ff,ffff0000,00000000
jscs-backuppool-5090test-091606:188079:188518 [5] NCCL INFO [YT-TRACE] [SCAN] pci busid=0000:a8:00.0 class=0x030000 vendor=0x10de device=0x2b85 subven=0x10de subdev=0x5309 link=32.0 GT/s PCIe width=16
jscs-backuppool-5090test-091606:188079:188513 [0] NCCL INFO [YT-TRACE] [SRC] pci_link_speed nvml busid=0000:27:00.0 link_speed=32.0 GT/s PCIe
jscs-backuppool-5090test-091606:188079:188520 [6] NCCL INFO [YT-TRACE] [SRC] pci_nvml subsystem_vendor=0x10de
jscs-backuppool-5090test-091606:188079:188520 [6] NCCL INFO [YT-TRACE] [SRC] pci_nvml subsystem_device=0x5309
jscs-backuppool-5090test-091606:188079:188521 [7] NCCL INFO [YT-TRACE] [SRC] pci_nvml subsystem_vendor=0x10de
jscs-backuppool-5090test-091606:188079:188513 [0] NCCL INFO [YT-TRACE] [SRC] cpu_affinity numa=0 affinity=00000000,00000000,00ffffff,00000000,00000000,00ffffff
jscs-backuppool-5090test-091606:188079:188513 [0] NCCL INFO [YT-TRACE] [SRC] cpu_cpuid vendor=GenuineIntel
jscs-backuppool-5090test-091606:188079:188513 [0] NCCL INFO [YT-TRACE] [SRC] cpu_cpuid family=6 model=207
jscs-backuppool-5090test-091606:188079:188513 [0] NCCL INFO [YT-TRACE] [SCAN] cpu numa=0 arch=x86_64 vendor=GenuineIntel family=6 model=207 affinity=00000000,00000000,00ffffff,00000000,00000000,00ffffff
jscs-backuppool-5090test-091606:188079:188513 [0] NCCL INFO [YT-TRACE] [SCAN] pci busid=0000:27:00.0 class=0x030000 vendor=0x10de device=0x2b85 subven=0x10de subdev=0x5309 link=32.0 GT/s PCIe width=16
jscs-backuppool-5090test-091606:188079:188520 [6] NCCL INFO [YT-TRACE] [SRC] pci_link_speed nvml busid=0000:b8:00.0 link_speed=32.0 GT/s PCIe
jscs-backuppool-5090test-091606:188079:188516 [3] NCCL INFO [YT-TRACE] [SRC] pci_nvml device=0x2b85
jscs-backuppool-5090test-091606:188079:188520 [6] NCCL INFO [YT-TRACE] [SRC] cpu_affinity numa=2 affinity=000000ff,ffff0000,00000000,000000ff,ffff0000,00000000
jscs-backuppool-5090test-091606:188079:188520 [6] NCCL INFO [YT-TRACE] [SRC] cpu_cpuid vendor=GenuineIntel
jscs-backuppool-5090test-091606:188079:188520 [6] NCCL INFO [YT-TRACE] [SRC] cpu_cpuid family=6 model=207
jscs-backuppool-5090test-091606:188079:188520 [6] NCCL INFO [YT-TRACE] [SCAN] cpu numa=2 arch=x86_64 vendor=GenuineIntel family=6 model=207 affinity=000000ff,ffff0000,00000000,000000ff,ffff0000,00000000
jscs-backuppool-5090test-091606:188079:188520 [6] NCCL INFO [YT-TRACE] [SCAN] pci busid=0000:b8:00.0 class=0x030000 vendor=0x10de device=0x2b85 subven=0x10de subdev=0x5309 link=32.0 GT/s PCIe width=16
jscs-backuppool-5090test-091606:188079:188515 [2] NCCL INFO [YT-TRACE] [SRC] pci_nvml vendor=0x10de
jscs-backuppool-5090test-091606:188079:188520 [6] NCCL INFO [YT-TRACE] [SRC] gpu_dev nvml dev=6
jscs-backuppool-5090test-091606:188079:188515 [2] NCCL INFO [YT-TRACE] [SRC] pci_nvml device=0x2b85
jscs-backuppool-5090test-091606:188079:188521 [7] NCCL INFO [YT-TRACE] [SRC] pci_nvml subsystem_device=0x5309
jscs-backuppool-5090test-091606:188079:188520 [6] NCCL INFO [YT-TRACE] [SRC] gpu_sm nvml dev=6 sm=120
jscs-backuppool-5090test-091606:188079:188520 [6] NCCL INFO [YT-TRACE] [SCAN] gpu dev=6 sm=120 busid=0000:b8:00.0
jscs-backuppool-5090test-091606:188079:188515 [2] NCCL INFO [YT-TRACE] [SRC] pci_nvml subsystem_vendor=0x10de
jscs-backuppool-5090test-091606:188079:188515 [2] NCCL INFO [YT-TRACE] [SRC] pci_nvml subsystem_device=0x5309
jscs-backuppool-5090test-091606:188079:188516 [3] NCCL INFO [YT-TRACE] [SRC] pci_nvml subsystem_vendor=0x10de
jscs-backuppool-5090test-091606:188079:188520 [6] NCCL INFO [YT-TRACE] [RANK] gpu rank=6 gdr=0 mlopart=-1
jscs-backuppool-5090test-091606:188079:188513 [0] NCCL INFO [YT-TRACE] [SRC] gpu_dev nvml dev=0
jscs-backuppool-5090test-091606:188079:188513 [0] NCCL INFO [YT-TRACE] [SRC] gpu_sm nvml dev=0 sm=120
jscs-backuppool-5090test-091606:188079:188513 [0] NCCL INFO [YT-TRACE] [SCAN] gpu dev=0 sm=120 busid=0000:27:00.0
jscs-backuppool-5090test-091606:188079:188518 [5] NCCL INFO [YT-TRACE] [SRC] gpu_dev nvml dev=5
jscs-backuppool-5090test-091606:188079:188518 [5] NCCL INFO [YT-TRACE] [SRC] gpu_sm nvml dev=5 sm=120
jscs-backuppool-5090test-091606:188079:188518 [5] NCCL INFO [YT-TRACE] [SCAN] gpu dev=5 sm=120 busid=0000:a8:00.0
jscs-backuppool-5090test-091606:188079:188515 [2] NCCL INFO [YT-TRACE] [SRC] pci_link_speed nvml busid=0000:49:00.0 link_speed=32.0 GT/s PCIe
jscs-backuppool-5090test-091606:188079:188516 [3] NCCL INFO [YT-TRACE] [SRC] pci_nvml subsystem_device=0x5309
jscs-backuppool-5090test-091606:188079:188515 [2] NCCL INFO [YT-TRACE] [SRC] cpu_affinity numa=1 affinity=00000000,0000ffff,ff000000,00000000,0000ffff,ff000000
jscs-backuppool-5090test-091606:188079:188515 [2] NCCL INFO [YT-TRACE] [SRC] cpu_cpuid vendor=GenuineIntel
jscs-backuppool-5090test-091606:188079:188515 [2] NCCL INFO [YT-TRACE] [SRC] cpu_cpuid family=6 model=207
jscs-backuppool-5090test-091606:188079:188515 [2] NCCL INFO [YT-TRACE] [SCAN] cpu numa=1 arch=x86_64 vendor=GenuineIntel family=6 model=207 affinity=00000000,0000ffff,ff000000,00000000,0000ffff,ff000000
jscs-backuppool-5090test-091606:188079:188515 [2] NCCL INFO [YT-TRACE] [SCAN] pci busid=0000:49:00.0 class=0x030000 vendor=0x10de device=0x2b85 subven=0x10de subdev=0x5309 link=32.0 GT/s PCIe width=16
jscs-backuppool-5090test-091606:188079:188521 [7] NCCL INFO [YT-TRACE] [SRC] pci_link_speed nvml busid=0000:c8:00.0 link_speed=32.0 GT/s PCIe
jscs-backuppool-5090test-091606:188079:188514 [1] NCCL INFO [YT-TRACE] [SRC] pci_nvml subsystem_vendor=0x10de
jscs-backuppool-5090test-091606:188079:188521 [7] NCCL INFO [YT-TRACE] [SRC] cpu_affinity numa=3 affinity=ffffff00,00000000,00000000,ffffff00,00000000,00000000
jscs-backuppool-5090test-091606:188079:188521 [7] NCCL INFO [YT-TRACE] [SRC] cpu_cpuid vendor=GenuineIntel
jscs-backuppool-5090test-091606:188079:188521 [7] NCCL INFO [YT-TRACE] [SRC] cpu_cpuid family=6 model=207
jscs-backuppool-5090test-091606:188079:188521 [7] NCCL INFO [YT-TRACE] [SCAN] cpu numa=3 arch=x86_64 vendor=GenuineIntel family=6 model=207 affinity=ffffff00,00000000,00000000,ffffff00,00000000,00000000
jscs-backuppool-5090test-091606:188079:188521 [7] NCCL INFO [YT-TRACE] [SCAN] pci busid=0000:c8:00.0 class=0x030000 vendor=0x10de device=0x2b85 subven=0x10de subdev=0x5309 link=32.0 GT/s PCIe width=16
jscs-backuppool-5090test-091606:188079:188518 [5] NCCL INFO [YT-TRACE] [RANK] gpu rank=5 gdr=0 mlopart=-1
jscs-backuppool-5090test-091606:188079:188514 [1] NCCL INFO [YT-TRACE] [SRC] pci_nvml subsystem_device=0x5309
jscs-backuppool-5090test-091606:188079:188513 [0] NCCL INFO [YT-TRACE] [RANK] gpu rank=0 gdr=0 mlopart=-1
jscs-backuppool-5090test-091606:188079:188517 [4] NCCL INFO [YT-TRACE] [SRC] pci_nvml vendor=0x10de
jscs-backuppool-5090test-091606:188079:188516 [3] NCCL INFO [YT-TRACE] [SRC] pci_link_speed nvml busid=0000:5a:00.0 link_speed=32.0 GT/s PCIe
jscs-backuppool-5090test-091606:188079:188521 [7] NCCL INFO [YT-TRACE] [SRC] gpu_dev nvml dev=7
jscs-backuppool-5090test-091606:188079:188521 [7] NCCL INFO [YT-TRACE] [SRC] gpu_sm nvml dev=7 sm=120
jscs-backuppool-5090test-091606:188079:188521 [7] NCCL INFO [YT-TRACE] [SCAN] gpu dev=7 sm=120 busid=0000:c8:00.0
jscs-backuppool-5090test-091606:188079:188516 [3] NCCL INFO [YT-TRACE] [SRC] cpu_affinity numa=1 affinity=00000000,0000ffff,ff000000,00000000,0000ffff,ff000000
jscs-backuppool-5090test-091606:188079:188516 [3] NCCL INFO [YT-TRACE] [SRC] cpu_cpuid vendor=GenuineIntel
jscs-backuppool-5090test-091606:188079:188516 [3] NCCL INFO [YT-TRACE] [SRC] cpu_cpuid family=6 model=207
jscs-backuppool-5090test-091606:188079:188516 [3] NCCL INFO [YT-TRACE] [SCAN] cpu numa=1 arch=x86_64 vendor=GenuineIntel family=6 model=207 affinity=00000000,0000ffff,ff000000,00000000,0000ffff,ff000000
jscs-backuppool-5090test-091606:188079:188516 [3] NCCL INFO [YT-TRACE] [SCAN] pci busid=0000:5a:00.0 class=0x030000 vendor=0x10de device=0x2b85 subven=0x10de subdev=0x5309 link=32.0 GT/s PCIe width=16
jscs-backuppool-5090test-091606:188079:188514 [1] NCCL INFO [YT-TRACE] [SRC] pci_link_speed nvml busid=0000:38:00.0 link_speed=32.0 GT/s PCIe
jscs-backuppool-5090test-091606:188079:188517 [4] NCCL INFO [YT-TRACE] [SRC] pci_nvml device=0x2b85
jscs-backuppool-5090test-091606:188079:188514 [1] NCCL INFO [YT-TRACE] [SRC] cpu_affinity numa=0 affinity=00000000,00000000,00ffffff,00000000,00000000,00ffffff
jscs-backuppool-5090test-091606:188079:188514 [1] NCCL INFO [YT-TRACE] [SRC] cpu_cpuid vendor=GenuineIntel
jscs-backuppool-5090test-091606:188079:188514 [1] NCCL INFO [YT-TRACE] [SRC] cpu_cpuid family=6 model=207
jscs-backuppool-5090test-091606:188079:188514 [1] NCCL INFO [YT-TRACE] [SCAN] cpu numa=0 arch=x86_64 vendor=GenuineIntel family=6 model=207 affinity=00000000,00000000,00ffffff,00000000,00000000,00ffffff
jscs-backuppool-5090test-091606:188079:188514 [1] NCCL INFO [YT-TRACE] [SCAN] pci busid=0000:38:00.0 class=0x030000 vendor=0x10de device=0x2b85 subven=0x10de subdev=0x5309 link=32.0 GT/s PCIe width=16
jscs-backuppool-5090test-091606:188079:188515 [2] NCCL INFO [YT-TRACE] [SRC] gpu_dev nvml dev=2
jscs-backuppool-5090test-091606:188079:188515 [2] NCCL INFO [YT-TRACE] [SRC] gpu_sm nvml dev=2 sm=120
jscs-backuppool-5090test-091606:188079:188515 [2] NCCL INFO [YT-TRACE] [SCAN] gpu dev=2 sm=120 busid=0000:49:00.0
jscs-backuppool-5090test-091606:188079:188516 [3] NCCL INFO [YT-TRACE] [SRC] gpu_dev nvml dev=3
jscs-backuppool-5090test-091606:188079:188516 [3] NCCL INFO [YT-TRACE] [SRC] gpu_sm nvml dev=3 sm=120
jscs-backuppool-5090test-091606:188079:188516 [3] NCCL INFO [YT-TRACE] [SCAN] gpu dev=3 sm=120 busid=0000:5a:00.0
jscs-backuppool-5090test-091606:188079:188514 [1] NCCL INFO [YT-TRACE] [SRC] gpu_dev nvml dev=1
jscs-backuppool-5090test-091606:188079:188517 [4] NCCL INFO [YT-TRACE] [SRC] pci_nvml subsystem_vendor=0x10de
jscs-backuppool-5090test-091606:188079:188514 [1] NCCL INFO [YT-TRACE] [SRC] gpu_sm nvml dev=1 sm=120
jscs-backuppool-5090test-091606:188079:188514 [1] NCCL INFO [YT-TRACE] [SCAN] gpu dev=1 sm=120 busid=0000:38:00.0
jscs-backuppool-5090test-091606:188079:188517 [4] NCCL INFO [YT-TRACE] [SRC] pci_nvml subsystem_device=0x5309
jscs-backuppool-5090test-091606:188079:188515 [2] NCCL INFO [YT-TRACE] [RANK] gpu rank=2 gdr=0 mlopart=-1
jscs-backuppool-5090test-091606:188079:188517 [4] NCCL INFO [YT-TRACE] [SRC] pci_link_speed nvml busid=0000:98:00.0 link_speed=32.0 GT/s PCIe
jscs-backuppool-5090test-091606:188079:188516 [3] NCCL INFO [YT-TRACE] [RANK] gpu rank=3 gdr=0 mlopart=-1
jscs-backuppool-5090test-091606:188079:188514 [1] NCCL INFO [YT-TRACE] [RANK] gpu rank=1 gdr=0 mlopart=-1
jscs-backuppool-5090test-091606:188079:188521 [7] NCCL INFO [YT-TRACE] [RANK] gpu rank=7 gdr=0 mlopart=-1
jscs-backuppool-5090test-091606:188079:188517 [4] NCCL INFO [YT-TRACE] [SRC] cpu_affinity numa=2 affinity=000000ff,ffff0000,00000000,000000ff,ffff0000,00000000
jscs-backuppool-5090test-091606:188079:188517 [4] NCCL INFO [YT-TRACE] [SRC] cpu_cpuid vendor=GenuineIntel
jscs-backuppool-5090test-091606:188079:188517 [4] NCCL INFO [YT-TRACE] [SRC] cpu_cpuid family=6 model=207
jscs-backuppool-5090test-091606:188079:188517 [4] NCCL INFO [YT-TRACE] [SCAN] cpu numa=2 arch=x86_64 vendor=GenuineIntel family=6 model=207 affinity=000000ff,ffff0000,00000000,000000ff,ffff0000,00000000
jscs-backuppool-5090test-091606:188079:188517 [4] NCCL INFO [YT-TRACE] [SCAN] pci busid=0000:98:00.0 class=0x030000 vendor=0x10de device=0x2b85 subven=0x10de subdev=0x5309 link=32.0 GT/s PCIe width=16
jscs-backuppool-5090test-091606:188079:188517 [4] NCCL INFO [YT-TRACE] [SRC] gpu_dev nvml dev=4
jscs-backuppool-5090test-091606:188079:188517 [4] NCCL INFO [YT-TRACE] [SRC] gpu_sm nvml dev=4 sm=120
jscs-backuppool-5090test-091606:188079:188517 [4] NCCL INFO [YT-TRACE] [SCAN] gpu dev=4 sm=120 busid=0000:98:00.0
jscs-backuppool-5090test-091606:188079:188517 [4] NCCL INFO [YT-TRACE] [RANK] gpu rank=4 gdr=0 mlopart=-1
jscs-backuppool-5090test-091606:188079:188514 [1] NCCL INFO [YT-TRACE] [TOPO] path link=0 bw=5000 hops=1 gpu=0 to_type=8 to_id=0x27000
jscs-backuppool-5090test-091606:188079:188514 [1] NCCL INFO [YT-TRACE] [TOPO] path link=4 bw=48 hops=2 gpu=0 to_type=3 to_id=0x0
jscs-backuppool-5090test-091606:188079:188514 [1] NCCL INFO [YT-TRACE] [TOPO] path link=4 bw=48 hops=3 gpu=0 to_type=4 to_id=0x0
jscs-backuppool-5090test-091606:188079:188514 [1] NCCL INFO [YT-TRACE] [TOPO] path link=4 bw=48 hops=3 gpu=0 to_type=8 to_id=0x38000
jscs-backuppool-5090test-091606:188079:188517 [4] NCCL INFO [YT-TRACE] [TOPO] path link=0 bw=5000 hops=1 gpu=0 to_type=8 to_id=0x27000
jscs-backuppool-5090test-091606:188079:188514 [1] NCCL INFO [YT-TRACE] [TOPO] path link=9 bw=40 hops=3 gpu=0 to_type=3 to_id=0x1
jscs-backuppool-5090test-091606:188079:188514 [1] NCCL INFO [YT-TRACE] [TOPO] path link=9 bw=40 hops=3 gpu=0 to_type=3 to_id=0x2
jscs-backuppool-5090test-091606:188079:188517 [4] NCCL INFO [YT-TRACE] [TOPO] path link=4 bw=48 hops=2 gpu=0 to_type=3 to_id=0x0
jscs-backuppool-5090test-091606:188079:188514 [1] NCCL INFO [YT-TRACE] [TOPO] path link=9 bw=40 hops=3 gpu=0 to_type=3 to_id=0x3
jscs-backuppool-5090test-091606:188079:188517 [4] NCCL INFO [YT-TRACE] [TOPO] path link=4 bw=48 hops=3 gpu=0 to_type=4 to_id=0x0
jscs-backuppool-5090test-091606:188079:188514 [1] NCCL INFO [YT-TRACE] [TOPO] path link=10 bw=25 hops=4 gpu=0 to_type=5 to_id=0x0
jscs-backuppool-5090test-091606:188079:188517 [4] NCCL INFO [YT-TRACE] [TOPO] path link=4 bw=48 hops=3 gpu=0 to_type=8 to_id=0x38000
jscs-backuppool-5090test-091606:188079:188514 [1] NCCL INFO [YT-TRACE] [TOPO] path link=10 bw=25 hops=4 gpu=0 to_type=5 to_id=0x0
jscs-backuppool-5090test-091606:188079:188517 [4] NCCL INFO [YT-TRACE] [TOPO] path link=9 bw=40 hops=3 gpu=0 to_type=3 to_id=0x1
jscs-backuppool-5090test-091606:188079:188514 [1] NCCL INFO [YT-TRACE] [TOPO] path link=10 bw=25 hops=4 gpu=0 to_type=5 to_id=0x0
jscs-backuppool-5090test-091606:188079:188517 [4] NCCL INFO [YT-TRACE] [TOPO] path link=9 bw=40 hops=3 gpu=0 to_type=3 to_id=0x2
jscs-backuppool-5090test-091606:188079:188514 [1] NCCL INFO [YT-TRACE] [TOPO] path link=10 bw=25 hops=4 gpu=0 to_type=5 to_id=0x0
jscs-backuppool-5090test-091606:188079:188517 [4] NCCL INFO [YT-TRACE] [TOPO] path link=9 bw=40 hops=3 gpu=0 to_type=3 to_id=0x3
jscs-backuppool-5090test-091606:188079:188514 [1] NCCL INFO [YT-TRACE] [TOPO] path link=0 bw=48 hops=4 gpu=0 peer=1
jscs-backuppool-5090test-091606:188079:188517 [4] NCCL INFO [YT-TRACE] [TOPO] path link=10 bw=25 hops=4 gpu=0 to_type=5 to_id=0x0
jscs-backuppool-5090test-091606:188079:188514 [1] NCCL INFO [YT-TRACE] [TOPO] path link=4 bw=40 hops=4 gpu=0 to_type=8 to_id=0x49000
jscs-backuppool-5090test-091606:188079:188517 [4] NCCL INFO [YT-TRACE] [TOPO] path link=10 bw=25 hops=4 gpu=0 to_type=5 to_id=0x0
jscs-backuppool-5090test-091606:188079:188514 [1] NCCL INFO [YT-TRACE] [TOPO] path link=4 bw=40 hops=4 gpu=0 to_type=8 to_id=0x5a000
jscs-backuppool-5090test-091606:188079:188517 [4] NCCL INFO [YT-TRACE] [TOPO] path link=10 bw=25 hops=4 gpu=0 to_type=5 to_id=0x0
jscs-backuppool-5090test-091606:188079:188514 [1] NCCL INFO [YT-TRACE] [TOPO] path link=4 bw=40 hops=4 gpu=0 to_type=8 to_id=0x98000
jscs-backuppool-5090test-091606:188079:188521 [7] NCCL INFO [YT-TRACE] [TOPO] path link=0 bw=5000 hops=1 gpu=0 to_type=8 to_id=0x27000
jscs-backuppool-5090test-091606:188079:188517 [4] NCCL INFO [YT-TRACE] [TOPO] path link=10 bw=25 hops=4 gpu=0 to_type=5 to_id=0x0
jscs-backuppool-5090test-091606:188079:188514 [1] NCCL INFO [YT-TRACE] [TOPO] path link=4 bw=40 hops=4 gpu=0 to_type=8 to_id=0xa8000
jscs-backuppool-5090test-091606:188079:188521 [7] NCCL INFO [YT-TRACE] [TOPO] path link=4 bw=48 hops=2 gpu=0 to_type=3 to_id=0x0
jscs-backuppool-5090test-091606:188079:188517 [4] NCCL INFO [YT-TRACE] [TOPO] path link=0 bw=48 hops=4 gpu=0 peer=1
jscs-backuppool-5090test-091606:188079:188514 [1] NCCL INFO [YT-TRACE] [TOPO] path link=4 bw=40 hops=4 gpu=0 to_type=8 to_id=0xb8000
jscs-backuppool-5090test-091606:188079:188517 [4] NCCL INFO [YT-TRACE] [TOPO] path link=4 bw=40 hops=4 gpu=0 to_type=8 to_id=0x49000
jscs-backuppool-5090test-091606:188079:188521 [7] NCCL INFO [YT-TRACE] [TOPO] path link=4 bw=48 hops=3 gpu=0 to_type=4 to_id=0x0
jscs-backuppool-5090test-091606:188079:188514 [1] NCCL INFO [YT-TRACE] [TOPO] path link=4 bw=40 hops=4 gpu=0 to_type=8 to_id=0xc8000
jscs-backuppool-5090test-091606:188079:188517 [4] NCCL INFO [YT-TRACE] [TOPO] path link=4 bw=40 hops=4 gpu=0 to_type=8 to_id=0x5a000
jscs-backuppool-5090test-091606:188079:188521 [7] NCCL INFO [YT-TRACE] [TOPO] path link=4 bw=48 hops=3 gpu=0 to_type=8 to_id=0x38000
jscs-backuppool-5090test-091606:188079:188514 [1] NCCL INFO [YT-TRACE] [TOPO] path link=0 bw=40 hops=5 gpu=0 peer=2
jscs-backuppool-5090test-091606:188079:188517 [4] NCCL INFO [YT-TRACE] [TOPO] path link=4 bw=40 hops=4 gpu=0 to_type=8 to_id=0x98000
jscs-backuppool-5090test-091606:188079:188521 [7] NCCL INFO [YT-TRACE] [TOPO] path link=9 bw=40 hops=3 gpu=0 to_type=3 to_id=0x1
jscs-backuppool-5090test-091606:188079:188514 [1] NCCL INFO [YT-TRACE] [TOPO] path link=0 bw=40 hops=5 gpu=0 peer=3
jscs-backuppool-5090test-091606:188079:188517 [4] NCCL INFO [YT-TRACE] [TOPO] path link=4 bw=40 hops=4 gpu=0 to_type=8 to_id=0xa8000
jscs-backuppool-5090test-091606:188079:188521 [7] NCCL INFO [YT-TRACE] [TOPO] path link=9 bw=40 hops=3 gpu=0 to_type=3 to_id=0x2
jscs-backuppool-5090test-091606:188079:188514 [1] NCCL INFO [YT-TRACE] [TOPO] path link=0 bw=40 hops=5 gpu=0 peer=4
jscs-backuppool-5090test-091606:188079:188517 [4] NCCL INFO [YT-TRACE] [TOPO] path link=4 bw=40 hops=4 gpu=0 to_type=8 to_id=0xb8000
jscs-backuppool-5090test-091606:188079:188521 [7] NCCL INFO [YT-TRACE] [TOPO] path link=9 bw=40 hops=3 gpu=0 to_type=3 to_id=0x3
jscs-backuppool-5090test-091606:188079:188514 [1] NCCL INFO [YT-TRACE] [TOPO] path link=0 bw=40 hops=5 gpu=0 peer=5
jscs-backuppool-5090test-091606:188079:188517 [4] NCCL INFO [YT-TRACE] [TOPO] path link=4 bw=40 hops=4 gpu=0 to_type=8 to_id=0xc8000
jscs-backuppool-5090test-091606:188079:188521 [7] NCCL INFO [YT-TRACE] [TOPO] path link=10 bw=25 hops=4 gpu=0 to_type=5 to_id=0x0
jscs-backuppool-5090test-091606:188079:188514 [1] NCCL INFO [YT-TRACE] [TOPO] path link=0 bw=40 hops=5 gpu=0 peer=6
jscs-backuppool-5090test-091606:188079:188517 [4] NCCL INFO [YT-TRACE] [TOPO] path link=0 bw=40 hops=5 gpu=0 peer=2
jscs-backuppool-5090test-091606:188079:188521 [7] NCCL INFO [YT-TRACE] [TOPO] path link=10 bw=25 hops=4 gpu=0 to_type=5 to_id=0x0
jscs-backuppool-5090test-091606:188079:188514 [1] NCCL INFO [YT-TRACE] [TOPO] path link=0 bw=40 hops=5 gpu=0 peer=7
jscs-backuppool-5090test-091606:188079:188514 [1] NCCL INFO [YT-TRACE] [TOPO] path link=0 bw=5000 hops=1 gpu=1 to_type=8 to_id=0x38000
jscs-backuppool-5090test-091606:188079:188514 [1] NCCL INFO [YT-TRACE] [TOPO] path link=4 bw=48 hops=2 gpu=1 to_type=3 to_id=0x0
jscs-backuppool-5090test-091606:188079:188514 [1] NCCL INFO [YT-TRACE] [TOPO] path link=4 bw=48 hops=3 gpu=1 to_type=4 to_id=0x0
jscs-backuppool-5090test-091606:188079:188514 [1] NCCL INFO [YT-TRACE] [TOPO] path link=4 bw=48 hops=3 gpu=1 to_type=8 to_id=0x27000
jscs-backuppool-5090test-091606:188079:188514 [1] NCCL INFO [YT-TRACE] [TOPO] path link=9 bw=40 hops=3 gpu=1 to_type=3 to_id=0x1
jscs-backuppool-5090test-091606:188079:188514 [1] NCCL INFO [YT-TRACE] [TOPO] path link=9 bw=40 hops=3 gpu=1 to_type=3 to_id=0x2
jscs-backuppool-5090test-091606:188079:188514 [1] NCCL INFO [YT-TRACE] [TOPO] path link=9 bw=40 hops=3 gpu=1 to_type=3 to_id=0x3
jscs-backuppool-5090test-091606:188079:188514 [1] NCCL INFO [YT-TRACE] [TOPO] path link=10 bw=25 hops=4 gpu=1 to_type=5 to_id=0x0
jscs-backuppool-5090test-091606:188079:188514 [1] NCCL INFO [YT-TRACE] [TOPO] path link=10 bw=25 hops=4 gpu=1 to_type=5 to_id=0x0
jscs-backuppool-5090test-091606:188079:188514 [1] NCCL INFO [YT-TRACE] [TOPO] path link=10 bw=25 hops=4 gpu=1 to_type=5 to_id=0x0
jscs-backuppool-5090test-091606:188079:188517 [4] NCCL INFO [YT-TRACE] [TOPO] path link=0 bw=40 hops=5 gpu=0 peer=3
jscs-backuppool-5090test-091606:188079:188514 [1] NCCL INFO [YT-TRACE] [TOPO] path link=10 bw=25 hops=4 gpu=1 to_type=5 to_id=0x0
jscs-backuppool-5090test-091606:188079:188514 [1] NCCL INFO [YT-TRACE] [TOPO] path link=0 bw=48 hops=4 gpu=1 peer=0
jscs-backuppool-5090test-091606:188079:188514 [1] NCCL INFO [YT-TRACE] [TOPO] path link=4 bw=40 hops=4 gpu=1 to_type=8 to_id=0x49000
jscs-backuppool-5090test-091606:188079:188514 [1] NCCL INFO [YT-TRACE] [TOPO] path link=4 bw=40 hops=4 gpu=1 to_type=8 to_id=0x5a000
jscs-backuppool-5090test-091606:188079:188514 [1] NCCL INFO [YT-TRACE] [TOPO] path link=4 bw=40 hops=4 gpu=1 to_type=8 to_id=0x98000
jscs-backuppool-5090test-091606:188079:188514 [1] NCCL INFO [YT-TRACE] [TOPO] path link=4 bw=40 hops=4 gpu=1 to_type=8 to_id=0xa8000
jscs-backuppool-5090test-091606:188079:188514 [1] NCCL INFO [YT-TRACE] [TOPO] path link=4 bw=40 hops=4 gpu=1 to_type=8 to_id=0xb8000
jscs-backuppool-5090test-091606:188079:188514 [1] NCCL INFO [YT-TRACE] [TOPO] path link=4 bw=40 hops=4 gpu=1 to_type=8 to_id=0xc8000
jscs-backuppool-5090test-091606:188079:188521 [7] NCCL INFO [YT-TRACE] [TOPO] path link=10 bw=25 hops=4 gpu=0 to_type=5 to_id=0x0
jscs-backuppool-5090test-091606:188079:188514 [1] NCCL INFO [YT-TRACE] [TOPO] path link=0 bw=40 hops=5 gpu=1 peer=2
jscs-backuppool-5090test-091606:188079:188514 [1] NCCL INFO [YT-TRACE] [TOPO] path link=0 bw=40 hops=5 gpu=1 peer=3
jscs-backuppool-5090test-091606:188079:188514 [1] NCCL INFO [YT-TRACE] [TOPO] path link=0 bw=40 hops=5 gpu=1 peer=4
jscs-backuppool-5090test-091606:188079:188514 [1] NCCL INFO [YT-TRACE] [TOPO] path link=0 bw=40 hops=5 gpu=1 peer=5
jscs-backuppool-5090test-091606:188079:188514 [1] NCCL INFO [YT-TRACE] [TOPO] path link=0 bw=40 hops=5 gpu=1 peer=6
jscs-backuppool-5090test-091606:188079:188514 [1] NCCL INFO [YT-TRACE] [TOPO] path link=0 bw=40 hops=5 gpu=1 peer=7
jscs-backuppool-5090test-091606:188079:188514 [1] NCCL INFO [YT-TRACE] [TOPO] path link=0 bw=5000 hops=1 gpu=2 to_type=8 to_id=0x49000
jscs-backuppool-5090test-091606:188079:188514 [1] NCCL INFO [YT-TRACE] [TOPO] path link=4 bw=48 hops=2 gpu=2 to_type=3 to_id=0x1
jscs-backuppool-5090test-091606:188079:188514 [1] NCCL INFO [YT-TRACE] [TOPO] path link=4 bw=48 hops=3 gpu=2 to_type=8 to_id=0x5a000
jscs-backuppool-5090test-091606:188079:188514 [1] NCCL INFO [YT-TRACE] [TOPO] path link=9 bw=40 hops=3 gpu=2 to_type=3 to_id=0x0
jscs-backuppool-5090test-091606:188079:188517 [4] NCCL INFO [YT-TRACE] [TOPO] path link=0 bw=40 hops=5 gpu=0 peer=4
jscs-backuppool-5090test-091606:188079:188514 [1] NCCL INFO [YT-TRACE] [TOPO] path link=9 bw=40 hops=3 gpu=2 to_type=3 to_id=0x2
jscs-backuppool-5090test-091606:188079:188514 [1] NCCL INFO [YT-TRACE] [TOPO] path link=9 bw=40 hops=3 gpu=2 to_type=3 to_id=0x3
jscs-backuppool-5090test-091606:188079:188514 [1] NCCL INFO [YT-TRACE] [TOPO] path link=0 bw=48 hops=4 gpu=2 peer=3
jscs-backuppool-5090test-091606:188079:188514 [1] NCCL INFO [YT-TRACE] [TOPO] path link=4 bw=40 hops=4 gpu=2 to_type=4 to_id=0x0
jscs-backuppool-5090test-091606:188079:188514 [1] NCCL INFO [YT-TRACE] [TOPO] path link=4 bw=40 hops=4 gpu=2 to_type=8 to_id=0x27000
jscs-backuppool-5090test-091606:188079:188514 [1] NCCL INFO [YT-TRACE] [TOPO] path link=4 bw=40 hops=4 gpu=2 to_type=8 to_id=0x38000
jscs-backuppool-5090test-091606:188079:188521 [7] NCCL INFO [YT-TRACE] [TOPO] path link=10 bw=25 hops=4 gpu=0 to_type=5 to_id=0x0
jscs-backuppool-5090test-091606:188079:188514 [1] NCCL INFO [YT-TRACE] [TOPO] path link=4 bw=40 hops=4 gpu=2 to_type=8 to_id=0x98000
jscs-backuppool-5090test-091606:188079:188514 [1] NCCL INFO [YT-TRACE] [TOPO] path link=4 bw=40 hops=4 gpu=2 to_type=8 to_id=0xa8000
jscs-backuppool-5090test-091606:188079:188514 [1] NCCL INFO [YT-TRACE] [TOPO] path link=4 bw=40 hops=4 gpu=2 to_type=8 to_id=0xb8000
jscs-backuppool-5090test-091606:188079:188514 [1] NCCL INFO [YT-TRACE] [TOPO] path link=4 bw=40 hops=4 gpu=2 to_type=8 to_id=0xc8000
jscs-backuppool-5090test-091606:188079:188514 [1] NCCL INFO [YT-TRACE] [TOPO] path link=10 bw=25 hops=5 gpu=2 to_type=5 to_id=0x0
jscs-backuppool-5090test-091606:188079:188514 [1] NCCL INFO [YT-TRACE] [TOPO] path link=10 bw=25 hops=5 gpu=2 to_type=5 to_id=0x0
jscs-backuppool-5090test-091606:188079:188514 [1] NCCL INFO [YT-TRACE] [TOPO] path link=10 bw=25 hops=5 gpu=2 to_type=5 to_id=0x0
jscs-backuppool-5090test-091606:188079:188514 [1] NCCL INFO [YT-TRACE] [TOPO] path link=10 bw=25 hops=5 gpu=2 to_type=5 to_id=0x0
jscs-backuppool-5090test-091606:188079:188514 [1] NCCL INFO [YT-TRACE] [TOPO] path link=0 bw=40 hops=5 gpu=2 peer=0
jscs-backuppool-5090test-091606:188079:188514 [1] NCCL INFO [YT-TRACE] [TOPO] path link=0 bw=40 hops=5 gpu=2 peer=1
jscs-backuppool-5090test-091606:188079:188514 [1] NCCL INFO [YT-TRACE] [TOPO] path link=0 bw=40 hops=5 gpu=2 peer=4
jscs-backuppool-5090test-091606:188079:188517 [4] NCCL INFO [YT-TRACE] [TOPO] path link=0 bw=40 hops=5 gpu=0 peer=5
jscs-backuppool-5090test-091606:188079:188514 [1] NCCL INFO [YT-TRACE] [TOPO] path link=0 bw=40 hops=5 gpu=2 peer=5
jscs-backuppool-5090test-091606:188079:188514 [1] NCCL INFO [YT-TRACE] [TOPO] path link=0 bw=40 hops=5 gpu=2 peer=6
jscs-backuppool-5090test-091606:188079:188514 [1] NCCL INFO [YT-TRACE] [TOPO] path link=0 bw=40 hops=5 gpu=2 peer=7
jscs-backuppool-5090test-091606:188079:188514 [1] NCCL INFO [YT-TRACE] [TOPO] path link=0 bw=5000 hops=1 gpu=3 to_type=8 to_id=0x5a000
jscs-backuppool-5090test-091606:188079:188514 [1] NCCL INFO [YT-TRACE] [TOPO] path link=4 bw=48 hops=2 gpu=3 to_type=3 to_id=0x1
jscs-backuppool-5090test-091606:188079:188514 [1] NCCL INFO [YT-TRACE] [TOPO] path link=4 bw=48 hops=3 gpu=3 to_type=8 to_id=0x49000
jscs-backuppool-5090test-091606:188079:188514 [1] NCCL INFO [YT-TRACE] [TOPO] path link=9 bw=40 hops=3 gpu=3 to_type=3 to_id=0x0
jscs-backuppool-5090test-091606:188079:188514 [1] NCCL INFO [YT-TRACE] [TOPO] path link=9 bw=40 hops=3 gpu=3 to_type=3 to_id=0x2
jscs-backuppool-5090test-091606:188079:188514 [1] NCCL INFO [YT-TRACE] [TOPO] path link=9 bw=40 hops=3 gpu=3 to_type=3 to_id=0x3
jscs-backuppool-5090test-091606:188079:188514 [1] NCCL INFO [YT-TRACE] [TOPO] path link=0 bw=48 hops=4 gpu=3 peer=2
jscs-backuppool-5090test-091606:188079:188514 [1] NCCL INFO [YT-TRACE] [TOPO] path link=4 bw=40 hops=4 gpu=3 to_type=4 to_id=0x0
jscs-backuppool-5090test-091606:188079:188514 [1] NCCL INFO [YT-TRACE] [TOPO] path link=4 bw=40 hops=4 gpu=3 to_type=8 to_id=0x27000
jscs-backuppool-5090test-091606:188079:188514 [1] NCCL INFO [YT-TRACE] [TOPO] path link=4 bw=40 hops=4 gpu=3 to_type=8 to_id=0x38000
jscs-backuppool-5090test-091606:188079:188514 [1] NCCL INFO [YT-TRACE] [TOPO] path link=4 bw=40 hops=4 gpu=3 to_type=8 to_id=0x98000
jscs-backuppool-5090test-091606:188079:188514 [1] NCCL INFO [YT-TRACE] [TOPO] path link=4 bw=40 hops=4 gpu=3 to_type=8 to_id=0xa8000
jscs-backuppool-5090test-091606:188079:188514 [1] NCCL INFO [YT-TRACE] [TOPO] path link=4 bw=40 hops=4 gpu=3 to_type=8 to_id=0xb8000
jscs-backuppool-5090test-091606:188079:188514 [1] NCCL INFO [YT-TRACE] [TOPO] path link=4 bw=40 hops=4 gpu=3 to_type=8 to_id=0xc8000
jscs-backuppool-5090test-091606:188079:188521 [7] NCCL INFO [YT-TRACE] [TOPO] path link=0 bw=48 hops=4 gpu=0 peer=1
jscs-backuppool-5090test-091606:188079:188517 [4] NCCL INFO [YT-TRACE] [TOPO] path link=0 bw=40 hops=5 gpu=0 peer=6
jscs-backuppool-5090test-091606:188079:188514 [1] NCCL INFO [YT-TRACE] [TOPO] path link=10 bw=25 hops=5 gpu=3 to_type=5 to_id=0x0
jscs-backuppool-5090test-091606:188079:188514 [1] NCCL INFO [YT-TRACE] [TOPO] path link=10 bw=25 hops=5 gpu=3 to_type=5 to_id=0x0
jscs-backuppool-5090test-091606:188079:188514 [1] NCCL INFO [YT-TRACE] [TOPO] path link=10 bw=25 hops=5 gpu=3 to_type=5 to_id=0x0
jscs-backuppool-5090test-091606:188079:188514 [1] NCCL INFO [YT-TRACE] [TOPO] path link=10 bw=25 hops=5 gpu=3 to_type=5 to_id=0x0
jscs-backuppool-5090test-091606:188079:188514 [1] NCCL INFO [YT-TRACE] [TOPO] path link=0 bw=40 hops=5 gpu=3 peer=0
jscs-backuppool-5090test-091606:188079:188514 [1] NCCL INFO [YT-TRACE] [TOPO] path link=0 bw=40 hops=5 gpu=3 peer=1
jscs-backuppool-5090test-091606:188079:188514 [1] NCCL INFO [YT-TRACE] [TOPO] path link=0 bw=40 hops=5 gpu=3 peer=4
jscs-backuppool-5090test-091606:188079:188514 [1] NCCL INFO [YT-TRACE] [TOPO] path link=0 bw=40 hops=5 gpu=3 peer=5
jscs-backuppool-5090test-091606:188079:188514 [1] NCCL INFO [YT-TRACE] [TOPO] path link=0 bw=40 hops=5 gpu=3 peer=6
jscs-backuppool-5090test-091606:188079:188514 [1] NCCL INFO [YT-TRACE] [TOPO] path link=0 bw=40 hops=5 gpu=3 peer=7
jscs-backuppool-5090test-091606:188079:188514 [1] NCCL INFO [YT-TRACE] [TOPO] path link=0 bw=5000 hops=1 gpu=4 to_type=8 to_id=0x98000
jscs-backuppool-5090test-091606:188079:188514 [1] NCCL INFO [YT-TRACE] [TOPO] path link=4 bw=48 hops=2 gpu=4 to_type=3 to_id=0x2
jscs-backuppool-5090test-091606:188079:188514 [1] NCCL INFO [YT-TRACE] [TOPO] path link=4 bw=48 hops=3 gpu=4 to_type=8 to_id=0xa8000
jscs-backuppool-5090test-091606:188079:188514 [1] NCCL INFO [YT-TRACE] [TOPO] path link=4 bw=48 hops=3 gpu=4 to_type=8 to_id=0xb8000
jscs-backuppool-5090test-091606:188079:188514 [1] NCCL INFO [YT-TRACE] [TOPO] path link=9 bw=40 hops=3 gpu=4 to_type=3 to_id=0x0
jscs-backuppool-5090test-091606:188079:188514 [1] NCCL INFO [YT-TRACE] [TOPO] path link=9 bw=40 hops=3 gpu=4 to_type=3 to_id=0x1
jscs-backuppool-5090test-091606:188079:188514 [1] NCCL INFO [YT-TRACE] [TOPO] path link=9 bw=40 hops=3 gpu=4 to_type=3 to_id=0x3
jscs-backuppool-5090test-091606:188079:188514 [1] NCCL INFO [YT-TRACE] [TOPO] path link=0 bw=48 hops=4 gpu=4 peer=5
jscs-backuppool-5090test-091606:188079:188514 [1] NCCL INFO [YT-TRACE] [TOPO] path link=0 bw=48 hops=4 gpu=4 peer=6
jscs-backuppool-5090test-091606:188079:188514 [1] NCCL INFO [YT-TRACE] [TOPO] path link=4 bw=40 hops=4 gpu=4 to_type=4 to_id=0x0
jscs-backuppool-5090test-091606:188079:188521 [7] NCCL INFO [YT-TRACE] [TOPO] path link=4 bw=40 hops=4 gpu=0 to_type=8 to_id=0x49000
jscs-backuppool-5090test-091606:188079:188517 [4] NCCL INFO [YT-TRACE] [TOPO] path link=0 bw=40 hops=5 gpu=0 peer=7
jscs-backuppool-5090test-091606:188079:188514 [1] NCCL INFO [YT-TRACE] [TOPO] path link=4 bw=40 hops=4 gpu=4 to_type=8 to_id=0x27000
jscs-backuppool-5090test-091606:188079:188514 [1] NCCL INFO [YT-TRACE] [TOPO] path link=4 bw=40 hops=4 gpu=4 to_type=8 to_id=0x38000
jscs-backuppool-5090test-091606:188079:188514 [1] NCCL INFO [YT-TRACE] [TOPO] path link=4 bw=40 hops=4 gpu=4 to_type=8 to_id=0x49000
jscs-backuppool-5090test-091606:188079:188514 [1] NCCL INFO [YT-TRACE] [TOPO] path link=4 bw=40 hops=4 gpu=4 to_type=8 to_id=0x5a000
jscs-backuppool-5090test-091606:188079:188514 [1] NCCL INFO [YT-TRACE] [TOPO] path link=4 bw=40 hops=4 gpu=4 to_type=8 to_id=0xc8000
jscs-backuppool-5090test-091606:188079:188517 [4] NCCL INFO [YT-TRACE] [TOPO] path link=0 bw=5000 hops=1 gpu=1 to_type=8 to_id=0x38000
jscs-backuppool-5090test-091606:188079:188517 [4] NCCL INFO [YT-TRACE] [TOPO] path link=4 bw=48 hops=2 gpu=1 to_type=3 to_id=0x0
jscs-backuppool-5090test-091606:188079:188517 [4] NCCL INFO [YT-TRACE] [TOPO] path link=4 bw=48 hops=3 gpu=1 to_type=4 to_id=0x0
jscs-backuppool-5090test-091606:188079:188514 [1] NCCL INFO [YT-TRACE] [TOPO] path link=10 bw=25 hops=5 gpu=4 to_type=5 to_id=0x0
jscs-backuppool-5090test-091606:188079:188514 [1] NCCL INFO [YT-TRACE] [TOPO] path link=10 bw=25 hops=5 gpu=4 to_type=5 to_id=0x0
jscs-backuppool-5090test-091606:188079:188514 [1] NCCL INFO [YT-TRACE] [TOPO] path link=10 bw=25 hops=5 gpu=4 to_type=5 to_id=0x0
jscs-backuppool-5090test-091606:188079:188514 [1] NCCL INFO [YT-TRACE] [TOPO] path link=10 bw=25 hops=5 gpu=4 to_type=5 to_id=0x0
jscs-backuppool-5090test-091606:188079:188514 [1] NCCL INFO [YT-TRACE] [TOPO] path link=0 bw=40 hops=5 gpu=4 peer=0
jscs-backuppool-5090test-091606:188079:188514 [1] NCCL INFO [YT-TRACE] [TOPO] path link=0 bw=40 hops=5 gpu=4 peer=1
jscs-backuppool-5090test-091606:188079:188517 [4] NCCL INFO [YT-TRACE] [TOPO] path link=4 bw=48 hops=3 gpu=1 to_type=8 to_id=0x27000
jscs-backuppool-5090test-091606:188079:188521 [7] NCCL INFO [YT-TRACE] [TOPO] path link=4 bw=40 hops=4 gpu=0 to_type=8 to_id=0x5a000
jscs-backuppool-5090test-091606:188079:188517 [4] NCCL INFO [YT-TRACE] [TOPO] path link=9 bw=40 hops=3 gpu=1 to_type=3 to_id=0x1
jscs-backuppool-5090test-091606:188079:188517 [4] NCCL INFO [YT-TRACE] [TOPO] path link=9 bw=40 hops=3 gpu=1 to_type=3 to_id=0x2
jscs-backuppool-5090test-091606:188079:188517 [4] NCCL INFO [YT-TRACE] [TOPO] path link=9 bw=40 hops=3 gpu=1 to_type=3 to_id=0x3
jscs-backuppool-5090test-091606:188079:188517 [4] NCCL INFO [YT-TRACE] [TOPO] path link=10 bw=25 hops=4 gpu=1 to_type=5 to_id=0x0
jscs-backuppool-5090test-091606:188079:188514 [1] NCCL INFO [YT-TRACE] [TOPO] path link=0 bw=40 hops=5 gpu=4 peer=2
jscs-backuppool-5090test-091606:188079:188514 [1] NCCL INFO [YT-TRACE] [TOPO] path link=0 bw=40 hops=5 gpu=4 peer=3
jscs-backuppool-5090test-091606:188079:188514 [1] NCCL INFO [YT-TRACE] [TOPO] path link=0 bw=40 hops=5 gpu=4 peer=7
jscs-backuppool-5090test-091606:188079:188514 [1] NCCL INFO [YT-TRACE] [TOPO] path link=0 bw=5000 hops=1 gpu=5 to_type=8 to_id=0xa8000
jscs-backuppool-5090test-091606:188079:188514 [1] NCCL INFO [YT-TRACE] [TOPO] path link=4 bw=48 hops=2 gpu=5 to_type=3 to_id=0x2
jscs-backuppool-5090test-091606:188079:188514 [1] NCCL INFO [YT-TRACE] [TOPO] path link=4 bw=48 hops=3 gpu=5 to_type=8 to_id=0x98000
jscs-backuppool-5090test-091606:188079:188517 [4] NCCL INFO [YT-TRACE] [TOPO] path link=10 bw=25 hops=4 gpu=1 to_type=5 to_id=0x0
jscs-backuppool-5090test-091606:188079:188517 [4] NCCL INFO [YT-TRACE] [TOPO] path link=10 bw=25 hops=4 gpu=1 to_type=5 to_id=0x0
jscs-backuppool-5090test-091606:188079:188517 [4] NCCL INFO [YT-TRACE] [TOPO] path link=10 bw=25 hops=4 gpu=1 to_type=5 to_id=0x0
jscs-backuppool-5090test-091606:188079:188514 [1] NCCL INFO [YT-TRACE] [TOPO] path link=4 bw=48 hops=3 gpu=5 to_type=8 to_id=0xb8000
jscs-backuppool-5090test-091606:188079:188514 [1] NCCL INFO [YT-TRACE] [TOPO] path link=9 bw=40 hops=3 gpu=5 to_type=3 to_id=0x0
jscs-backuppool-5090test-091606:188079:188521 [7] NCCL INFO [YT-TRACE] [TOPO] path link=4 bw=40 hops=4 gpu=0 to_type=8 to_id=0x98000
jscs-backuppool-5090test-091606:188079:188517 [4] NCCL INFO [YT-TRACE] [TOPO] path link=0 bw=48 hops=4 gpu=1 peer=0
jscs-backuppool-5090test-091606:188079:188517 [4] NCCL INFO [YT-TRACE] [TOPO] path link=4 bw=40 hops=4 gpu=1 to_type=8 to_id=0x49000
jscs-backuppool-5090test-091606:188079:188517 [4] NCCL INFO [YT-TRACE] [TOPO] path link=4 bw=40 hops=4 gpu=1 to_type=8 to_id=0x5a000
jscs-backuppool-5090test-091606:188079:188517 [4] NCCL INFO [YT-TRACE] [TOPO] path link=4 bw=40 hops=4 gpu=1 to_type=8 to_id=0x98000
jscs-backuppool-5090test-091606:188079:188517 [4] NCCL INFO [YT-TRACE] [TOPO] path link=4 bw=40 hops=4 gpu=1 to_type=8 to_id=0xa8000
jscs-backuppool-5090test-091606:188079:188514 [1] NCCL INFO [YT-TRACE] [TOPO] path link=9 bw=40 hops=3 gpu=5 to_type=3 to_id=0x1
jscs-backuppool-5090test-091606:188079:188514 [1] NCCL INFO [YT-TRACE] [TOPO] path link=9 bw=40 hops=3 gpu=5 to_type=3 to_id=0x3
jscs-backuppool-5090test-091606:188079:188514 [1] NCCL INFO [YT-TRACE] [TOPO] path link=0 bw=48 hops=4 gpu=5 peer=4
jscs-backuppool-5090test-091606:188079:188517 [4] NCCL INFO [YT-TRACE] [TOPO] path link=4 bw=40 hops=4 gpu=1 to_type=8 to_id=0xb8000
jscs-backuppool-5090test-091606:188079:188517 [4] NCCL INFO [YT-TRACE] [TOPO] path link=4 bw=40 hops=4 gpu=1 to_type=8 to_id=0xc8000
jscs-backuppool-5090test-091606:188079:188517 [4] NCCL INFO [YT-TRACE] [TOPO] path link=0 bw=40 hops=5 gpu=1 peer=2
jscs-backuppool-5090test-091606:188079:188514 [1] NCCL INFO [YT-TRACE] [TOPO] path link=0 bw=48 hops=4 gpu=5 peer=6
jscs-backuppool-5090test-091606:188079:188514 [1] NCCL INFO [YT-TRACE] [TOPO] path link=4 bw=40 hops=4 gpu=5 to_type=4 to_id=0x0
jscs-backuppool-5090test-091606:188079:188514 [1] NCCL INFO [YT-TRACE] [TOPO] path link=4 bw=40 hops=4 gpu=5 to_type=8 to_id=0x27000
jscs-backuppool-5090test-091606:188079:188514 [1] NCCL INFO [YT-TRACE] [TOPO] path link=4 bw=40 hops=4 gpu=5 to_type=8 to_id=0x38000
jscs-backuppool-5090test-091606:188079:188514 [1] NCCL INFO [YT-TRACE] [TOPO] path link=4 bw=40 hops=4 gpu=5 to_type=8 to_id=0x49000
jscs-backuppool-5090test-091606:188079:188514 [1] NCCL INFO [YT-TRACE] [TOPO] path link=4 bw=40 hops=4 gpu=5 to_type=8 to_id=0x5a000
jscs-backuppool-5090test-091606:188079:188517 [4] NCCL INFO [YT-TRACE] [TOPO] path link=0 bw=40 hops=5 gpu=1 peer=3
jscs-backuppool-5090test-091606:188079:188517 [4] NCCL INFO [YT-TRACE] [TOPO] path link=0 bw=40 hops=5 gpu=1 peer=4
jscs-backuppool-5090test-091606:188079:188517 [4] NCCL INFO [YT-TRACE] [TOPO] path link=0 bw=40 hops=5 gpu=1 peer=5
jscs-backuppool-5090test-091606:188079:188517 [4] NCCL INFO [YT-TRACE] [TOPO] path link=0 bw=40 hops=5 gpu=1 peer=6
jscs-backuppool-5090test-091606:188079:188517 [4] NCCL INFO [YT-TRACE] [TOPO] path link=0 bw=40 hops=5 gpu=1 peer=7
jscs-backuppool-5090test-091606:188079:188517 [4] NCCL INFO [YT-TRACE] [TOPO] path link=0 bw=5000 hops=1 gpu=2 to_type=8 to_id=0x49000
jscs-backuppool-5090test-091606:188079:188514 [1] NCCL INFO [YT-TRACE] [TOPO] path link=4 bw=40 hops=4 gpu=5 to_type=8 to_id=0xc8000
jscs-backuppool-5090test-091606:188079:188514 [1] NCCL INFO [YT-TRACE] [TOPO] path link=10 bw=25 hops=5 gpu=5 to_type=5 to_id=0x0
jscs-backuppool-5090test-091606:188079:188514 [1] NCCL INFO [YT-TRACE] [TOPO] path link=10 bw=25 hops=5 gpu=5 to_type=5 to_id=0x0
jscs-backuppool-5090test-091606:188079:188517 [4] NCCL INFO [YT-TRACE] [TOPO] path link=4 bw=48 hops=2 gpu=2 to_type=3 to_id=0x1
jscs-backuppool-5090test-091606:188079:188517 [4] NCCL INFO [YT-TRACE] [TOPO] path link=4 bw=48 hops=3 gpu=2 to_type=8 to_id=0x5a000
jscs-backuppool-5090test-091606:188079:188517 [4] NCCL INFO [YT-TRACE] [TOPO] path link=9 bw=40 hops=3 gpu=2 to_type=3 to_id=0x0
jscs-backuppool-5090test-091606:188079:188521 [7] NCCL INFO [YT-TRACE] [TOPO] path link=4 bw=40 hops=4 gpu=0 to_type=8 to_id=0xa8000
jscs-backuppool-5090test-091606:188079:188514 [1] NCCL INFO [YT-TRACE] [TOPO] path link=10 bw=25 hops=5 gpu=5 to_type=5 to_id=0x0
jscs-backuppool-5090test-091606:188079:188517 [4] NCCL INFO [YT-TRACE] [TOPO] path link=9 bw=40 hops=3 gpu=2 to_type=3 to_id=0x2
jscs-backuppool-5090test-091606:188079:188517 [4] NCCL INFO [YT-TRACE] [TOPO] path link=9 bw=40 hops=3 gpu=2 to_type=3 to_id=0x3
jscs-backuppool-5090test-091606:188079:188517 [4] NCCL INFO [YT-TRACE] [TOPO] path link=0 bw=48 hops=4 gpu=2 peer=3
jscs-backuppool-5090test-091606:188079:188514 [1] NCCL INFO [YT-TRACE] [TOPO] path link=10 bw=25 hops=5 gpu=5 to_type=5 to_id=0x0
jscs-backuppool-5090test-091606:188079:188514 [1] NCCL INFO [YT-TRACE] [TOPO] path link=0 bw=40 hops=5 gpu=5 peer=0
jscs-backuppool-5090test-091606:188079:188514 [1] NCCL INFO [YT-TRACE] [TOPO] path link=0 bw=40 hops=5 gpu=5 peer=1
jscs-backuppool-5090test-091606:188079:188514 [1] NCCL INFO [YT-TRACE] [TOPO] path link=0 bw=40 hops=5 gpu=5 peer=2
jscs-backuppool-5090test-091606:188079:188514 [1] NCCL INFO [YT-TRACE] [TOPO] path link=0 bw=40 hops=5 gpu=5 peer=3
jscs-backuppool-5090test-091606:188079:188514 [1] NCCL INFO [YT-TRACE] [TOPO] path link=0 bw=40 hops=5 gpu=5 peer=7
jscs-backuppool-5090test-091606:188079:188514 [1] NCCL INFO [YT-TRACE] [TOPO] path link=0 bw=5000 hops=1 gpu=6 to_type=8 to_id=0xb8000
jscs-backuppool-5090test-091606:188079:188514 [1] NCCL INFO [YT-TRACE] [TOPO] path link=4 bw=48 hops=2 gpu=6 to_type=3 to_id=0x2
jscs-backuppool-5090test-091606:188079:188514 [1] NCCL INFO [YT-TRACE] [TOPO] path link=4 bw=48 hops=3 gpu=6 to_type=8 to_id=0x98000
jscs-backuppool-5090test-091606:188079:188517 [4] NCCL INFO [YT-TRACE] [TOPO] path link=4 bw=40 hops=4 gpu=2 to_type=4 to_id=0x0
jscs-backuppool-5090test-091606:188079:188517 [4] NCCL INFO [YT-TRACE] [TOPO] path link=4 bw=40 hops=4 gpu=2 to_type=8 to_id=0x27000
jscs-backuppool-5090test-091606:188079:188517 [4] NCCL INFO [YT-TRACE] [TOPO] path link=4 bw=40 hops=4 gpu=2 to_type=8 to_id=0x38000
jscs-backuppool-5090test-091606:188079:188514 [1] NCCL INFO [YT-TRACE] [TOPO] path link=4 bw=48 hops=3 gpu=6 to_type=8 to_id=0xa8000
jscs-backuppool-5090test-091606:188079:188514 [1] NCCL INFO [YT-TRACE] [TOPO] path link=9 bw=40 hops=3 gpu=6 to_type=3 to_id=0x0
jscs-backuppool-5090test-091606:188079:188514 [1] NCCL INFO [YT-TRACE] [TOPO] path link=9 bw=40 hops=3 gpu=6 to_type=3 to_id=0x1
jscs-backuppool-5090test-091606:188079:188514 [1] NCCL INFO [YT-TRACE] [TOPO] path link=9 bw=40 hops=3 gpu=6 to_type=3 to_id=0x3
jscs-backuppool-5090test-091606:188079:188517 [4] NCCL INFO [YT-TRACE] [TOPO] path link=4 bw=40 hops=4 gpu=2 to_type=8 to_id=0x98000
jscs-backuppool-5090test-091606:188079:188517 [4] NCCL INFO [YT-TRACE] [TOPO] path link=4 bw=40 hops=4 gpu=2 to_type=8 to_id=0xa8000
jscs-backuppool-5090test-091606:188079:188517 [4] NCCL INFO [YT-TRACE] [TOPO] path link=4 bw=40 hops=4 gpu=2 to_type=8 to_id=0xb8000
jscs-backuppool-5090test-091606:188079:188514 [1] NCCL INFO [YT-TRACE] [TOPO] path link=0 bw=48 hops=4 gpu=6 peer=4
jscs-backuppool-5090test-091606:188079:188514 [1] NCCL INFO [YT-TRACE] [TOPO] path link=0 bw=48 hops=4 gpu=6 peer=5
jscs-backuppool-5090test-091606:188079:188514 [1] NCCL INFO [YT-TRACE] [TOPO] path link=4 bw=40 hops=4 gpu=6 to_type=4 to_id=0x0
jscs-backuppool-5090test-091606:188079:188517 [4] NCCL INFO [YT-TRACE] [TOPO] path link=4 bw=40 hops=4 gpu=2 to_type=8 to_id=0xc8000
jscs-backuppool-5090test-091606:188079:188514 [1] NCCL INFO [YT-TRACE] [TOPO] path link=4 bw=40 hops=4 gpu=6 to_type=8 to_id=0x27000
jscs-backuppool-5090test-091606:188079:188514 [1] NCCL INFO [YT-TRACE] [TOPO] path link=4 bw=40 hops=4 gpu=6 to_type=8 to_id=0x38000
jscs-backuppool-5090test-091606:188079:188514 [1] NCCL INFO [YT-TRACE] [TOPO] path link=4 bw=40 hops=4 gpu=6 to_type=8 to_id=0x49000
jscs-backuppool-5090test-091606:188079:188514 [1] NCCL INFO [YT-TRACE] [TOPO] path link=4 bw=40 hops=4 gpu=6 to_type=8 to_id=0x5a000
jscs-backuppool-5090test-091606:188079:188514 [1] NCCL INFO [YT-TRACE] [TOPO] path link=4 bw=40 hops=4 gpu=6 to_type=8 to_id=0xc8000
jscs-backuppool-5090test-091606:188079:188514 [1] NCCL INFO [YT-TRACE] [TOPO] path link=10 bw=25 hops=5 gpu=6 to_type=5 to_id=0x0
jscs-backuppool-5090test-091606:188079:188514 [1] NCCL INFO [YT-TRACE] [TOPO] path link=10 bw=25 hops=5 gpu=6 to_type=5 to_id=0x0
jscs-backuppool-5090test-091606:188079:188514 [1] NCCL INFO [YT-TRACE] [TOPO] path link=10 bw=25 hops=5 gpu=6 to_type=5 to_id=0x0
jscs-backuppool-5090test-091606:188079:188514 [1] NCCL INFO [YT-TRACE] [TOPO] path link=10 bw=25 hops=5 gpu=6 to_type=5 to_id=0x0
jscs-backuppool-5090test-091606:188079:188514 [1] NCCL INFO [YT-TRACE] [TOPO] path link=0 bw=40 hops=5 gpu=6 peer=0
jscs-backuppool-5090test-091606:188079:188514 [1] NCCL INFO [YT-TRACE] [TOPO] path link=0 bw=40 hops=5 gpu=6 peer=1
jscs-backuppool-5090test-091606:188079:188514 [1] NCCL INFO [YT-TRACE] [TOPO] path link=0 bw=40 hops=5 gpu=6 peer=2
jscs-backuppool-5090test-091606:188079:188514 [1] NCCL INFO [YT-TRACE] [TOPO] path link=0 bw=40 hops=5 gpu=6 peer=3
jscs-backuppool-5090test-091606:188079:188514 [1] NCCL INFO [YT-TRACE] [TOPO] path link=0 bw=40 hops=5 gpu=6 peer=7
jscs-backuppool-5090test-091606:188079:188514 [1] NCCL INFO [YT-TRACE] [TOPO] path link=0 bw=5000 hops=1 gpu=7 to_type=8 to_id=0xc8000
jscs-backuppool-5090test-091606:188079:188514 [1] NCCL INFO [YT-TRACE] [TOPO] path link=4 bw=48 hops=2 gpu=7 to_type=3 to_id=0x3
jscs-backuppool-5090test-091606:188079:188514 [1] NCCL INFO [YT-TRACE] [TOPO] path link=9 bw=40 hops=3 gpu=7 to_type=3 to_id=0x0
jscs-backuppool-5090test-091606:188079:188514 [1] NCCL INFO [YT-TRACE] [TOPO] path link=9 bw=40 hops=3 gpu=7 to_type=3 to_id=0x1
jscs-backuppool-5090test-091606:188079:188514 [1] NCCL INFO [YT-TRACE] [TOPO] path link=9 bw=40 hops=3 gpu=7 to_type=3 to_id=0x2
jscs-backuppool-5090test-091606:188079:188514 [1] NCCL INFO [YT-TRACE] [TOPO] path link=4 bw=40 hops=4 gpu=7 to_type=4 to_id=0x0
jscs-backuppool-5090test-091606:188079:188514 [1] NCCL INFO [YT-TRACE] [TOPO] path link=4 bw=40 hops=4 gpu=7 to_type=8 to_id=0x27000
jscs-backuppool-5090test-091606:188079:188514 [1] NCCL INFO [YT-TRACE] [TOPO] path link=4 bw=40 hops=4 gpu=7 to_type=8 to_id=0x38000
jscs-backuppool-5090test-091606:188079:188514 [1] NCCL INFO [YT-TRACE] [TOPO] path link=4 bw=40 hops=4 gpu=7 to_type=8 to_id=0x49000
jscs-backuppool-5090test-091606:188079:188514 [1] NCCL INFO [YT-TRACE] [TOPO] path link=4 bw=40 hops=4 gpu=7 to_type=8 to_id=0x5a000
jscs-backuppool-5090test-091606:188079:188514 [1] NCCL INFO [YT-TRACE] [TOPO] path link=4 bw=40 hops=4 gpu=7 to_type=8 to_id=0x98000
jscs-backuppool-5090test-091606:188079:188514 [1] NCCL INFO [YT-TRACE] [TOPO] path link=4 bw=40 hops=4 gpu=7 to_type=8 to_id=0xa8000
jscs-backuppool-5090test-091606:188079:188514 [1] NCCL INFO [YT-TRACE] [TOPO] path link=4 bw=40 hops=4 gpu=7 to_type=8 to_id=0xb8000
jscs-backuppool-5090test-091606:188079:188514 [1] NCCL INFO [YT-TRACE] [TOPO] path link=10 bw=25 hops=5 gpu=7 to_type=5 to_id=0x0
jscs-backuppool-5090test-091606:188079:188514 [1] NCCL INFO [YT-TRACE] [TOPO] path link=10 bw=25 hops=5 gpu=7 to_type=5 to_id=0x0
jscs-backuppool-5090test-091606:188079:188514 [1] NCCL INFO [YT-TRACE] [TOPO] path link=10 bw=25 hops=5 gpu=7 to_type=5 to_id=0x0
jscs-backuppool-5090test-091606:188079:188514 [1] NCCL INFO [YT-TRACE] [TOPO] path link=10 bw=25 hops=5 gpu=7 to_type=5 to_id=0x0
jscs-backuppool-5090test-091606:188079:188514 [1] NCCL INFO [YT-TRACE] [TOPO] path link=0 bw=40 hops=5 gpu=7 peer=0
jscs-backuppool-5090test-091606:188079:188514 [1] NCCL INFO [YT-TRACE] [TOPO] path link=0 bw=40 hops=5 gpu=7 peer=1
jscs-backuppool-5090test-091606:188079:188514 [1] NCCL INFO [YT-TRACE] [TOPO] path link=0 bw=40 hops=5 gpu=7 peer=2
jscs-backuppool-5090test-091606:188079:188514 [1] NCCL INFO [YT-TRACE] [TOPO] path link=0 bw=40 hops=5 gpu=7 peer=3
jscs-backuppool-5090test-091606:188079:188514 [1] NCCL INFO [YT-TRACE] [TOPO] path link=0 bw=40 hops=5 gpu=7 peer=4
jscs-backuppool-5090test-091606:188079:188514 [1] NCCL INFO [YT-TRACE] [TOPO] path link=0 bw=40 hops=5 gpu=7 peer=5
jscs-backuppool-5090test-091606:188079:188514 [1] NCCL INFO [YT-TRACE] [TOPO] path link=0 bw=40 hops=5 gpu=7 peer=6
jscs-backuppool-5090test-091606:188079:188517 [4] NCCL INFO [YT-TRACE] [TOPO] path link=10 bw=25 hops=5 gpu=2 to_type=5 to_id=0x0
jscs-backuppool-5090test-091606:188079:188517 [4] NCCL INFO [YT-TRACE] [TOPO] path link=10 bw=25 hops=5 gpu=2 to_type=5 to_id=0x0
jscs-backuppool-5090test-091606:188079:188517 [4] NCCL INFO [YT-TRACE] [TOPO] path link=10 bw=25 hops=5 gpu=2 to_type=5 to_id=0x0
jscs-backuppool-5090test-091606:188079:188517 [4] NCCL INFO [YT-TRACE] [TOPO] path link=10 bw=25 hops=5 gpu=2 to_type=5 to_id=0x0
jscs-backuppool-5090test-091606:188079:188517 [4] NCCL INFO [YT-TRACE] [TOPO] path link=0 bw=40 hops=5 gpu=2 peer=0
jscs-backuppool-5090test-091606:188079:188517 [4] NCCL INFO [YT-TRACE] [TOPO] path link=0 bw=40 hops=5 gpu=2 peer=1
jscs-backuppool-5090test-091606:188079:188517 [4] NCCL INFO [YT-TRACE] [TOPO] path link=0 bw=40 hops=5 gpu=2 peer=4
jscs-backuppool-5090test-091606:188079:188517 [4] NCCL INFO [YT-TRACE] [TOPO] path link=0 bw=40 hops=5 gpu=2 peer=5
jscs-backuppool-5090test-091606:188079:188517 [4] NCCL INFO [YT-TRACE] [TOPO] path link=0 bw=40 hops=5 gpu=2 peer=6
jscs-backuppool-5090test-091606:188079:188517 [4] NCCL INFO [YT-TRACE] [TOPO] path link=0 bw=40 hops=5 gpu=2 peer=7
jscs-backuppool-5090test-091606:188079:188517 [4] NCCL INFO [YT-TRACE] [TOPO] path link=0 bw=5000 hops=1 gpu=3 to_type=8 to_id=0x5a000
jscs-backuppool-5090test-091606:188079:188517 [4] NCCL INFO [YT-TRACE] [TOPO] path link=4 bw=48 hops=2 gpu=3 to_type=3 to_id=0x1
jscs-backuppool-5090test-091606:188079:188517 [4] NCCL INFO [YT-TRACE] [TOPO] path link=4 bw=48 hops=3 gpu=3 to_type=8 to_id=0x49000
jscs-backuppool-5090test-091606:188079:188517 [4] NCCL INFO [YT-TRACE] [TOPO] path link=9 bw=40 hops=3 gpu=3 to_type=3 to_id=0x0
jscs-backuppool-5090test-091606:188079:188517 [4] NCCL INFO [YT-TRACE] [TOPO] path link=9 bw=40 hops=3 gpu=3 to_type=3 to_id=0x2
jscs-backuppool-5090test-091606:188079:188517 [4] NCCL INFO [YT-TRACE] [TOPO] path link=9 bw=40 hops=3 gpu=3 to_type=3 to_id=0x3
jscs-backuppool-5090test-091606:188079:188517 [4] NCCL INFO [YT-TRACE] [TOPO] path link=0 bw=48 hops=4 gpu=3 peer=2
jscs-backuppool-5090test-091606:188079:188517 [4] NCCL INFO [YT-TRACE] [TOPO] path link=4 bw=40 hops=4 gpu=3 to_type=4 to_id=0x0
jscs-backuppool-5090test-091606:188079:188517 [4] NCCL INFO [YT-TRACE] [TOPO] path link=4 bw=40 hops=4 gpu=3 to_type=8 to_id=0x27000
jscs-backuppool-5090test-091606:188079:188517 [4] NCCL INFO [YT-TRACE] [TOPO] path link=4 bw=40 hops=4 gpu=3 to_type=8 to_id=0x38000
jscs-backuppool-5090test-091606:188079:188517 [4] NCCL INFO [YT-TRACE] [TOPO] path link=4 bw=40 hops=4 gpu=3 to_type=8 to_id=0x98000
jscs-backuppool-5090test-091606:188079:188517 [4] NCCL INFO [YT-TRACE] [TOPO] path link=4 bw=40 hops=4 gpu=3 to_type=8 to_id=0xa8000
jscs-backuppool-5090test-091606:188079:188517 [4] NCCL INFO [YT-TRACE] [TOPO] path link=4 bw=40 hops=4 gpu=3 to_type=8 to_id=0xb8000
jscs-backuppool-5090test-091606:188079:188517 [4] NCCL INFO [YT-TRACE] [TOPO] path link=4 bw=40 hops=4 gpu=3 to_type=8 to_id=0xc8000
jscs-backuppool-5090test-091606:188079:188517 [4] NCCL INFO [YT-TRACE] [TOPO] path link=10 bw=25 hops=5 gpu=3 to_type=5 to_id=0x0
jscs-backuppool-5090test-091606:188079:188517 [4] NCCL INFO [YT-TRACE] [TOPO] path link=10 bw=25 hops=5 gpu=3 to_type=5 to_id=0x0
jscs-backuppool-5090test-091606:188079:188517 [4] NCCL INFO [YT-TRACE] [TOPO] path link=10 bw=25 hops=5 gpu=3 to_type=5 to_id=0x0
jscs-backuppool-5090test-091606:188079:188517 [4] NCCL INFO [YT-TRACE] [TOPO] path link=10 bw=25 hops=5 gpu=3 to_type=5 to_id=0x0
jscs-backuppool-5090test-091606:188079:188517 [4] NCCL INFO [YT-TRACE] [TOPO] path link=0 bw=40 hops=5 gpu=3 peer=0
jscs-backuppool-5090test-091606:188079:188517 [4] NCCL INFO [YT-TRACE] [TOPO] path link=0 bw=40 hops=5 gpu=3 peer=1
jscs-backuppool-5090test-091606:188079:188517 [4] NCCL INFO [YT-TRACE] [TOPO] path link=0 bw=40 hops=5 gpu=3 peer=4
jscs-backuppool-5090test-091606:188079:188517 [4] NCCL INFO [YT-TRACE] [TOPO] path link=0 bw=40 hops=5 gpu=3 peer=5
jscs-backuppool-5090test-091606:188079:188517 [4] NCCL INFO [YT-TRACE] [TOPO] path link=0 bw=40 hops=5 gpu=3 peer=6
jscs-backuppool-5090test-091606:188079:188517 [4] NCCL INFO [YT-TRACE] [TOPO] path link=0 bw=40 hops=5 gpu=3 peer=7
jscs-backuppool-5090test-091606:188079:188517 [4] NCCL INFO [YT-TRACE] [TOPO] path link=0 bw=5000 hops=1 gpu=4 to_type=8 to_id=0x98000
jscs-backuppool-5090test-091606:188079:188517 [4] NCCL INFO [YT-TRACE] [TOPO] path link=4 bw=48 hops=2 gpu=4 to_type=3 to_id=0x2
jscs-backuppool-5090test-091606:188079:188517 [4] NCCL INFO [YT-TRACE] [TOPO] path link=4 bw=48 hops=3 gpu=4 to_type=8 to_id=0xa8000
jscs-backuppool-5090test-091606:188079:188517 [4] NCCL INFO [YT-TRACE] [TOPO] path link=4 bw=48 hops=3 gpu=4 to_type=8 to_id=0xb8000
jscs-backuppool-5090test-091606:188079:188517 [4] NCCL INFO [YT-TRACE] [TOPO] path link=9 bw=40 hops=3 gpu=4 to_type=3 to_id=0x0
jscs-backuppool-5090test-091606:188079:188517 [4] NCCL INFO [YT-TRACE] [TOPO] path link=9 bw=40 hops=3 gpu=4 to_type=3 to_id=0x1
jscs-backuppool-5090test-091606:188079:188517 [4] NCCL INFO [YT-TRACE] [TOPO] path link=9 bw=40 hops=3 gpu=4 to_type=3 to_id=0x3
jscs-backuppool-5090test-091606:188079:188517 [4] NCCL INFO [YT-TRACE] [TOPO] path link=0 bw=48 hops=4 gpu=4 peer=5
jscs-backuppool-5090test-091606:188079:188517 [4] NCCL INFO [YT-TRACE] [TOPO] path link=0 bw=48 hops=4 gpu=4 peer=6
jscs-backuppool-5090test-091606:188079:188517 [4] NCCL INFO [YT-TRACE] [TOPO] path link=4 bw=40 hops=4 gpu=4 to_type=4 to_id=0x0
jscs-backuppool-5090test-091606:188079:188517 [4] NCCL INFO [YT-TRACE] [TOPO] path link=4 bw=40 hops=4 gpu=4 to_type=8 to_id=0x27000
jscs-backuppool-5090test-091606:188079:188517 [4] NCCL INFO [YT-TRACE] [TOPO] path link=4 bw=40 hops=4 gpu=4 to_type=8 to_id=0x38000
jscs-backuppool-5090test-091606:188079:188517 [4] NCCL INFO [YT-TRACE] [TOPO] path link=4 bw=40 hops=4 gpu=4 to_type=8 to_id=0x49000
jscs-backuppool-5090test-091606:188079:188517 [4] NCCL INFO [YT-TRACE] [TOPO] path link=4 bw=40 hops=4 gpu=4 to_type=8 to_id=0x5a000
jscs-backuppool-5090test-091606:188079:188517 [4] NCCL INFO [YT-TRACE] [TOPO] path link=4 bw=40 hops=4 gpu=4 to_type=8 to_id=0xc8000
jscs-backuppool-5090test-091606:188079:188517 [4] NCCL INFO [YT-TRACE] [TOPO] path link=10 bw=25 hops=5 gpu=4 to_type=5 to_id=0x0
jscs-backuppool-5090test-091606:188079:188517 [4] NCCL INFO [YT-TRACE] [TOPO] path link=10 bw=25 hops=5 gpu=4 to_type=5 to_id=0x0
jscs-backuppool-5090test-091606:188079:188517 [4] NCCL INFO [YT-TRACE] [TOPO] path link=10 bw=25 hops=5 gpu=4 to_type=5 to_id=0x0
jscs-backuppool-5090test-091606:188079:188517 [4] NCCL INFO [YT-TRACE] [TOPO] path link=10 bw=25 hops=5 gpu=4 to_type=5 to_id=0x0
jscs-backuppool-5090test-091606:188079:188517 [4] NCCL INFO [YT-TRACE] [TOPO] path link=0 bw=40 hops=5 gpu=4 peer=0
jscs-backuppool-5090test-091606:188079:188517 [4] NCCL INFO [YT-TRACE] [TOPO] path link=0 bw=40 hops=5 gpu=4 peer=1
jscs-backuppool-5090test-091606:188079:188517 [4] NCCL INFO [YT-TRACE] [TOPO] path link=0 bw=40 hops=5 gpu=4 peer=2
jscs-backuppool-5090test-091606:188079:188517 [4] NCCL INFO [YT-TRACE] [TOPO] path link=0 bw=40 hops=5 gpu=4 peer=3
jscs-backuppool-5090test-091606:188079:188517 [4] NCCL INFO [YT-TRACE] [TOPO] path link=0 bw=40 hops=5 gpu=4 peer=7
jscs-backuppool-5090test-091606:188079:188517 [4] NCCL INFO [YT-TRACE] [TOPO] path link=0 bw=5000 hops=1 gpu=5 to_type=8 to_id=0xa8000
jscs-backuppool-5090test-091606:188079:188517 [4] NCCL INFO [YT-TRACE] [TOPO] path link=4 bw=48 hops=2 gpu=5 to_type=3 to_id=0x2
jscs-backuppool-5090test-091606:188079:188517 [4] NCCL INFO [YT-TRACE] [TOPO] path link=4 bw=48 hops=3 gpu=5 to_type=8 to_id=0x98000
jscs-backuppool-5090test-091606:188079:188517 [4] NCCL INFO [YT-TRACE] [TOPO] path link=4 bw=48 hops=3 gpu=5 to_type=8 to_id=0xb8000
jscs-backuppool-5090test-091606:188079:188517 [4] NCCL INFO [YT-TRACE] [TOPO] path link=9 bw=40 hops=3 gpu=5 to_type=3 to_id=0x0
jscs-backuppool-5090test-091606:188079:188517 [4] NCCL INFO [YT-TRACE] [TOPO] path link=9 bw=40 hops=3 gpu=5 to_type=3 to_id=0x1
jscs-backuppool-5090test-091606:188079:188517 [4] NCCL INFO [YT-TRACE] [TOPO] path link=9 bw=40 hops=3 gpu=5 to_type=3 to_id=0x3
jscs-backuppool-5090test-091606:188079:188517 [4] NCCL INFO [YT-TRACE] [TOPO] path link=0 bw=48 hops=4 gpu=5 peer=4
jscs-backuppool-5090test-091606:188079:188517 [4] NCCL INFO [YT-TRACE] [TOPO] path link=0 bw=48 hops=4 gpu=5 peer=6
jscs-backuppool-5090test-091606:188079:188517 [4] NCCL INFO [YT-TRACE] [TOPO] path link=4 bw=40 hops=4 gpu=5 to_type=4 to_id=0x0
jscs-backuppool-5090test-091606:188079:188517 [4] NCCL INFO [YT-TRACE] [TOPO] path link=4 bw=40 hops=4 gpu=5 to_type=8 to_id=0x27000
jscs-backuppool-5090test-091606:188079:188517 [4] NCCL INFO [YT-TRACE] [TOPO] path link=4 bw=40 hops=4 gpu=5 to_type=8 to_id=0x38000
jscs-backuppool-5090test-091606:188079:188517 [4] NCCL INFO [YT-TRACE] [TOPO] path link=4 bw=40 hops=4 gpu=5 to_type=8 to_id=0x49000
jscs-backuppool-5090test-091606:188079:188517 [4] NCCL INFO [YT-TRACE] [TOPO] path link=4 bw=40 hops=4 gpu=5 to_type=8 to_id=0x5a000
jscs-backuppool-5090test-091606:188079:188517 [4] NCCL INFO [YT-TRACE] [TOPO] path link=4 bw=40 hops=4 gpu=5 to_type=8 to_id=0xc8000
jscs-backuppool-5090test-091606:188079:188517 [4] NCCL INFO [YT-TRACE] [TOPO] path link=10 bw=25 hops=5 gpu=5 to_type=5 to_id=0x0
jscs-backuppool-5090test-091606:188079:188517 [4] NCCL INFO [YT-TRACE] [TOPO] path link=10 bw=25 hops=5 gpu=5 to_type=5 to_id=0x0
jscs-backuppool-5090test-091606:188079:188517 [4] NCCL INFO [YT-TRACE] [TOPO] path link=10 bw=25 hops=5 gpu=5 to_type=5 to_id=0x0
jscs-backuppool-5090test-091606:188079:188517 [4] NCCL INFO [YT-TRACE] [TOPO] path link=10 bw=25 hops=5 gpu=5 to_type=5 to_id=0x0
jscs-backuppool-5090test-091606:188079:188517 [4] NCCL INFO [YT-TRACE] [TOPO] path link=0 bw=40 hops=5 gpu=5 peer=0
jscs-backuppool-5090test-091606:188079:188517 [4] NCCL INFO [YT-TRACE] [TOPO] path link=0 bw=40 hops=5 gpu=5 peer=1
jscs-backuppool-5090test-091606:188079:188517 [4] NCCL INFO [YT-TRACE] [TOPO] path link=0 bw=40 hops=5 gpu=5 peer=2
jscs-backuppool-5090test-091606:188079:188517 [4] NCCL INFO [YT-TRACE] [TOPO] path link=0 bw=40 hops=5 gpu=5 peer=3
jscs-backuppool-5090test-091606:188079:188517 [4] NCCL INFO [YT-TRACE] [TOPO] path link=0 bw=40 hops=5 gpu=5 peer=7
jscs-backuppool-5090test-091606:188079:188517 [4] NCCL INFO [YT-TRACE] [TOPO] path link=0 bw=5000 hops=1 gpu=6 to_type=8 to_id=0xb8000
jscs-backuppool-5090test-091606:188079:188517 [4] NCCL INFO [YT-TRACE] [TOPO] path link=4 bw=48 hops=2 gpu=6 to_type=3 to_id=0x2
jscs-backuppool-5090test-091606:188079:188517 [4] NCCL INFO [YT-TRACE] [TOPO] path link=4 bw=48 hops=3 gpu=6 to_type=8 to_id=0x98000
jscs-backuppool-5090test-091606:188079:188517 [4] NCCL INFO [YT-TRACE] [TOPO] path link=4 bw=48 hops=3 gpu=6 to_type=8 to_id=0xa8000
jscs-backuppool-5090test-091606:188079:188517 [4] NCCL INFO [YT-TRACE] [TOPO] path link=9 bw=40 hops=3 gpu=6 to_type=3 to_id=0x0
jscs-backuppool-5090test-091606:188079:188517 [4] NCCL INFO [YT-TRACE] [TOPO] path link=9 bw=40 hops=3 gpu=6 to_type=3 to_id=0x1
jscs-backuppool-5090test-091606:188079:188517 [4] NCCL INFO [YT-TRACE] [TOPO] path link=9 bw=40 hops=3 gpu=6 to_type=3 to_id=0x3
jscs-backuppool-5090test-091606:188079:188517 [4] NCCL INFO [YT-TRACE] [TOPO] path link=0 bw=48 hops=4 gpu=6 peer=4
jscs-backuppool-5090test-091606:188079:188517 [4] NCCL INFO [YT-TRACE] [TOPO] path link=0 bw=48 hops=4 gpu=6 peer=5
jscs-backuppool-5090test-091606:188079:188517 [4] NCCL INFO [YT-TRACE] [TOPO] path link=4 bw=40 hops=4 gpu=6 to_type=4 to_id=0x0
jscs-backuppool-5090test-091606:188079:188517 [4] NCCL INFO [YT-TRACE] [TOPO] path link=4 bw=40 hops=4 gpu=6 to_type=8 to_id=0x27000
jscs-backuppool-5090test-091606:188079:188517 [4] NCCL INFO [YT-TRACE] [TOPO] path link=4 bw=40 hops=4 gpu=6 to_type=8 to_id=0x38000
jscs-backuppool-5090test-091606:188079:188517 [4] NCCL INFO [YT-TRACE] [TOPO] path link=4 bw=40 hops=4 gpu=6 to_type=8 to_id=0x49000
jscs-backuppool-5090test-091606:188079:188517 [4] NCCL INFO [YT-TRACE] [TOPO] path link=4 bw=40 hops=4 gpu=6 to_type=8 to_id=0x5a000
jscs-backuppool-5090test-091606:188079:188517 [4] NCCL INFO [YT-TRACE] [TOPO] path link=4 bw=40 hops=4 gpu=6 to_type=8 to_id=0xc8000
jscs-backuppool-5090test-091606:188079:188517 [4] NCCL INFO [YT-TRACE] [TOPO] path link=10 bw=25 hops=5 gpu=6 to_type=5 to_id=0x0
jscs-backuppool-5090test-091606:188079:188517 [4] NCCL INFO [YT-TRACE] [TOPO] path link=10 bw=25 hops=5 gpu=6 to_type=5 to_id=0x0
jscs-backuppool-5090test-091606:188079:188517 [4] NCCL INFO [YT-TRACE] [TOPO] path link=10 bw=25 hops=5 gpu=6 to_type=5 to_id=0x0
jscs-backuppool-5090test-091606:188079:188517 [4] NCCL INFO [YT-TRACE] [TOPO] path link=10 bw=25 hops=5 gpu=6 to_type=5 to_id=0x0
jscs-backuppool-5090test-091606:188079:188517 [4] NCCL INFO [YT-TRACE] [TOPO] path link=0 bw=40 hops=5 gpu=6 peer=0
jscs-backuppool-5090test-091606:188079:188517 [4] NCCL INFO [YT-TRACE] [TOPO] path link=0 bw=40 hops=5 gpu=6 peer=1
jscs-backuppool-5090test-091606:188079:188517 [4] NCCL INFO [YT-TRACE] [TOPO] path link=0 bw=40 hops=5 gpu=6 peer=2
jscs-backuppool-5090test-091606:188079:188517 [4] NCCL INFO [YT-TRACE] [TOPO] path link=0 bw=40 hops=5 gpu=6 peer=3
jscs-backuppool-5090test-091606:188079:188517 [4] NCCL INFO [YT-TRACE] [TOPO] path link=0 bw=40 hops=5 gpu=6 peer=7
jscs-backuppool-5090test-091606:188079:188517 [4] NCCL INFO [YT-TRACE] [TOPO] path link=0 bw=5000 hops=1 gpu=7 to_type=8 to_id=0xc8000
jscs-backuppool-5090test-091606:188079:188517 [4] NCCL INFO [YT-TRACE] [TOPO] path link=4 bw=48 hops=2 gpu=7 to_type=3 to_id=0x3
jscs-backuppool-5090test-091606:188079:188517 [4] NCCL INFO [YT-TRACE] [TOPO] path link=9 bw=40 hops=3 gpu=7 to_type=3 to_id=0x0
jscs-backuppool-5090test-091606:188079:188517 [4] NCCL INFO [YT-TRACE] [TOPO] path link=9 bw=40 hops=3 gpu=7 to_type=3 to_id=0x1
jscs-backuppool-5090test-091606:188079:188517 [4] NCCL INFO [YT-TRACE] [TOPO] path link=9 bw=40 hops=3 gpu=7 to_type=3 to_id=0x2
jscs-backuppool-5090test-091606:188079:188517 [4] NCCL INFO [YT-TRACE] [TOPO] path link=4 bw=40 hops=4 gpu=7 to_type=4 to_id=0x0
jscs-backuppool-5090test-091606:188079:188517 [4] NCCL INFO [YT-TRACE] [TOPO] path link=4 bw=40 hops=4 gpu=7 to_type=8 to_id=0x27000
jscs-backuppool-5090test-091606:188079:188517 [4] NCCL INFO [YT-TRACE] [TOPO] path link=4 bw=40 hops=4 gpu=7 to_type=8 to_id=0x38000
jscs-backuppool-5090test-091606:188079:188517 [4] NCCL INFO [YT-TRACE] [TOPO] path link=4 bw=40 hops=4 gpu=7 to_type=8 to_id=0x49000
jscs-backuppool-5090test-091606:188079:188517 [4] NCCL INFO [YT-TRACE] [TOPO] path link=4 bw=40 hops=4 gpu=7 to_type=8 to_id=0x5a000
jscs-backuppool-5090test-091606:188079:188517 [4] NCCL INFO [YT-TRACE] [TOPO] path link=4 bw=40 hops=4 gpu=7 to_type=8 to_id=0x98000
jscs-backuppool-5090test-091606:188079:188517 [4] NCCL INFO [YT-TRACE] [TOPO] path link=4 bw=40 hops=4 gpu=7 to_type=8 to_id=0xa8000
jscs-backuppool-5090test-091606:188079:188517 [4] NCCL INFO [YT-TRACE] [TOPO] path link=4 bw=40 hops=4 gpu=7 to_type=8 to_id=0xb8000
jscs-backuppool-5090test-091606:188079:188517 [4] NCCL INFO [YT-TRACE] [TOPO] path link=10 bw=25 hops=5 gpu=7 to_type=5 to_id=0x0
jscs-backuppool-5090test-091606:188079:188517 [4] NCCL INFO [YT-TRACE] [TOPO] path link=10 bw=25 hops=5 gpu=7 to_type=5 to_id=0x0
jscs-backuppool-5090test-091606:188079:188517 [4] NCCL INFO [YT-TRACE] [TOPO] path link=10 bw=25 hops=5 gpu=7 to_type=5 to_id=0x0
jscs-backuppool-5090test-091606:188079:188517 [4] NCCL INFO [YT-TRACE] [TOPO] path link=10 bw=25 hops=5 gpu=7 to_type=5 to_id=0x0
jscs-backuppool-5090test-091606:188079:188517 [4] NCCL INFO [YT-TRACE] [TOPO] path link=0 bw=40 hops=5 gpu=7 peer=0
jscs-backuppool-5090test-091606:188079:188517 [4] NCCL INFO [YT-TRACE] [TOPO] path link=0 bw=40 hops=5 gpu=7 peer=1
jscs-backuppool-5090test-091606:188079:188517 [4] NCCL INFO [YT-TRACE] [TOPO] path link=0 bw=40 hops=5 gpu=7 peer=2
jscs-backuppool-5090test-091606:188079:188517 [4] NCCL INFO [YT-TRACE] [TOPO] path link=0 bw=40 hops=5 gpu=7 peer=3
jscs-backuppool-5090test-091606:188079:188517 [4] NCCL INFO [YT-TRACE] [TOPO] path link=0 bw=40 hops=5 gpu=7 peer=4
jscs-backuppool-5090test-091606:188079:188517 [4] NCCL INFO [YT-TRACE] [TOPO] path link=0 bw=40 hops=5 gpu=7 peer=5
jscs-backuppool-5090test-091606:188079:188517 [4] NCCL INFO [YT-TRACE] [TOPO] path link=0 bw=40 hops=5 gpu=7 peer=6
jscs-backuppool-5090test-091606:188079:188521 [7] NCCL INFO [YT-TRACE] [TOPO] path link=4 bw=40 hops=4 gpu=0 to_type=8 to_id=0xb8000
jscs-backuppool-5090test-091606:188079:188521 [7] NCCL INFO [YT-TRACE] [TOPO] path link=4 bw=40 hops=4 gpu=0 to_type=8 to_id=0xc8000
jscs-backuppool-5090test-091606:188079:188521 [7] NCCL INFO [YT-TRACE] [TOPO] path link=0 bw=40 hops=5 gpu=0 peer=2
jscs-backuppool-5090test-091606:188079:188521 [7] NCCL INFO [YT-TRACE] [TOPO] path link=0 bw=40 hops=5 gpu=0 peer=3
jscs-backuppool-5090test-091606:188079:188521 [7] NCCL INFO [YT-TRACE] [TOPO] path link=0 bw=40 hops=5 gpu=0 peer=4
jscs-backuppool-5090test-091606:188079:188521 [7] NCCL INFO [YT-TRACE] [TOPO] path link=0 bw=40 hops=5 gpu=0 peer=5
jscs-backuppool-5090test-091606:188079:188521 [7] NCCL INFO [YT-TRACE] [TOPO] path link=0 bw=40 hops=5 gpu=0 peer=6
jscs-backuppool-5090test-091606:188079:188521 [7] NCCL INFO [YT-TRACE] [TOPO] path link=0 bw=40 hops=5 gpu=0 peer=7
jscs-backuppool-5090test-091606:188079:188521 [7] NCCL INFO [YT-TRACE] [TOPO] path link=0 bw=5000 hops=1 gpu=1 to_type=8 to_id=0x38000
jscs-backuppool-5090test-091606:188079:188521 [7] NCCL INFO [YT-TRACE] [TOPO] path link=4 bw=48 hops=2 gpu=1 to_type=3 to_id=0x0
jscs-backuppool-5090test-091606:188079:188521 [7] NCCL INFO [YT-TRACE] [TOPO] path link=4 bw=48 hops=3 gpu=1 to_type=4 to_id=0x0
jscs-backuppool-5090test-091606:188079:188521 [7] NCCL INFO [YT-TRACE] [TOPO] path link=4 bw=48 hops=3 gpu=1 to_type=8 to_id=0x27000
jscs-backuppool-5090test-091606:188079:188521 [7] NCCL INFO [YT-TRACE] [TOPO] path link=9 bw=40 hops=3 gpu=1 to_type=3 to_id=0x1
jscs-backuppool-5090test-091606:188079:188521 [7] NCCL INFO [YT-TRACE] [TOPO] path link=9 bw=40 hops=3 gpu=1 to_type=3 to_id=0x2
jscs-backuppool-5090test-091606:188079:188521 [7] NCCL INFO [YT-TRACE] [TOPO] path link=9 bw=40 hops=3 gpu=1 to_type=3 to_id=0x3
jscs-backuppool-5090test-091606:188079:188521 [7] NCCL INFO [YT-TRACE] [TOPO] path link=10 bw=25 hops=4 gpu=1 to_type=5 to_id=0x0
jscs-backuppool-5090test-091606:188079:188521 [7] NCCL INFO [YT-TRACE] [TOPO] path link=10 bw=25 hops=4 gpu=1 to_type=5 to_id=0x0
jscs-backuppool-5090test-091606:188079:188521 [7] NCCL INFO [YT-TRACE] [TOPO] path link=10 bw=25 hops=4 gpu=1 to_type=5 to_id=0x0
jscs-backuppool-5090test-091606:188079:188521 [7] NCCL INFO [YT-TRACE] [TOPO] path link=10 bw=25 hops=4 gpu=1 to_type=5 to_id=0x0
jscs-backuppool-5090test-091606:188079:188521 [7] NCCL INFO [YT-TRACE] [TOPO] path link=0 bw=48 hops=4 gpu=1 peer=0
jscs-backuppool-5090test-091606:188079:188521 [7] NCCL INFO [YT-TRACE] [TOPO] path link=4 bw=40 hops=4 gpu=1 to_type=8 to_id=0x49000
jscs-backuppool-5090test-091606:188079:188521 [7] NCCL INFO [YT-TRACE] [TOPO] path link=4 bw=40 hops=4 gpu=1 to_type=8 to_id=0x5a000
jscs-backuppool-5090test-091606:188079:188521 [7] NCCL INFO [YT-TRACE] [TOPO] path link=4 bw=40 hops=4 gpu=1 to_type=8 to_id=0x98000
jscs-backuppool-5090test-091606:188079:188521 [7] NCCL INFO [YT-TRACE] [TOPO] path link=4 bw=40 hops=4 gpu=1 to_type=8 to_id=0xa8000
jscs-backuppool-5090test-091606:188079:188521 [7] NCCL INFO [YT-TRACE] [TOPO] path link=4 bw=40 hops=4 gpu=1 to_type=8 to_id=0xb8000
jscs-backuppool-5090test-091606:188079:188521 [7] NCCL INFO [YT-TRACE] [TOPO] path link=4 bw=40 hops=4 gpu=1 to_type=8 to_id=0xc8000
jscs-backuppool-5090test-091606:188079:188521 [7] NCCL INFO [YT-TRACE] [TOPO] path link=0 bw=40 hops=5 gpu=1 peer=2
jscs-backuppool-5090test-091606:188079:188521 [7] NCCL INFO [YT-TRACE] [TOPO] path link=0 bw=40 hops=5 gpu=1 peer=3
jscs-backuppool-5090test-091606:188079:188521 [7] NCCL INFO [YT-TRACE] [TOPO] path link=0 bw=40 hops=5 gpu=1 peer=4
jscs-backuppool-5090test-091606:188079:188521 [7] NCCL INFO [YT-TRACE] [TOPO] path link=0 bw=40 hops=5 gpu=1 peer=5
jscs-backuppool-5090test-091606:188079:188521 [7] NCCL INFO [YT-TRACE] [TOPO] path link=0 bw=40 hops=5 gpu=1 peer=6
jscs-backuppool-5090test-091606:188079:188521 [7] NCCL INFO [YT-TRACE] [TOPO] path link=0 bw=40 hops=5 gpu=1 peer=7
jscs-backuppool-5090test-091606:188079:188521 [7] NCCL INFO [YT-TRACE] [TOPO] path link=0 bw=5000 hops=1 gpu=2 to_type=8 to_id=0x49000
jscs-backuppool-5090test-091606:188079:188521 [7] NCCL INFO [YT-TRACE] [TOPO] path link=4 bw=48 hops=2 gpu=2 to_type=3 to_id=0x1
jscs-backuppool-5090test-091606:188079:188521 [7] NCCL INFO [YT-TRACE] [TOPO] path link=4 bw=48 hops=3 gpu=2 to_type=8 to_id=0x5a000
jscs-backuppool-5090test-091606:188079:188521 [7] NCCL INFO [YT-TRACE] [TOPO] path link=9 bw=40 hops=3 gpu=2 to_type=3 to_id=0x0
jscs-backuppool-5090test-091606:188079:188521 [7] NCCL INFO [YT-TRACE] [TOPO] path link=9 bw=40 hops=3 gpu=2 to_type=3 to_id=0x2
jscs-backuppool-5090test-091606:188079:188521 [7] NCCL INFO [YT-TRACE] [TOPO] path link=9 bw=40 hops=3 gpu=2 to_type=3 to_id=0x3
jscs-backuppool-5090test-091606:188079:188521 [7] NCCL INFO [YT-TRACE] [TOPO] path link=0 bw=48 hops=4 gpu=2 peer=3
jscs-backuppool-5090test-091606:188079:188521 [7] NCCL INFO [YT-TRACE] [TOPO] path link=4 bw=40 hops=4 gpu=2 to_type=4 to_id=0x0
jscs-backuppool-5090test-091606:188079:188521 [7] NCCL INFO [YT-TRACE] [TOPO] path link=4 bw=40 hops=4 gpu=2 to_type=8 to_id=0x27000
jscs-backuppool-5090test-091606:188079:188521 [7] NCCL INFO [YT-TRACE] [TOPO] path link=4 bw=40 hops=4 gpu=2 to_type=8 to_id=0x38000
jscs-backuppool-5090test-091606:188079:188521 [7] NCCL INFO [YT-TRACE] [TOPO] path link=4 bw=40 hops=4 gpu=2 to_type=8 to_id=0x98000
jscs-backuppool-5090test-091606:188079:188521 [7] NCCL INFO [YT-TRACE] [TOPO] path link=4 bw=40 hops=4 gpu=2 to_type=8 to_id=0xa8000
jscs-backuppool-5090test-091606:188079:188521 [7] NCCL INFO [YT-TRACE] [TOPO] path link=4 bw=40 hops=4 gpu=2 to_type=8 to_id=0xb8000
jscs-backuppool-5090test-091606:188079:188521 [7] NCCL INFO [YT-TRACE] [TOPO] path link=4 bw=40 hops=4 gpu=2 to_type=8 to_id=0xc8000
jscs-backuppool-5090test-091606:188079:188521 [7] NCCL INFO [YT-TRACE] [TOPO] path link=10 bw=25 hops=5 gpu=2 to_type=5 to_id=0x0
jscs-backuppool-5090test-091606:188079:188521 [7] NCCL INFO [YT-TRACE] [TOPO] path link=10 bw=25 hops=5 gpu=2 to_type=5 to_id=0x0
jscs-backuppool-5090test-091606:188079:188521 [7] NCCL INFO [YT-TRACE] [TOPO] path link=10 bw=25 hops=5 gpu=2 to_type=5 to_id=0x0
jscs-backuppool-5090test-091606:188079:188521 [7] NCCL INFO [YT-TRACE] [TOPO] path link=10 bw=25 hops=5 gpu=2 to_type=5 to_id=0x0
jscs-backuppool-5090test-091606:188079:188521 [7] NCCL INFO [YT-TRACE] [TOPO] path link=0 bw=40 hops=5 gpu=2 peer=0
jscs-backuppool-5090test-091606:188079:188521 [7] NCCL INFO [YT-TRACE] [TOPO] path link=0 bw=40 hops=5 gpu=2 peer=1
jscs-backuppool-5090test-091606:188079:188521 [7] NCCL INFO [YT-TRACE] [TOPO] path link=0 bw=40 hops=5 gpu=2 peer=4
jscs-backuppool-5090test-091606:188079:188521 [7] NCCL INFO [YT-TRACE] [TOPO] path link=0 bw=40 hops=5 gpu=2 peer=5
jscs-backuppool-5090test-091606:188079:188521 [7] NCCL INFO [YT-TRACE] [TOPO] path link=0 bw=40 hops=5 gpu=2 peer=6
jscs-backuppool-5090test-091606:188079:188521 [7] NCCL INFO [YT-TRACE] [TOPO] path link=0 bw=40 hops=5 gpu=2 peer=7
jscs-backuppool-5090test-091606:188079:188521 [7] NCCL INFO [YT-TRACE] [TOPO] path link=0 bw=5000 hops=1 gpu=3 to_type=8 to_id=0x5a000
jscs-backuppool-5090test-091606:188079:188521 [7] NCCL INFO [YT-TRACE] [TOPO] path link=4 bw=48 hops=2 gpu=3 to_type=3 to_id=0x1
jscs-backuppool-5090test-091606:188079:188521 [7] NCCL INFO [YT-TRACE] [TOPO] path link=4 bw=48 hops=3 gpu=3 to_type=8 to_id=0x49000
jscs-backuppool-5090test-091606:188079:188521 [7] NCCL INFO [YT-TRACE] [TOPO] path link=9 bw=40 hops=3 gpu=3 to_type=3 to_id=0x0
jscs-backuppool-5090test-091606:188079:188521 [7] NCCL INFO [YT-TRACE] [TOPO] path link=9 bw=40 hops=3 gpu=3 to_type=3 to_id=0x2
jscs-backuppool-5090test-091606:188079:188521 [7] NCCL INFO [YT-TRACE] [TOPO] path link=9 bw=40 hops=3 gpu=3 to_type=3 to_id=0x3
jscs-backuppool-5090test-091606:188079:188521 [7] NCCL INFO [YT-TRACE] [TOPO] path link=0 bw=48 hops=4 gpu=3 peer=2
jscs-backuppool-5090test-091606:188079:188521 [7] NCCL INFO [YT-TRACE] [TOPO] path link=4 bw=40 hops=4 gpu=3 to_type=4 to_id=0x0
jscs-backuppool-5090test-091606:188079:188521 [7] NCCL INFO [YT-TRACE] [TOPO] path link=4 bw=40 hops=4 gpu=3 to_type=8 to_id=0x27000
jscs-backuppool-5090test-091606:188079:188521 [7] NCCL INFO [YT-TRACE] [TOPO] path link=4 bw=40 hops=4 gpu=3 to_type=8 to_id=0x38000
jscs-backuppool-5090test-091606:188079:188521 [7] NCCL INFO [YT-TRACE] [TOPO] path link=4 bw=40 hops=4 gpu=3 to_type=8 to_id=0x98000
jscs-backuppool-5090test-091606:188079:188521 [7] NCCL INFO [YT-TRACE] [TOPO] path link=4 bw=40 hops=4 gpu=3 to_type=8 to_id=0xa8000
jscs-backuppool-5090test-091606:188079:188521 [7] NCCL INFO [YT-TRACE] [TOPO] path link=4 bw=40 hops=4 gpu=3 to_type=8 to_id=0xb8000
jscs-backuppool-5090test-091606:188079:188521 [7] NCCL INFO [YT-TRACE] [TOPO] path link=4 bw=40 hops=4 gpu=3 to_type=8 to_id=0xc8000
jscs-backuppool-5090test-091606:188079:188521 [7] NCCL INFO [YT-TRACE] [TOPO] path link=10 bw=25 hops=5 gpu=3 to_type=5 to_id=0x0
jscs-backuppool-5090test-091606:188079:188521 [7] NCCL INFO [YT-TRACE] [TOPO] path link=10 bw=25 hops=5 gpu=3 to_type=5 to_id=0x0
jscs-backuppool-5090test-091606:188079:188521 [7] NCCL INFO [YT-TRACE] [TOPO] path link=10 bw=25 hops=5 gpu=3 to_type=5 to_id=0x0
jscs-backuppool-5090test-091606:188079:188521 [7] NCCL INFO [YT-TRACE] [TOPO] path link=10 bw=25 hops=5 gpu=3 to_type=5 to_id=0x0
jscs-backuppool-5090test-091606:188079:188521 [7] NCCL INFO [YT-TRACE] [TOPO] path link=0 bw=40 hops=5 gpu=3 peer=0
jscs-backuppool-5090test-091606:188079:188521 [7] NCCL INFO [YT-TRACE] [TOPO] path link=0 bw=40 hops=5 gpu=3 peer=1
jscs-backuppool-5090test-091606:188079:188521 [7] NCCL INFO [YT-TRACE] [TOPO] path link=0 bw=40 hops=5 gpu=3 peer=4
jscs-backuppool-5090test-091606:188079:188521 [7] NCCL INFO [YT-TRACE] [TOPO] path link=0 bw=40 hops=5 gpu=3 peer=5
jscs-backuppool-5090test-091606:188079:188521 [7] NCCL INFO [YT-TRACE] [TOPO] path link=0 bw=40 hops=5 gpu=3 peer=6
jscs-backuppool-5090test-091606:188079:188521 [7] NCCL INFO [YT-TRACE] [TOPO] path link=0 bw=40 hops=5 gpu=3 peer=7
jscs-backuppool-5090test-091606:188079:188521 [7] NCCL INFO [YT-TRACE] [TOPO] path link=0 bw=5000 hops=1 gpu=4 to_type=8 to_id=0x98000
jscs-backuppool-5090test-091606:188079:188521 [7] NCCL INFO [YT-TRACE] [TOPO] path link=4 bw=48 hops=2 gpu=4 to_type=3 to_id=0x2
jscs-backuppool-5090test-091606:188079:188521 [7] NCCL INFO [YT-TRACE] [TOPO] path link=4 bw=48 hops=3 gpu=4 to_type=8 to_id=0xa8000
jscs-backuppool-5090test-091606:188079:188521 [7] NCCL INFO [YT-TRACE] [TOPO] path link=4 bw=48 hops=3 gpu=4 to_type=8 to_id=0xb8000
jscs-backuppool-5090test-091606:188079:188521 [7] NCCL INFO [YT-TRACE] [TOPO] path link=9 bw=40 hops=3 gpu=4 to_type=3 to_id=0x0
jscs-backuppool-5090test-091606:188079:188521 [7] NCCL INFO [YT-TRACE] [TOPO] path link=9 bw=40 hops=3 gpu=4 to_type=3 to_id=0x1
jscs-backuppool-5090test-091606:188079:188521 [7] NCCL INFO [YT-TRACE] [TOPO] path link=9 bw=40 hops=3 gpu=4 to_type=3 to_id=0x3
jscs-backuppool-5090test-091606:188079:188521 [7] NCCL INFO [YT-TRACE] [TOPO] path link=0 bw=48 hops=4 gpu=4 peer=5
jscs-backuppool-5090test-091606:188079:188521 [7] NCCL INFO [YT-TRACE] [TOPO] path link=0 bw=48 hops=4 gpu=4 peer=6
jscs-backuppool-5090test-091606:188079:188521 [7] NCCL INFO [YT-TRACE] [TOPO] path link=4 bw=40 hops=4 gpu=4 to_type=4 to_id=0x0
jscs-backuppool-5090test-091606:188079:188521 [7] NCCL INFO [YT-TRACE] [TOPO] path link=4 bw=40 hops=4 gpu=4 to_type=8 to_id=0x27000
jscs-backuppool-5090test-091606:188079:188521 [7] NCCL INFO [YT-TRACE] [TOPO] path link=4 bw=40 hops=4 gpu=4 to_type=8 to_id=0x38000
jscs-backuppool-5090test-091606:188079:188521 [7] NCCL INFO [YT-TRACE] [TOPO] path link=4 bw=40 hops=4 gpu=4 to_type=8 to_id=0x49000
jscs-backuppool-5090test-091606:188079:188521 [7] NCCL INFO [YT-TRACE] [TOPO] path link=4 bw=40 hops=4 gpu=4 to_type=8 to_id=0x5a000
jscs-backuppool-5090test-091606:188079:188521 [7] NCCL INFO [YT-TRACE] [TOPO] path link=4 bw=40 hops=4 gpu=4 to_type=8 to_id=0xc8000
jscs-backuppool-5090test-091606:188079:188521 [7] NCCL INFO [YT-TRACE] [TOPO] path link=10 bw=25 hops=5 gpu=4 to_type=5 to_id=0x0
jscs-backuppool-5090test-091606:188079:188521 [7] NCCL INFO [YT-TRACE] [TOPO] path link=10 bw=25 hops=5 gpu=4 to_type=5 to_id=0x0
jscs-backuppool-5090test-091606:188079:188521 [7] NCCL INFO [YT-TRACE] [TOPO] path link=10 bw=25 hops=5 gpu=4 to_type=5 to_id=0x0
jscs-backuppool-5090test-091606:188079:188521 [7] NCCL INFO [YT-TRACE] [TOPO] path link=10 bw=25 hops=5 gpu=4 to_type=5 to_id=0x0
jscs-backuppool-5090test-091606:188079:188521 [7] NCCL INFO [YT-TRACE] [TOPO] path link=0 bw=40 hops=5 gpu=4 peer=0
jscs-backuppool-5090test-091606:188079:188521 [7] NCCL INFO [YT-TRACE] [TOPO] path link=0 bw=40 hops=5 gpu=4 peer=1
jscs-backuppool-5090test-091606:188079:188521 [7] NCCL INFO [YT-TRACE] [TOPO] path link=0 bw=40 hops=5 gpu=4 peer=2
jscs-backuppool-5090test-091606:188079:188521 [7] NCCL INFO [YT-TRACE] [TOPO] path link=0 bw=40 hops=5 gpu=4 peer=3
jscs-backuppool-5090test-091606:188079:188521 [7] NCCL INFO [YT-TRACE] [TOPO] path link=0 bw=40 hops=5 gpu=4 peer=7
jscs-backuppool-5090test-091606:188079:188521 [7] NCCL INFO [YT-TRACE] [TOPO] path link=0 bw=5000 hops=1 gpu=5 to_type=8 to_id=0xa8000
jscs-backuppool-5090test-091606:188079:188521 [7] NCCL INFO [YT-TRACE] [TOPO] path link=4 bw=48 hops=2 gpu=5 to_type=3 to_id=0x2
jscs-backuppool-5090test-091606:188079:188521 [7] NCCL INFO [YT-TRACE] [TOPO] path link=4 bw=48 hops=3 gpu=5 to_type=8 to_id=0x98000
jscs-backuppool-5090test-091606:188079:188521 [7] NCCL INFO [YT-TRACE] [TOPO] path link=4 bw=48 hops=3 gpu=5 to_type=8 to_id=0xb8000
jscs-backuppool-5090test-091606:188079:188521 [7] NCCL INFO [YT-TRACE] [TOPO] path link=9 bw=40 hops=3 gpu=5 to_type=3 to_id=0x0
jscs-backuppool-5090test-091606:188079:188521 [7] NCCL INFO [YT-TRACE] [TOPO] path link=9 bw=40 hops=3 gpu=5 to_type=3 to_id=0x1
jscs-backuppool-5090test-091606:188079:188521 [7] NCCL INFO [YT-TRACE] [TOPO] path link=9 bw=40 hops=3 gpu=5 to_type=3 to_id=0x3
jscs-backuppool-5090test-091606:188079:188521 [7] NCCL INFO [YT-TRACE] [TOPO] path link=0 bw=48 hops=4 gpu=5 peer=4
jscs-backuppool-5090test-091606:188079:188521 [7] NCCL INFO [YT-TRACE] [TOPO] path link=0 bw=48 hops=4 gpu=5 peer=6
jscs-backuppool-5090test-091606:188079:188521 [7] NCCL INFO [YT-TRACE] [TOPO] path link=4 bw=40 hops=4 gpu=5 to_type=4 to_id=0x0
jscs-backuppool-5090test-091606:188079:188521 [7] NCCL INFO [YT-TRACE] [TOPO] path link=4 bw=40 hops=4 gpu=5 to_type=8 to_id=0x27000
jscs-backuppool-5090test-091606:188079:188521 [7] NCCL INFO [YT-TRACE] [TOPO] path link=4 bw=40 hops=4 gpu=5 to_type=8 to_id=0x38000
jscs-backuppool-5090test-091606:188079:188521 [7] NCCL INFO [YT-TRACE] [TOPO] path link=4 bw=40 hops=4 gpu=5 to_type=8 to_id=0x49000
jscs-backuppool-5090test-091606:188079:188521 [7] NCCL INFO [YT-TRACE] [TOPO] path link=4 bw=40 hops=4 gpu=5 to_type=8 to_id=0x5a000
jscs-backuppool-5090test-091606:188079:188521 [7] NCCL INFO [YT-TRACE] [TOPO] path link=4 bw=40 hops=4 gpu=5 to_type=8 to_id=0xc8000
jscs-backuppool-5090test-091606:188079:188521 [7] NCCL INFO [YT-TRACE] [TOPO] path link=10 bw=25 hops=5 gpu=5 to_type=5 to_id=0x0
jscs-backuppool-5090test-091606:188079:188521 [7] NCCL INFO [YT-TRACE] [TOPO] path link=10 bw=25 hops=5 gpu=5 to_type=5 to_id=0x0
jscs-backuppool-5090test-091606:188079:188521 [7] NCCL INFO [YT-TRACE] [TOPO] path link=10 bw=25 hops=5 gpu=5 to_type=5 to_id=0x0
jscs-backuppool-5090test-091606:188079:188521 [7] NCCL INFO [YT-TRACE] [TOPO] path link=10 bw=25 hops=5 gpu=5 to_type=5 to_id=0x0
jscs-backuppool-5090test-091606:188079:188521 [7] NCCL INFO [YT-TRACE] [TOPO] path link=0 bw=40 hops=5 gpu=5 peer=0
jscs-backuppool-5090test-091606:188079:188521 [7] NCCL INFO [YT-TRACE] [TOPO] path link=0 bw=40 hops=5 gpu=5 peer=1
jscs-backuppool-5090test-091606:188079:188521 [7] NCCL INFO [YT-TRACE] [TOPO] path link=0 bw=40 hops=5 gpu=5 peer=2
jscs-backuppool-5090test-091606:188079:188521 [7] NCCL INFO [YT-TRACE] [TOPO] path link=0 bw=40 hops=5 gpu=5 peer=3
jscs-backuppool-5090test-091606:188079:188521 [7] NCCL INFO [YT-TRACE] [TOPO] path link=0 bw=40 hops=5 gpu=5 peer=7
jscs-backuppool-5090test-091606:188079:188521 [7] NCCL INFO [YT-TRACE] [TOPO] path link=0 bw=5000 hops=1 gpu=6 to_type=8 to_id=0xb8000
jscs-backuppool-5090test-091606:188079:188521 [7] NCCL INFO [YT-TRACE] [TOPO] path link=4 bw=48 hops=2 gpu=6 to_type=3 to_id=0x2
jscs-backuppool-5090test-091606:188079:188521 [7] NCCL INFO [YT-TRACE] [TOPO] path link=4 bw=48 hops=3 gpu=6 to_type=8 to_id=0x98000
jscs-backuppool-5090test-091606:188079:188521 [7] NCCL INFO [YT-TRACE] [TOPO] path link=4 bw=48 hops=3 gpu=6 to_type=8 to_id=0xa8000
jscs-backuppool-5090test-091606:188079:188521 [7] NCCL INFO [YT-TRACE] [TOPO] path link=9 bw=40 hops=3 gpu=6 to_type=3 to_id=0x0
jscs-backuppool-5090test-091606:188079:188521 [7] NCCL INFO [YT-TRACE] [TOPO] path link=9 bw=40 hops=3 gpu=6 to_type=3 to_id=0x1
jscs-backuppool-5090test-091606:188079:188521 [7] NCCL INFO [YT-TRACE] [TOPO] path link=9 bw=40 hops=3 gpu=6 to_type=3 to_id=0x3
jscs-backuppool-5090test-091606:188079:188521 [7] NCCL INFO [YT-TRACE] [TOPO] path link=0 bw=48 hops=4 gpu=6 peer=4
jscs-backuppool-5090test-091606:188079:188521 [7] NCCL INFO [YT-TRACE] [TOPO] path link=0 bw=48 hops=4 gpu=6 peer=5
jscs-backuppool-5090test-091606:188079:188521 [7] NCCL INFO [YT-TRACE] [TOPO] path link=4 bw=40 hops=4 gpu=6 to_type=4 to_id=0x0
jscs-backuppool-5090test-091606:188079:188521 [7] NCCL INFO [YT-TRACE] [TOPO] path link=4 bw=40 hops=4 gpu=6 to_type=8 to_id=0x27000
jscs-backuppool-5090test-091606:188079:188521 [7] NCCL INFO [YT-TRACE] [TOPO] path link=4 bw=40 hops=4 gpu=6 to_type=8 to_id=0x38000
jscs-backuppool-5090test-091606:188079:188521 [7] NCCL INFO [YT-TRACE] [TOPO] path link=4 bw=40 hops=4 gpu=6 to_type=8 to_id=0x49000
jscs-backuppool-5090test-091606:188079:188521 [7] NCCL INFO [YT-TRACE] [TOPO] path link=4 bw=40 hops=4 gpu=6 to_type=8 to_id=0x5a000
jscs-backuppool-5090test-091606:188079:188521 [7] NCCL INFO [YT-TRACE] [TOPO] path link=4 bw=40 hops=4 gpu=6 to_type=8 to_id=0xc8000
jscs-backuppool-5090test-091606:188079:188521 [7] NCCL INFO [YT-TRACE] [TOPO] path link=10 bw=25 hops=5 gpu=6 to_type=5 to_id=0x0
jscs-backuppool-5090test-091606:188079:188521 [7] NCCL INFO [YT-TRACE] [TOPO] path link=10 bw=25 hops=5 gpu=6 to_type=5 to_id=0x0
jscs-backuppool-5090test-091606:188079:188521 [7] NCCL INFO [YT-TRACE] [TOPO] path link=10 bw=25 hops=5 gpu=6 to_type=5 to_id=0x0
jscs-backuppool-5090test-091606:188079:188521 [7] NCCL INFO [YT-TRACE] [TOPO] path link=10 bw=25 hops=5 gpu=6 to_type=5 to_id=0x0
jscs-backuppool-5090test-091606:188079:188521 [7] NCCL INFO [YT-TRACE] [TOPO] path link=0 bw=40 hops=5 gpu=6 peer=0
jscs-backuppool-5090test-091606:188079:188521 [7] NCCL INFO [YT-TRACE] [TOPO] path link=0 bw=40 hops=5 gpu=6 peer=1
jscs-backuppool-5090test-091606:188079:188521 [7] NCCL INFO [YT-TRACE] [TOPO] path link=0 bw=40 hops=5 gpu=6 peer=2
jscs-backuppool-5090test-091606:188079:188521 [7] NCCL INFO [YT-TRACE] [TOPO] path link=0 bw=40 hops=5 gpu=6 peer=3
jscs-backuppool-5090test-091606:188079:188521 [7] NCCL INFO [YT-TRACE] [TOPO] path link=0 bw=40 hops=5 gpu=6 peer=7
jscs-backuppool-5090test-091606:188079:188521 [7] NCCL INFO [YT-TRACE] [TOPO] path link=0 bw=5000 hops=1 gpu=7 to_type=8 to_id=0xc8000
jscs-backuppool-5090test-091606:188079:188521 [7] NCCL INFO [YT-TRACE] [TOPO] path link=4 bw=48 hops=2 gpu=7 to_type=3 to_id=0x3
jscs-backuppool-5090test-091606:188079:188521 [7] NCCL INFO [YT-TRACE] [TOPO] path link=9 bw=40 hops=3 gpu=7 to_type=3 to_id=0x0
jscs-backuppool-5090test-091606:188079:188521 [7] NCCL INFO [YT-TRACE] [TOPO] path link=9 bw=40 hops=3 gpu=7 to_type=3 to_id=0x1
jscs-backuppool-5090test-091606:188079:188521 [7] NCCL INFO [YT-TRACE] [TOPO] path link=9 bw=40 hops=3 gpu=7 to_type=3 to_id=0x2
jscs-backuppool-5090test-091606:188079:188521 [7] NCCL INFO [YT-TRACE] [TOPO] path link=4 bw=40 hops=4 gpu=7 to_type=4 to_id=0x0
jscs-backuppool-5090test-091606:188079:188521 [7] NCCL INFO [YT-TRACE] [TOPO] path link=4 bw=40 hops=4 gpu=7 to_type=8 to_id=0x27000
jscs-backuppool-5090test-091606:188079:188521 [7] NCCL INFO [YT-TRACE] [TOPO] path link=4 bw=40 hops=4 gpu=7 to_type=8 to_id=0x38000
jscs-backuppool-5090test-091606:188079:188521 [7] NCCL INFO [YT-TRACE] [TOPO] path link=4 bw=40 hops=4 gpu=7 to_type=8 to_id=0x49000
jscs-backuppool-5090test-091606:188079:188521 [7] NCCL INFO [YT-TRACE] [TOPO] path link=4 bw=40 hops=4 gpu=7 to_type=8 to_id=0x5a000
jscs-backuppool-5090test-091606:188079:188521 [7] NCCL INFO [YT-TRACE] [TOPO] path link=4 bw=40 hops=4 gpu=7 to_type=8 to_id=0x98000
jscs-backuppool-5090test-091606:188079:188521 [7] NCCL INFO [YT-TRACE] [TOPO] path link=4 bw=40 hops=4 gpu=7 to_type=8 to_id=0xa8000
jscs-backuppool-5090test-091606:188079:188521 [7] NCCL INFO [YT-TRACE] [TOPO] path link=4 bw=40 hops=4 gpu=7 to_type=8 to_id=0xb8000
jscs-backuppool-5090test-091606:188079:188521 [7] NCCL INFO [YT-TRACE] [TOPO] path link=10 bw=25 hops=5 gpu=7 to_type=5 to_id=0x0
jscs-backuppool-5090test-091606:188079:188521 [7] NCCL INFO [YT-TRACE] [TOPO] path link=10 bw=25 hops=5 gpu=7 to_type=5 to_id=0x0
jscs-backuppool-5090test-091606:188079:188521 [7] NCCL INFO [YT-TRACE] [TOPO] path link=10 bw=25 hops=5 gpu=7 to_type=5 to_id=0x0
jscs-backuppool-5090test-091606:188079:188521 [7] NCCL INFO [YT-TRACE] [TOPO] path link=10 bw=25 hops=5 gpu=7 to_type=5 to_id=0x0
jscs-backuppool-5090test-091606:188079:188521 [7] NCCL INFO [YT-TRACE] [TOPO] path link=0 bw=40 hops=5 gpu=7 peer=0
jscs-backuppool-5090test-091606:188079:188521 [7] NCCL INFO [YT-TRACE] [TOPO] path link=0 bw=40 hops=5 gpu=7 peer=1
jscs-backuppool-5090test-091606:188079:188521 [7] NCCL INFO [YT-TRACE] [TOPO] path link=0 bw=40 hops=5 gpu=7 peer=2
jscs-backuppool-5090test-091606:188079:188521 [7] NCCL INFO [YT-TRACE] [TOPO] path link=0 bw=40 hops=5 gpu=7 peer=3
jscs-backuppool-5090test-091606:188079:188521 [7] NCCL INFO [YT-TRACE] [TOPO] path link=0 bw=40 hops=5 gpu=7 peer=4
jscs-backuppool-5090test-091606:188079:188521 [7] NCCL INFO [YT-TRACE] [TOPO] path link=0 bw=40 hops=5 gpu=7 peer=5
jscs-backuppool-5090test-091606:188079:188521 [7] NCCL INFO [YT-TRACE] [TOPO] path link=0 bw=40 hops=5 gpu=7 peer=6
jscs-backuppool-5090test-091606:188079:188517 [4] NCCL INFO [YT-TRACE] [TOPO] gpu_matrix gpu=0 peer=1 type=8 bw=48 hops=4
jscs-backuppool-5090test-091606:188079:188517 [4] NCCL INFO [YT-TRACE] [TOPO] gpu_matrix gpu=0 peer=2 type=9 bw=40 hops=5
jscs-backuppool-5090test-091606:188079:188517 [4] NCCL INFO [YT-TRACE] [TOPO] gpu_matrix gpu=0 peer=3 type=9 bw=40 hops=5
jscs-backuppool-5090test-091606:188079:188517 [4] NCCL INFO [YT-TRACE] [TOPO] gpu_matrix gpu=0 peer=4 type=9 bw=40 hops=5
jscs-backuppool-5090test-091606:188079:188517 [4] NCCL INFO [YT-TRACE] [TOPO] gpu_matrix gpu=0 peer=5 type=9 bw=40 hops=5
jscs-backuppool-5090test-091606:188079:188517 [4] NCCL INFO [YT-TRACE] [TOPO] gpu_matrix gpu=0 peer=6 type=9 bw=40 hops=5
jscs-backuppool-5090test-091606:188079:188517 [4] NCCL INFO [YT-TRACE] [TOPO] gpu_matrix gpu=0 peer=7 type=9 bw=40 hops=5
jscs-backuppool-5090test-091606:188079:188517 [4] NCCL INFO [YT-TRACE] [TOPO] gpu_matrix gpu=1 peer=2 type=9 bw=40 hops=5
jscs-backuppool-5090test-091606:188079:188517 [4] NCCL INFO [YT-TRACE] [TOPO] gpu_matrix gpu=1 peer=3 type=9 bw=40 hops=5
jscs-backuppool-5090test-091606:188079:188517 [4] NCCL INFO [YT-TRACE] [TOPO] gpu_matrix gpu=1 peer=4 type=9 bw=40 hops=5
jscs-backuppool-5090test-091606:188079:188517 [4] NCCL INFO [YT-TRACE] [TOPO] gpu_matrix gpu=1 peer=5 type=9 bw=40 hops=5
jscs-backuppool-5090test-091606:188079:188517 [4] NCCL INFO [YT-TRACE] [TOPO] gpu_matrix gpu=1 peer=6 type=9 bw=40 hops=5
jscs-backuppool-5090test-091606:188079:188517 [4] NCCL INFO [YT-TRACE] [TOPO] gpu_matrix gpu=1 peer=7 type=9 bw=40 hops=5
jscs-backuppool-5090test-091606:188079:188517 [4] NCCL INFO [YT-TRACE] [TOPO] gpu_matrix gpu=2 peer=3 type=8 bw=48 hops=4
jscs-backuppool-5090test-091606:188079:188517 [4] NCCL INFO [YT-TRACE] [TOPO] gpu_matrix gpu=2 peer=4 type=9 bw=40 hops=5
jscs-backuppool-5090test-091606:188079:188517 [4] NCCL INFO [YT-TRACE] [TOPO] gpu_matrix gpu=2 peer=5 type=9 bw=40 hops=5
jscs-backuppool-5090test-091606:188079:188517 [4] NCCL INFO [YT-TRACE] [TOPO] gpu_matrix gpu=2 peer=6 type=9 bw=40 hops=5
jscs-backuppool-5090test-091606:188079:188517 [4] NCCL INFO [YT-TRACE] [TOPO] gpu_matrix gpu=2 peer=7 type=9 bw=40 hops=5
jscs-backuppool-5090test-091606:188079:188517 [4] NCCL INFO [YT-TRACE] [TOPO] gpu_matrix gpu=3 peer=4 type=9 bw=40 hops=5
jscs-backuppool-5090test-091606:188079:188517 [4] NCCL INFO [YT-TRACE] [TOPO] gpu_matrix gpu=3 peer=5 type=9 bw=40 hops=5
jscs-backuppool-5090test-091606:188079:188517 [4] NCCL INFO [YT-TRACE] [TOPO] gpu_matrix gpu=3 peer=6 type=9 bw=40 hops=5
jscs-backuppool-5090test-091606:188079:188517 [4] NCCL INFO [YT-TRACE] [TOPO] gpu_matrix gpu=3 peer=7 type=9 bw=40 hops=5
jscs-backuppool-5090test-091606:188079:188517 [4] NCCL INFO [YT-TRACE] [TOPO] gpu_matrix gpu=4 peer=5 type=8 bw=48 hops=4
jscs-backuppool-5090test-091606:188079:188517 [4] NCCL INFO [YT-TRACE] [TOPO] gpu_matrix gpu=4 peer=6 type=8 bw=48 hops=4
jscs-backuppool-5090test-091606:188079:188517 [4] NCCL INFO [YT-TRACE] [TOPO] gpu_matrix gpu=4 peer=7 type=9 bw=40 hops=5
jscs-backuppool-5090test-091606:188079:188517 [4] NCCL INFO [YT-TRACE] [TOPO] gpu_matrix gpu=5 peer=6 type=8 bw=48 hops=4
jscs-backuppool-5090test-091606:188079:188517 [4] NCCL INFO [YT-TRACE] [TOPO] gpu_matrix gpu=5 peer=7 type=9 bw=40 hops=5
jscs-backuppool-5090test-091606:188079:188517 [4] NCCL INFO [YT-TRACE] [TOPO] gpu_matrix gpu=6 peer=7 type=9 bw=40 hops=5
jscs-backuppool-5090test-091606:188079:188514 [1] NCCL INFO [YT-TRACE] [TOPO] gpu_matrix gpu=0 peer=1 type=8 bw=48 hops=4
jscs-backuppool-5090test-091606:188079:188514 [1] NCCL INFO [YT-TRACE] [TOPO] gpu_matrix gpu=0 peer=2 type=9 bw=40 hops=5
jscs-backuppool-5090test-091606:188079:188514 [1] NCCL INFO [YT-TRACE] [TOPO] gpu_matrix gpu=0 peer=3 type=9 bw=40 hops=5
jscs-backuppool-5090test-091606:188079:188514 [1] NCCL INFO [YT-TRACE] [TOPO] gpu_matrix gpu=0 peer=4 type=9 bw=40 hops=5
jscs-backuppool-5090test-091606:188079:188514 [1] NCCL INFO [YT-TRACE] [TOPO] gpu_matrix gpu=0 peer=5 type=9 bw=40 hops=5
jscs-backuppool-5090test-091606:188079:188514 [1] NCCL INFO [YT-TRACE] [TOPO] gpu_matrix gpu=0 peer=6 type=9 bw=40 hops=5
jscs-backuppool-5090test-091606:188079:188514 [1] NCCL INFO [YT-TRACE] [TOPO] gpu_matrix gpu=0 peer=7 type=9 bw=40 hops=5
jscs-backuppool-5090test-091606:188079:188514 [1] NCCL INFO [YT-TRACE] [TOPO] gpu_matrix gpu=1 peer=2 type=9 bw=40 hops=5
jscs-backuppool-5090test-091606:188079:188514 [1] NCCL INFO [YT-TRACE] [TOPO] gpu_matrix gpu=1 peer=3 type=9 bw=40 hops=5
jscs-backuppool-5090test-091606:188079:188514 [1] NCCL INFO [YT-TRACE] [TOPO] gpu_matrix gpu=1 peer=4 type=9 bw=40 hops=5
jscs-backuppool-5090test-091606:188079:188514 [1] NCCL INFO [YT-TRACE] [TOPO] gpu_matrix gpu=1 peer=5 type=9 bw=40 hops=5
jscs-backuppool-5090test-091606:188079:188514 [1] NCCL INFO [YT-TRACE] [TOPO] gpu_matrix gpu=1 peer=6 type=9 bw=40 hops=5
jscs-backuppool-5090test-091606:188079:188514 [1] NCCL INFO [YT-TRACE] [TOPO] gpu_matrix gpu=1 peer=7 type=9 bw=40 hops=5
jscs-backuppool-5090test-091606:188079:188514 [1] NCCL INFO [YT-TRACE] [TOPO] gpu_matrix gpu=2 peer=3 type=8 bw=48 hops=4
jscs-backuppool-5090test-091606:188079:188514 [1] NCCL INFO [YT-TRACE] [TOPO] gpu_matrix gpu=2 peer=4 type=9 bw=40 hops=5
jscs-backuppool-5090test-091606:188079:188514 [1] NCCL INFO [YT-TRACE] [TOPO] gpu_matrix gpu=2 peer=5 type=9 bw=40 hops=5
jscs-backuppool-5090test-091606:188079:188514 [1] NCCL INFO [YT-TRACE] [TOPO] gpu_matrix gpu=2 peer=6 type=9 bw=40 hops=5
jscs-backuppool-5090test-091606:188079:188514 [1] NCCL INFO [YT-TRACE] [TOPO] gpu_matrix gpu=2 peer=7 type=9 bw=40 hops=5
jscs-backuppool-5090test-091606:188079:188514 [1] NCCL INFO [YT-TRACE] [TOPO] gpu_matrix gpu=3 peer=4 type=9 bw=40 hops=5
jscs-backuppool-5090test-091606:188079:188514 [1] NCCL INFO [YT-TRACE] [TOPO] gpu_matrix gpu=3 peer=5 type=9 bw=40 hops=5
jscs-backuppool-5090test-091606:188079:188514 [1] NCCL INFO [YT-TRACE] [TOPO] gpu_matrix gpu=3 peer=6 type=9 bw=40 hops=5
jscs-backuppool-5090test-091606:188079:188514 [1] NCCL INFO [YT-TRACE] [TOPO] gpu_matrix gpu=3 peer=7 type=9 bw=40 hops=5
jscs-backuppool-5090test-091606:188079:188514 [1] NCCL INFO [YT-TRACE] [TOPO] gpu_matrix gpu=4 peer=5 type=8 bw=48 hops=4
jscs-backuppool-5090test-091606:188079:188514 [1] NCCL INFO [YT-TRACE] [TOPO] gpu_matrix gpu=4 peer=6 type=8 bw=48 hops=4
jscs-backuppool-5090test-091606:188079:188514 [1] NCCL INFO [YT-TRACE] [TOPO] gpu_matrix gpu=4 peer=7 type=9 bw=40 hops=5
jscs-backuppool-5090test-091606:188079:188514 [1] NCCL INFO [YT-TRACE] [TOPO] gpu_matrix gpu=5 peer=6 type=8 bw=48 hops=4
jscs-backuppool-5090test-091606:188079:188514 [1] NCCL INFO [YT-TRACE] [TOPO] gpu_matrix gpu=5 peer=7 type=9 bw=40 hops=5
jscs-backuppool-5090test-091606:188079:188514 [1] NCCL INFO [YT-TRACE] [TOPO] gpu_matrix gpu=6 peer=7 type=9 bw=40 hops=5
jscs-backuppool-5090test-091606:188079:188521 [7] NCCL INFO [YT-TRACE] [TOPO] gpu_matrix gpu=0 peer=1 type=8 bw=48 hops=4
jscs-backuppool-5090test-091606:188079:188521 [7] NCCL INFO [YT-TRACE] [TOPO] gpu_matrix gpu=0 peer=2 type=9 bw=40 hops=5
jscs-backuppool-5090test-091606:188079:188521 [7] NCCL INFO [YT-TRACE] [TOPO] gpu_matrix gpu=0 peer=3 type=9 bw=40 hops=5
jscs-backuppool-5090test-091606:188079:188521 [7] NCCL INFO [YT-TRACE] [TOPO] gpu_matrix gpu=0 peer=4 type=9 bw=40 hops=5
jscs-backuppool-5090test-091606:188079:188521 [7] NCCL INFO [YT-TRACE] [TOPO] gpu_matrix gpu=0 peer=5 type=9 bw=40 hops=5
jscs-backuppool-5090test-091606:188079:188521 [7] NCCL INFO [YT-TRACE] [TOPO] gpu_matrix gpu=0 peer=6 type=9 bw=40 hops=5
jscs-backuppool-5090test-091606:188079:188521 [7] NCCL INFO [YT-TRACE] [TOPO] gpu_matrix gpu=0 peer=7 type=9 bw=40 hops=5
jscs-backuppool-5090test-091606:188079:188521 [7] NCCL INFO [YT-TRACE] [TOPO] gpu_matrix gpu=1 peer=2 type=9 bw=40 hops=5
jscs-backuppool-5090test-091606:188079:188521 [7] NCCL INFO [YT-TRACE] [TOPO] gpu_matrix gpu=1 peer=3 type=9 bw=40 hops=5
jscs-backuppool-5090test-091606:188079:188521 [7] NCCL INFO [YT-TRACE] [TOPO] gpu_matrix gpu=1 peer=4 type=9 bw=40 hops=5
jscs-backuppool-5090test-091606:188079:188521 [7] NCCL INFO [YT-TRACE] [TOPO] gpu_matrix gpu=1 peer=5 type=9 bw=40 hops=5
jscs-backuppool-5090test-091606:188079:188521 [7] NCCL INFO [YT-TRACE] [TOPO] gpu_matrix gpu=1 peer=6 type=9 bw=40 hops=5
jscs-backuppool-5090test-091606:188079:188521 [7] NCCL INFO [YT-TRACE] [TOPO] gpu_matrix gpu=1 peer=7 type=9 bw=40 hops=5
jscs-backuppool-5090test-091606:188079:188521 [7] NCCL INFO [YT-TRACE] [TOPO] gpu_matrix gpu=2 peer=3 type=8 bw=48 hops=4
jscs-backuppool-5090test-091606:188079:188521 [7] NCCL INFO [YT-TRACE] [TOPO] gpu_matrix gpu=2 peer=4 type=9 bw=40 hops=5
jscs-backuppool-5090test-091606:188079:188521 [7] NCCL INFO [YT-TRACE] [TOPO] gpu_matrix gpu=2 peer=5 type=9 bw=40 hops=5
jscs-backuppool-5090test-091606:188079:188521 [7] NCCL INFO [YT-TRACE] [TOPO] gpu_matrix gpu=2 peer=6 type=9 bw=40 hops=5
jscs-backuppool-5090test-091606:188079:188521 [7] NCCL INFO [YT-TRACE] [TOPO] gpu_matrix gpu=2 peer=7 type=9 bw=40 hops=5
jscs-backuppool-5090test-091606:188079:188521 [7] NCCL INFO [YT-TRACE] [TOPO] gpu_matrix gpu=3 peer=4 type=9 bw=40 hops=5
jscs-backuppool-5090test-091606:188079:188521 [7] NCCL INFO [YT-TRACE] [TOPO] gpu_matrix gpu=3 peer=5 type=9 bw=40 hops=5
jscs-backuppool-5090test-091606:188079:188521 [7] NCCL INFO [YT-TRACE] [TOPO] gpu_matrix gpu=3 peer=6 type=9 bw=40 hops=5
jscs-backuppool-5090test-091606:188079:188521 [7] NCCL INFO [YT-TRACE] [TOPO] gpu_matrix gpu=3 peer=7 type=9 bw=40 hops=5
jscs-backuppool-5090test-091606:188079:188521 [7] NCCL INFO [YT-TRACE] [TOPO] gpu_matrix gpu=4 peer=5 type=8 bw=48 hops=4
jscs-backuppool-5090test-091606:188079:188521 [7] NCCL INFO [YT-TRACE] [TOPO] gpu_matrix gpu=4 peer=6 type=8 bw=48 hops=4
jscs-backuppool-5090test-091606:188079:188521 [7] NCCL INFO [YT-TRACE] [TOPO] gpu_matrix gpu=4 peer=7 type=9 bw=40 hops=5
jscs-backuppool-5090test-091606:188079:188521 [7] NCCL INFO [YT-TRACE] [TOPO] gpu_matrix gpu=5 peer=6 type=8 bw=48 hops=4
jscs-backuppool-5090test-091606:188079:188521 [7] NCCL INFO [YT-TRACE] [TOPO] gpu_matrix gpu=5 peer=7 type=9 bw=40 hops=5
jscs-backuppool-5090test-091606:188079:188521 [7] NCCL INFO [YT-TRACE] [TOPO] gpu_matrix gpu=6 peer=7 type=9 bw=40 hops=5
jscs-backuppool-5090test-091606:188079:188520 [6] NCCL INFO [YT-TRACE] [TOPO] path link=0 bw=5000 hops=1 gpu=0 to_type=8 to_id=0x27000
jscs-backuppool-5090test-091606:188079:188520 [6] NCCL INFO [YT-TRACE] [TOPO] path link=4 bw=48 hops=2 gpu=0 to_type=3 to_id=0x0
jscs-backuppool-5090test-091606:188079:188513 [0] NCCL INFO [YT-TRACE] [TOPO] path link=0 bw=5000 hops=1 gpu=0 to_type=8 to_id=0x27000
jscs-backuppool-5090test-091606:188079:188513 [0] NCCL INFO [YT-TRACE] [TOPO] path link=4 bw=48 hops=2 gpu=0 to_type=3 to_id=0x0
jscs-backuppool-5090test-091606:188079:188520 [6] NCCL INFO [YT-TRACE] [TOPO] path link=4 bw=48 hops=3 gpu=0 to_type=4 to_id=0x0
jscs-backuppool-5090test-091606:188079:188513 [0] NCCL INFO [YT-TRACE] [TOPO] path link=4 bw=48 hops=3 gpu=0 to_type=4 to_id=0x0
jscs-backuppool-5090test-091606:188079:188520 [6] NCCL INFO [YT-TRACE] [TOPO] path link=4 bw=48 hops=3 gpu=0 to_type=8 to_id=0x38000
jscs-backuppool-5090test-091606:188079:188513 [0] NCCL INFO [YT-TRACE] [TOPO] path link=4 bw=48 hops=3 gpu=0 to_type=8 to_id=0x38000
jscs-backuppool-5090test-091606:188079:188520 [6] NCCL INFO [YT-TRACE] [TOPO] path link=9 bw=40 hops=3 gpu=0 to_type=3 to_id=0x1
jscs-backuppool-5090test-091606:188079:188513 [0] NCCL INFO [YT-TRACE] [TOPO] path link=9 bw=40 hops=3 gpu=0 to_type=3 to_id=0x1
jscs-backuppool-5090test-091606:188079:188518 [5] NCCL INFO [YT-TRACE] [TOPO] path link=0 bw=5000 hops=1 gpu=0 to_type=8 to_id=0x27000
jscs-backuppool-5090test-091606:188079:188518 [5] NCCL INFO [YT-TRACE] [TOPO] path link=4 bw=48 hops=2 gpu=0 to_type=3 to_id=0x0
jscs-backuppool-5090test-091606:188079:188520 [6] NCCL INFO [YT-TRACE] [TOPO] path link=9 bw=40 hops=3 gpu=0 to_type=3 to_id=0x2
jscs-backuppool-5090test-091606:188079:188513 [0] NCCL INFO [YT-TRACE] [TOPO] path link=9 bw=40 hops=3 gpu=0 to_type=3 to_id=0x2
jscs-backuppool-5090test-091606:188079:188520 [6] NCCL INFO [YT-TRACE] [TOPO] path link=9 bw=40 hops=3 gpu=0 to_type=3 to_id=0x3
jscs-backuppool-5090test-091606:188079:188518 [5] NCCL INFO [YT-TRACE] [TOPO] path link=4 bw=48 hops=3 gpu=0 to_type=4 to_id=0x0
jscs-backuppool-5090test-091606:188079:188513 [0] NCCL INFO [YT-TRACE] [TOPO] path link=9 bw=40 hops=3 gpu=0 to_type=3 to_id=0x3
jscs-backuppool-5090test-091606:188079:188518 [5] NCCL INFO [YT-TRACE] [TOPO] path link=4 bw=48 hops=3 gpu=0 to_type=8 to_id=0x38000
jscs-backuppool-5090test-091606:188079:188520 [6] NCCL INFO [YT-TRACE] [TOPO] path link=10 bw=25 hops=4 gpu=0 to_type=5 to_id=0x0
jscs-backuppool-5090test-091606:188079:188518 [5] NCCL INFO [YT-TRACE] [TOPO] path link=9 bw=40 hops=3 gpu=0 to_type=3 to_id=0x1
jscs-backuppool-5090test-091606:188079:188520 [6] NCCL INFO [YT-TRACE] [TOPO] path link=10 bw=25 hops=4 gpu=0 to_type=5 to_id=0x0
jscs-backuppool-5090test-091606:188079:188513 [0] NCCL INFO [YT-TRACE] [TOPO] path link=10 bw=25 hops=4 gpu=0 to_type=5 to_id=0x0
jscs-backuppool-5090test-091606:188079:188513 [0] NCCL INFO [YT-TRACE] [TOPO] path link=10 bw=25 hops=4 gpu=0 to_type=5 to_id=0x0
jscs-backuppool-5090test-091606:188079:188513 [0] NCCL INFO [YT-TRACE] [TOPO] path link=10 bw=25 hops=4 gpu=0 to_type=5 to_id=0x0
jscs-backuppool-5090test-091606:188079:188513 [0] NCCL INFO [YT-TRACE] [TOPO] path link=10 bw=25 hops=4 gpu=0 to_type=5 to_id=0x0
jscs-backuppool-5090test-091606:188079:188513 [0] NCCL INFO [YT-TRACE] [TOPO] path link=0 bw=48 hops=4 gpu=0 peer=1
jscs-backuppool-5090test-091606:188079:188513 [0] NCCL INFO [YT-TRACE] [TOPO] path link=4 bw=40 hops=4 gpu=0 to_type=8 to_id=0x49000
jscs-backuppool-5090test-091606:188079:188513 [0] NCCL INFO [YT-TRACE] [TOPO] path link=4 bw=40 hops=4 gpu=0 to_type=8 to_id=0x5a000
jscs-backuppool-5090test-091606:188079:188518 [5] NCCL INFO [YT-TRACE] [TOPO] path link=9 bw=40 hops=3 gpu=0 to_type=3 to_id=0x2
jscs-backuppool-5090test-091606:188079:188513 [0] NCCL INFO [YT-TRACE] [TOPO] path link=4 bw=40 hops=4 gpu=0 to_type=8 to_id=0x98000
jscs-backuppool-5090test-091606:188079:188520 [6] NCCL INFO [YT-TRACE] [TOPO] path link=10 bw=25 hops=4 gpu=0 to_type=5 to_id=0x0
jscs-backuppool-5090test-091606:188079:188518 [5] NCCL INFO [YT-TRACE] [TOPO] path link=9 bw=40 hops=3 gpu=0 to_type=3 to_id=0x3
jscs-backuppool-5090test-091606:188079:188520 [6] NCCL INFO [YT-TRACE] [TOPO] path link=10 bw=25 hops=4 gpu=0 to_type=5 to_id=0x0
jscs-backuppool-5090test-091606:188079:188513 [0] NCCL INFO [YT-TRACE] [TOPO] path link=4 bw=40 hops=4 gpu=0 to_type=8 to_id=0xa8000
jscs-backuppool-5090test-091606:188079:188520 [6] NCCL INFO [YT-TRACE] [TOPO] path link=0 bw=48 hops=4 gpu=0 peer=1
jscs-backuppool-5090test-091606:188079:188518 [5] NCCL INFO [YT-TRACE] [TOPO] path link=10 bw=25 hops=4 gpu=0 to_type=5 to_id=0x0
jscs-backuppool-5090test-091606:188079:188513 [0] NCCL INFO [YT-TRACE] [TOPO] path link=4 bw=40 hops=4 gpu=0 to_type=8 to_id=0xb8000
jscs-backuppool-5090test-091606:188079:188518 [5] NCCL INFO [YT-TRACE] [TOPO] path link=10 bw=25 hops=4 gpu=0 to_type=5 to_id=0x0
jscs-backuppool-5090test-091606:188079:188520 [6] NCCL INFO [YT-TRACE] [TOPO] path link=4 bw=40 hops=4 gpu=0 to_type=8 to_id=0x49000
jscs-backuppool-5090test-091606:188079:188513 [0] NCCL INFO [YT-TRACE] [TOPO] path link=4 bw=40 hops=4 gpu=0 to_type=8 to_id=0xc8000
jscs-backuppool-5090test-091606:188079:188518 [5] NCCL INFO [YT-TRACE] [TOPO] path link=10 bw=25 hops=4 gpu=0 to_type=5 to_id=0x0
jscs-backuppool-5090test-091606:188079:188520 [6] NCCL INFO [YT-TRACE] [TOPO] path link=4 bw=40 hops=4 gpu=0 to_type=8 to_id=0x5a000
jscs-backuppool-5090test-091606:188079:188513 [0] NCCL INFO [YT-TRACE] [TOPO] path link=0 bw=40 hops=5 gpu=0 peer=2
jscs-backuppool-5090test-091606:188079:188520 [6] NCCL INFO [YT-TRACE] [TOPO] path link=4 bw=40 hops=4 gpu=0 to_type=8 to_id=0x98000
jscs-backuppool-5090test-091606:188079:188513 [0] NCCL INFO [YT-TRACE] [TOPO] path link=0 bw=40 hops=5 gpu=0 peer=3
jscs-backuppool-5090test-091606:188079:188518 [5] NCCL INFO [YT-TRACE] [TOPO] path link=10 bw=25 hops=4 gpu=0 to_type=5 to_id=0x0
jscs-backuppool-5090test-091606:188079:188513 [0] NCCL INFO [YT-TRACE] [TOPO] path link=0 bw=40 hops=5 gpu=0 peer=4
jscs-backuppool-5090test-091606:188079:188518 [5] NCCL INFO [YT-TRACE] [TOPO] path link=0 bw=48 hops=4 gpu=0 peer=1
jscs-backuppool-5090test-091606:188079:188513 [0] NCCL INFO [YT-TRACE] [TOPO] path link=0 bw=40 hops=5 gpu=0 peer=5
jscs-backuppool-5090test-091606:188079:188518 [5] NCCL INFO [YT-TRACE] [TOPO] path link=4 bw=40 hops=4 gpu=0 to_type=8 to_id=0x49000
jscs-backuppool-5090test-091606:188079:188513 [0] NCCL INFO [YT-TRACE] [TOPO] path link=0 bw=40 hops=5 gpu=0 peer=6
jscs-backuppool-5090test-091606:188079:188518 [5] NCCL INFO [YT-TRACE] [TOPO] path link=4 bw=40 hops=4 gpu=0 to_type=8 to_id=0x5a000
jscs-backuppool-5090test-091606:188079:188513 [0] NCCL INFO [YT-TRACE] [TOPO] path link=0 bw=40 hops=5 gpu=0 peer=7
jscs-backuppool-5090test-091606:188079:188513 [0] NCCL INFO [YT-TRACE] [TOPO] path link=0 bw=5000 hops=1 gpu=1 to_type=8 to_id=0x38000
jscs-backuppool-5090test-091606:188079:188513 [0] NCCL INFO [YT-TRACE] [TOPO] path link=4 bw=48 hops=2 gpu=1 to_type=3 to_id=0x0
jscs-backuppool-5090test-091606:188079:188513 [0] NCCL INFO [YT-TRACE] [TOPO] path link=4 bw=48 hops=3 gpu=1 to_type=4 to_id=0x0
jscs-backuppool-5090test-091606:188079:188513 [0] NCCL INFO [YT-TRACE] [TOPO] path link=4 bw=48 hops=3 gpu=1 to_type=8 to_id=0x27000
jscs-backuppool-5090test-091606:188079:188513 [0] NCCL INFO [YT-TRACE] [TOPO] path link=9 bw=40 hops=3 gpu=1 to_type=3 to_id=0x1
jscs-backuppool-5090test-091606:188079:188513 [0] NCCL INFO [YT-TRACE] [TOPO] path link=9 bw=40 hops=3 gpu=1 to_type=3 to_id=0x2
jscs-backuppool-5090test-091606:188079:188513 [0] NCCL INFO [YT-TRACE] [TOPO] path link=9 bw=40 hops=3 gpu=1 to_type=3 to_id=0x3
jscs-backuppool-5090test-091606:188079:188513 [0] NCCL INFO [YT-TRACE] [TOPO] path link=10 bw=25 hops=4 gpu=1 to_type=5 to_id=0x0
jscs-backuppool-5090test-091606:188079:188518 [5] NCCL INFO [YT-TRACE] [TOPO] path link=4 bw=40 hops=4 gpu=0 to_type=8 to_id=0x98000
jscs-backuppool-5090test-091606:188079:188513 [0] NCCL INFO [YT-TRACE] [TOPO] path link=10 bw=25 hops=4 gpu=1 to_type=5 to_id=0x0
jscs-backuppool-5090test-091606:188079:188513 [0] NCCL INFO [YT-TRACE] [TOPO] path link=10 bw=25 hops=4 gpu=1 to_type=5 to_id=0x0
jscs-backuppool-5090test-091606:188079:188513 [0] NCCL INFO [YT-TRACE] [TOPO] path link=10 bw=25 hops=4 gpu=1 to_type=5 to_id=0x0
jscs-backuppool-5090test-091606:188079:188513 [0] NCCL INFO [YT-TRACE] [TOPO] path link=0 bw=48 hops=4 gpu=1 peer=0
jscs-backuppool-5090test-091606:188079:188513 [0] NCCL INFO [YT-TRACE] [TOPO] path link=4 bw=40 hops=4 gpu=1 to_type=8 to_id=0x49000
jscs-backuppool-5090test-091606:188079:188513 [0] NCCL INFO [YT-TRACE] [TOPO] path link=4 bw=40 hops=4 gpu=1 to_type=8 to_id=0x5a000
jscs-backuppool-5090test-091606:188079:188513 [0] NCCL INFO [YT-TRACE] [TOPO] path link=4 bw=40 hops=4 gpu=1 to_type=8 to_id=0x98000
jscs-backuppool-5090test-091606:188079:188513 [0] NCCL INFO [YT-TRACE] [TOPO] path link=4 bw=40 hops=4 gpu=1 to_type=8 to_id=0xa8000
jscs-backuppool-5090test-091606:188079:188513 [0] NCCL INFO [YT-TRACE] [TOPO] path link=4 bw=40 hops=4 gpu=1 to_type=8 to_id=0xb8000
jscs-backuppool-5090test-091606:188079:188513 [0] NCCL INFO [YT-TRACE] [TOPO] path link=4 bw=40 hops=4 gpu=1 to_type=8 to_id=0xc8000
jscs-backuppool-5090test-091606:188079:188513 [0] NCCL INFO [YT-TRACE] [TOPO] path link=0 bw=40 hops=5 gpu=1 peer=2
jscs-backuppool-5090test-091606:188079:188513 [0] NCCL INFO [YT-TRACE] [TOPO] path link=0 bw=40 hops=5 gpu=1 peer=3
jscs-backuppool-5090test-091606:188079:188513 [0] NCCL INFO [YT-TRACE] [TOPO] path link=0 bw=40 hops=5 gpu=1 peer=4
jscs-backuppool-5090test-091606:188079:188513 [0] NCCL INFO [YT-TRACE] [TOPO] path link=0 bw=40 hops=5 gpu=1 peer=5
jscs-backuppool-5090test-091606:188079:188513 [0] NCCL INFO [YT-TRACE] [TOPO] path link=0 bw=40 hops=5 gpu=1 peer=6
jscs-backuppool-5090test-091606:188079:188513 [0] NCCL INFO [YT-TRACE] [TOPO] path link=0 bw=40 hops=5 gpu=1 peer=7
jscs-backuppool-5090test-091606:188079:188513 [0] NCCL INFO [YT-TRACE] [TOPO] path link=0 bw=5000 hops=1 gpu=2 to_type=8 to_id=0x49000
jscs-backuppool-5090test-091606:188079:188518 [5] NCCL INFO [YT-TRACE] [TOPO] path link=4 bw=40 hops=4 gpu=0 to_type=8 to_id=0xa8000
jscs-backuppool-5090test-091606:188079:188513 [0] NCCL INFO [YT-TRACE] [TOPO] path link=4 bw=48 hops=2 gpu=2 to_type=3 to_id=0x1
jscs-backuppool-5090test-091606:188079:188513 [0] NCCL INFO [YT-TRACE] [TOPO] path link=4 bw=48 hops=3 gpu=2 to_type=8 to_id=0x5a000
jscs-backuppool-5090test-091606:188079:188513 [0] NCCL INFO [YT-TRACE] [TOPO] path link=9 bw=40 hops=3 gpu=2 to_type=3 to_id=0x0
jscs-backuppool-5090test-091606:188079:188513 [0] NCCL INFO [YT-TRACE] [TOPO] path link=9 bw=40 hops=3 gpu=2 to_type=3 to_id=0x2
jscs-backuppool-5090test-091606:188079:188513 [0] NCCL INFO [YT-TRACE] [TOPO] path link=9 bw=40 hops=3 gpu=2 to_type=3 to_id=0x3
jscs-backuppool-5090test-091606:188079:188513 [0] NCCL INFO [YT-TRACE] [TOPO] path link=0 bw=48 hops=4 gpu=2 peer=3
jscs-backuppool-5090test-091606:188079:188513 [0] NCCL INFO [YT-TRACE] [TOPO] path link=4 bw=40 hops=4 gpu=2 to_type=4 to_id=0x0
jscs-backuppool-5090test-091606:188079:188513 [0] NCCL INFO [YT-TRACE] [TOPO] path link=4 bw=40 hops=4 gpu=2 to_type=8 to_id=0x27000
jscs-backuppool-5090test-091606:188079:188513 [0] NCCL INFO [YT-TRACE] [TOPO] path link=4 bw=40 hops=4 gpu=2 to_type=8 to_id=0x38000
jscs-backuppool-5090test-091606:188079:188513 [0] NCCL INFO [YT-TRACE] [TOPO] path link=4 bw=40 hops=4 gpu=2 to_type=8 to_id=0x98000
jscs-backuppool-5090test-091606:188079:188513 [0] NCCL INFO [YT-TRACE] [TOPO] path link=4 bw=40 hops=4 gpu=2 to_type=8 to_id=0xa8000
jscs-backuppool-5090test-091606:188079:188513 [0] NCCL INFO [YT-TRACE] [TOPO] path link=4 bw=40 hops=4 gpu=2 to_type=8 to_id=0xb8000
jscs-backuppool-5090test-091606:188079:188513 [0] NCCL INFO [YT-TRACE] [TOPO] path link=4 bw=40 hops=4 gpu=2 to_type=8 to_id=0xc8000
jscs-backuppool-5090test-091606:188079:188513 [0] NCCL INFO [YT-TRACE] [TOPO] path link=10 bw=25 hops=5 gpu=2 to_type=5 to_id=0x0
jscs-backuppool-5090test-091606:188079:188513 [0] NCCL INFO [YT-TRACE] [TOPO] path link=10 bw=25 hops=5 gpu=2 to_type=5 to_id=0x0
jscs-backuppool-5090test-091606:188079:188513 [0] NCCL INFO [YT-TRACE] [TOPO] path link=10 bw=25 hops=5 gpu=2 to_type=5 to_id=0x0
jscs-backuppool-5090test-091606:188079:188513 [0] NCCL INFO [YT-TRACE] [TOPO] path link=10 bw=25 hops=5 gpu=2 to_type=5 to_id=0x0
jscs-backuppool-5090test-091606:188079:188513 [0] NCCL INFO [YT-TRACE] [TOPO] path link=0 bw=40 hops=5 gpu=2 peer=0
jscs-backuppool-5090test-091606:188079:188513 [0] NCCL INFO [YT-TRACE] [TOPO] path link=0 bw=40 hops=5 gpu=2 peer=1
jscs-backuppool-5090test-091606:188079:188513 [0] NCCL INFO [YT-TRACE] [TOPO] path link=0 bw=40 hops=5 gpu=2 peer=4
jscs-backuppool-5090test-091606:188079:188513 [0] NCCL INFO [YT-TRACE] [TOPO] path link=0 bw=40 hops=5 gpu=2 peer=5
jscs-backuppool-5090test-091606:188079:188513 [0] NCCL INFO [YT-TRACE] [TOPO] path link=0 bw=40 hops=5 gpu=2 peer=6
jscs-backuppool-5090test-091606:188079:188513 [0] NCCL INFO [YT-TRACE] [TOPO] path link=0 bw=40 hops=5 gpu=2 peer=7
jscs-backuppool-5090test-091606:188079:188518 [5] NCCL INFO [YT-TRACE] [TOPO] path link=4 bw=40 hops=4 gpu=0 to_type=8 to_id=0xb8000
jscs-backuppool-5090test-091606:188079:188513 [0] NCCL INFO [YT-TRACE] [TOPO] path link=0 bw=5000 hops=1 gpu=3 to_type=8 to_id=0x5a000
jscs-backuppool-5090test-091606:188079:188513 [0] NCCL INFO [YT-TRACE] [TOPO] path link=4 bw=48 hops=2 gpu=3 to_type=3 to_id=0x1
jscs-backuppool-5090test-091606:188079:188513 [0] NCCL INFO [YT-TRACE] [TOPO] path link=4 bw=48 hops=3 gpu=3 to_type=8 to_id=0x49000
jscs-backuppool-5090test-091606:188079:188513 [0] NCCL INFO [YT-TRACE] [TOPO] path link=9 bw=40 hops=3 gpu=3 to_type=3 to_id=0x0
jscs-backuppool-5090test-091606:188079:188513 [0] NCCL INFO [YT-TRACE] [TOPO] path link=9 bw=40 hops=3 gpu=3 to_type=3 to_id=0x2
jscs-backuppool-5090test-091606:188079:188513 [0] NCCL INFO [YT-TRACE] [TOPO] path link=9 bw=40 hops=3 gpu=3 to_type=3 to_id=0x3
jscs-backuppool-5090test-091606:188079:188513 [0] NCCL INFO [YT-TRACE] [TOPO] path link=0 bw=48 hops=4 gpu=3 peer=2
jscs-backuppool-5090test-091606:188079:188513 [0] NCCL INFO [YT-TRACE] [TOPO] path link=4 bw=40 hops=4 gpu=3 to_type=4 to_id=0x0
jscs-backuppool-5090test-091606:188079:188513 [0] NCCL INFO [YT-TRACE] [TOPO] path link=4 bw=40 hops=4 gpu=3 to_type=8 to_id=0x27000
jscs-backuppool-5090test-091606:188079:188513 [0] NCCL INFO [YT-TRACE] [TOPO] path link=4 bw=40 hops=4 gpu=3 to_type=8 to_id=0x38000
jscs-backuppool-5090test-091606:188079:188513 [0] NCCL INFO [YT-TRACE] [TOPO] path link=4 bw=40 hops=4 gpu=3 to_type=8 to_id=0x98000
jscs-backuppool-5090test-091606:188079:188513 [0] NCCL INFO [YT-TRACE] [TOPO] path link=4 bw=40 hops=4 gpu=3 to_type=8 to_id=0xa8000
jscs-backuppool-5090test-091606:188079:188513 [0] NCCL INFO [YT-TRACE] [TOPO] path link=4 bw=40 hops=4 gpu=3 to_type=8 to_id=0xb8000
jscs-backuppool-5090test-091606:188079:188513 [0] NCCL INFO [YT-TRACE] [TOPO] path link=4 bw=40 hops=4 gpu=3 to_type=8 to_id=0xc8000
jscs-backuppool-5090test-091606:188079:188513 [0] NCCL INFO [YT-TRACE] [TOPO] path link=10 bw=25 hops=5 gpu=3 to_type=5 to_id=0x0
jscs-backuppool-5090test-091606:188079:188513 [0] NCCL INFO [YT-TRACE] [TOPO] path link=10 bw=25 hops=5 gpu=3 to_type=5 to_id=0x0
jscs-backuppool-5090test-091606:188079:188513 [0] NCCL INFO [YT-TRACE] [TOPO] path link=10 bw=25 hops=5 gpu=3 to_type=5 to_id=0x0
jscs-backuppool-5090test-091606:188079:188513 [0] NCCL INFO [YT-TRACE] [TOPO] path link=10 bw=25 hops=5 gpu=3 to_type=5 to_id=0x0
jscs-backuppool-5090test-091606:188079:188513 [0] NCCL INFO [YT-TRACE] [TOPO] path link=0 bw=40 hops=5 gpu=3 peer=0
jscs-backuppool-5090test-091606:188079:188513 [0] NCCL INFO [YT-TRACE] [TOPO] path link=0 bw=40 hops=5 gpu=3 peer=1
jscs-backuppool-5090test-091606:188079:188513 [0] NCCL INFO [YT-TRACE] [TOPO] path link=0 bw=40 hops=5 gpu=3 peer=4
jscs-backuppool-5090test-091606:188079:188513 [0] NCCL INFO [YT-TRACE] [TOPO] path link=0 bw=40 hops=5 gpu=3 peer=5
jscs-backuppool-5090test-091606:188079:188513 [0] NCCL INFO [YT-TRACE] [TOPO] path link=0 bw=40 hops=5 gpu=3 peer=6
jscs-backuppool-5090test-091606:188079:188513 [0] NCCL INFO [YT-TRACE] [TOPO] path link=0 bw=40 hops=5 gpu=3 peer=7
jscs-backuppool-5090test-091606:188079:188513 [0] NCCL INFO [YT-TRACE] [TOPO] path link=0 bw=5000 hops=1 gpu=4 to_type=8 to_id=0x98000
jscs-backuppool-5090test-091606:188079:188513 [0] NCCL INFO [YT-TRACE] [TOPO] path link=4 bw=48 hops=2 gpu=4 to_type=3 to_id=0x2
jscs-backuppool-5090test-091606:188079:188518 [5] NCCL INFO [YT-TRACE] [TOPO] path link=4 bw=40 hops=4 gpu=0 to_type=8 to_id=0xc8000
jscs-backuppool-5090test-091606:188079:188513 [0] NCCL INFO [YT-TRACE] [TOPO] path link=4 bw=48 hops=3 gpu=4 to_type=8 to_id=0xa8000
jscs-backuppool-5090test-091606:188079:188513 [0] NCCL INFO [YT-TRACE] [TOPO] path link=4 bw=48 hops=3 gpu=4 to_type=8 to_id=0xb8000
jscs-backuppool-5090test-091606:188079:188513 [0] NCCL INFO [YT-TRACE] [TOPO] path link=9 bw=40 hops=3 gpu=4 to_type=3 to_id=0x0
jscs-backuppool-5090test-091606:188079:188513 [0] NCCL INFO [YT-TRACE] [TOPO] path link=9 bw=40 hops=3 gpu=4 to_type=3 to_id=0x1
jscs-backuppool-5090test-091606:188079:188513 [0] NCCL INFO [YT-TRACE] [TOPO] path link=9 bw=40 hops=3 gpu=4 to_type=3 to_id=0x3
jscs-backuppool-5090test-091606:188079:188513 [0] NCCL INFO [YT-TRACE] [TOPO] path link=0 bw=48 hops=4 gpu=4 peer=5
jscs-backuppool-5090test-091606:188079:188513 [0] NCCL INFO [YT-TRACE] [TOPO] path link=0 bw=48 hops=4 gpu=4 peer=6
jscs-backuppool-5090test-091606:188079:188513 [0] NCCL INFO [YT-TRACE] [TOPO] path link=4 bw=40 hops=4 gpu=4 to_type=4 to_id=0x0
jscs-backuppool-5090test-091606:188079:188513 [0] NCCL INFO [YT-TRACE] [TOPO] path link=4 bw=40 hops=4 gpu=4 to_type=8 to_id=0x27000
jscs-backuppool-5090test-091606:188079:188513 [0] NCCL INFO [YT-TRACE] [TOPO] path link=4 bw=40 hops=4 gpu=4 to_type=8 to_id=0x38000
jscs-backuppool-5090test-091606:188079:188516 [3] NCCL INFO [YT-TRACE] [TOPO] path link=0 bw=5000 hops=1 gpu=0 to_type=8 to_id=0x27000
jscs-backuppool-5090test-091606:188079:188518 [5] NCCL INFO [YT-TRACE] [TOPO] path link=0 bw=40 hops=5 gpu=0 peer=2
jscs-backuppool-5090test-091606:188079:188513 [0] NCCL INFO [YT-TRACE] [TOPO] path link=4 bw=40 hops=4 gpu=4 to_type=8 to_id=0x49000
jscs-backuppool-5090test-091606:188079:188513 [0] NCCL INFO [YT-TRACE] [TOPO] path link=4 bw=40 hops=4 gpu=4 to_type=8 to_id=0x5a000
jscs-backuppool-5090test-091606:188079:188513 [0] NCCL INFO [YT-TRACE] [TOPO] path link=4 bw=40 hops=4 gpu=4 to_type=8 to_id=0xc8000
jscs-backuppool-5090test-091606:188079:188513 [0] NCCL INFO [YT-TRACE] [TOPO] path link=10 bw=25 hops=5 gpu=4 to_type=5 to_id=0x0
jscs-backuppool-5090test-091606:188079:188513 [0] NCCL INFO [YT-TRACE] [TOPO] path link=10 bw=25 hops=5 gpu=4 to_type=5 to_id=0x0
jscs-backuppool-5090test-091606:188079:188513 [0] NCCL INFO [YT-TRACE] [TOPO] path link=10 bw=25 hops=5 gpu=4 to_type=5 to_id=0x0
jscs-backuppool-5090test-091606:188079:188513 [0] NCCL INFO [YT-TRACE] [TOPO] path link=10 bw=25 hops=5 gpu=4 to_type=5 to_id=0x0
jscs-backuppool-5090test-091606:188079:188513 [0] NCCL INFO [YT-TRACE] [TOPO] path link=0 bw=40 hops=5 gpu=4 peer=0
jscs-backuppool-5090test-091606:188079:188513 [0] NCCL INFO [YT-TRACE] [TOPO] path link=0 bw=40 hops=5 gpu=4 peer=1
jscs-backuppool-5090test-091606:188079:188513 [0] NCCL INFO [YT-TRACE] [TOPO] path link=0 bw=40 hops=5 gpu=4 peer=2
jscs-backuppool-5090test-091606:188079:188513 [0] NCCL INFO [YT-TRACE] [TOPO] path link=0 bw=40 hops=5 gpu=4 peer=3
jscs-backuppool-5090test-091606:188079:188513 [0] NCCL INFO [YT-TRACE] [TOPO] path link=0 bw=40 hops=5 gpu=4 peer=7
jscs-backuppool-5090test-091606:188079:188513 [0] NCCL INFO [YT-TRACE] [TOPO] path link=0 bw=5000 hops=1 gpu=5 to_type=8 to_id=0xa8000
jscs-backuppool-5090test-091606:188079:188513 [0] NCCL INFO [YT-TRACE] [TOPO] path link=4 bw=48 hops=2 gpu=5 to_type=3 to_id=0x2
jscs-backuppool-5090test-091606:188079:188513 [0] NCCL INFO [YT-TRACE] [TOPO] path link=4 bw=48 hops=3 gpu=5 to_type=8 to_id=0x98000
jscs-backuppool-5090test-091606:188079:188513 [0] NCCL INFO [YT-TRACE] [TOPO] path link=4 bw=48 hops=3 gpu=5 to_type=8 to_id=0xb8000
jscs-backuppool-5090test-091606:188079:188513 [0] NCCL INFO [YT-TRACE] [TOPO] path link=9 bw=40 hops=3 gpu=5 to_type=3 to_id=0x0
jscs-backuppool-5090test-091606:188079:188513 [0] NCCL INFO [YT-TRACE] [TOPO] path link=9 bw=40 hops=3 gpu=5 to_type=3 to_id=0x1
jscs-backuppool-5090test-091606:188079:188513 [0] NCCL INFO [YT-TRACE] [TOPO] path link=9 bw=40 hops=3 gpu=5 to_type=3 to_id=0x3
jscs-backuppool-5090test-091606:188079:188513 [0] NCCL INFO [YT-TRACE] [TOPO] path link=0 bw=48 hops=4 gpu=5 peer=4
jscs-backuppool-5090test-091606:188079:188513 [0] NCCL INFO [YT-TRACE] [TOPO] path link=0 bw=48 hops=4 gpu=5 peer=6
jscs-backuppool-5090test-091606:188079:188513 [0] NCCL INFO [YT-TRACE] [TOPO] path link=4 bw=40 hops=4 gpu=5 to_type=4 to_id=0x0
jscs-backuppool-5090test-091606:188079:188513 [0] NCCL INFO [YT-TRACE] [TOPO] path link=4 bw=40 hops=4 gpu=5 to_type=8 to_id=0x27000
jscs-backuppool-5090test-091606:188079:188513 [0] NCCL INFO [YT-TRACE] [TOPO] path link=4 bw=40 hops=4 gpu=5 to_type=8 to_id=0x38000
jscs-backuppool-5090test-091606:188079:188513 [0] NCCL INFO [YT-TRACE] [TOPO] path link=4 bw=40 hops=4 gpu=5 to_type=8 to_id=0x49000
jscs-backuppool-5090test-091606:188079:188513 [0] NCCL INFO [YT-TRACE] [TOPO] path link=4 bw=40 hops=4 gpu=5 to_type=8 to_id=0x5a000
jscs-backuppool-5090test-091606:188079:188513 [0] NCCL INFO [YT-TRACE] [TOPO] path link=4 bw=40 hops=4 gpu=5 to_type=8 to_id=0xc8000
jscs-backuppool-5090test-091606:188079:188518 [5] NCCL INFO [YT-TRACE] [TOPO] path link=0 bw=40 hops=5 gpu=0 peer=3
jscs-backuppool-5090test-091606:188079:188513 [0] NCCL INFO [YT-TRACE] [TOPO] path link=10 bw=25 hops=5 gpu=5 to_type=5 to_id=0x0
jscs-backuppool-5090test-091606:188079:188516 [3] NCCL INFO [YT-TRACE] [TOPO] path link=4 bw=48 hops=2 gpu=0 to_type=3 to_id=0x0
jscs-backuppool-5090test-091606:188079:188513 [0] NCCL INFO [YT-TRACE] [TOPO] path link=10 bw=25 hops=5 gpu=5 to_type=5 to_id=0x0
jscs-backuppool-5090test-091606:188079:188513 [0] NCCL INFO [YT-TRACE] [TOPO] path link=10 bw=25 hops=5 gpu=5 to_type=5 to_id=0x0
jscs-backuppool-5090test-091606:188079:188513 [0] NCCL INFO [YT-TRACE] [TOPO] path link=10 bw=25 hops=5 gpu=5 to_type=5 to_id=0x0
jscs-backuppool-5090test-091606:188079:188513 [0] NCCL INFO [YT-TRACE] [TOPO] path link=0 bw=40 hops=5 gpu=5 peer=0
jscs-backuppool-5090test-091606:188079:188513 [0] NCCL INFO [YT-TRACE] [TOPO] path link=0 bw=40 hops=5 gpu=5 peer=1
jscs-backuppool-5090test-091606:188079:188513 [0] NCCL INFO [YT-TRACE] [TOPO] path link=0 bw=40 hops=5 gpu=5 peer=2
jscs-backuppool-5090test-091606:188079:188513 [0] NCCL INFO [YT-TRACE] [TOPO] path link=0 bw=40 hops=5 gpu=5 peer=3
jscs-backuppool-5090test-091606:188079:188513 [0] NCCL INFO [YT-TRACE] [TOPO] path link=0 bw=40 hops=5 gpu=5 peer=7
jscs-backuppool-5090test-091606:188079:188513 [0] NCCL INFO [YT-TRACE] [TOPO] path link=0 bw=5000 hops=1 gpu=6 to_type=8 to_id=0xb8000
jscs-backuppool-5090test-091606:188079:188513 [0] NCCL INFO [YT-TRACE] [TOPO] path link=4 bw=48 hops=2 gpu=6 to_type=3 to_id=0x2
jscs-backuppool-5090test-091606:188079:188513 [0] NCCL INFO [YT-TRACE] [TOPO] path link=4 bw=48 hops=3 gpu=6 to_type=8 to_id=0x98000
jscs-backuppool-5090test-091606:188079:188513 [0] NCCL INFO [YT-TRACE] [TOPO] path link=4 bw=48 hops=3 gpu=6 to_type=8 to_id=0xa8000
jscs-backuppool-5090test-091606:188079:188513 [0] NCCL INFO [YT-TRACE] [TOPO] path link=9 bw=40 hops=3 gpu=6 to_type=3 to_id=0x0
jscs-backuppool-5090test-091606:188079:188513 [0] NCCL INFO [YT-TRACE] [TOPO] path link=9 bw=40 hops=3 gpu=6 to_type=3 to_id=0x1
jscs-backuppool-5090test-091606:188079:188513 [0] NCCL INFO [YT-TRACE] [TOPO] path link=9 bw=40 hops=3 gpu=6 to_type=3 to_id=0x3
jscs-backuppool-5090test-091606:188079:188513 [0] NCCL INFO [YT-TRACE] [TOPO] path link=0 bw=48 hops=4 gpu=6 peer=4
jscs-backuppool-5090test-091606:188079:188513 [0] NCCL INFO [YT-TRACE] [TOPO] path link=0 bw=48 hops=4 gpu=6 peer=5
jscs-backuppool-5090test-091606:188079:188513 [0] NCCL INFO [YT-TRACE] [TOPO] path link=4 bw=40 hops=4 gpu=6 to_type=4 to_id=0x0
jscs-backuppool-5090test-091606:188079:188513 [0] NCCL INFO [YT-TRACE] [TOPO] path link=4 bw=40 hops=4 gpu=6 to_type=8 to_id=0x27000
jscs-backuppool-5090test-091606:188079:188518 [5] NCCL INFO [YT-TRACE] [TOPO] path link=0 bw=40 hops=5 gpu=0 peer=4
jscs-backuppool-5090test-091606:188079:188513 [0] NCCL INFO [YT-TRACE] [TOPO] path link=4 bw=40 hops=4 gpu=6 to_type=8 to_id=0x38000
jscs-backuppool-5090test-091606:188079:188513 [0] NCCL INFO [YT-TRACE] [TOPO] path link=4 bw=40 hops=4 gpu=6 to_type=8 to_id=0x49000
jscs-backuppool-5090test-091606:188079:188513 [0] NCCL INFO [YT-TRACE] [TOPO] path link=4 bw=40 hops=4 gpu=6 to_type=8 to_id=0x5a000
jscs-backuppool-5090test-091606:188079:188516 [3] NCCL INFO [YT-TRACE] [TOPO] path link=4 bw=48 hops=3 gpu=0 to_type=4 to_id=0x0
jscs-backuppool-5090test-091606:188079:188513 [0] NCCL INFO [YT-TRACE] [TOPO] path link=4 bw=40 hops=4 gpu=6 to_type=8 to_id=0xc8000
jscs-backuppool-5090test-091606:188079:188513 [0] NCCL INFO [YT-TRACE] [TOPO] path link=10 bw=25 hops=5 gpu=6 to_type=5 to_id=0x0
jscs-backuppool-5090test-091606:188079:188513 [0] NCCL INFO [YT-TRACE] [TOPO] path link=10 bw=25 hops=5 gpu=6 to_type=5 to_id=0x0
jscs-backuppool-5090test-091606:188079:188513 [0] NCCL INFO [YT-TRACE] [TOPO] path link=10 bw=25 hops=5 gpu=6 to_type=5 to_id=0x0
jscs-backuppool-5090test-091606:188079:188513 [0] NCCL INFO [YT-TRACE] [TOPO] path link=10 bw=25 hops=5 gpu=6 to_type=5 to_id=0x0
jscs-backuppool-5090test-091606:188079:188513 [0] NCCL INFO [YT-TRACE] [TOPO] path link=0 bw=40 hops=5 gpu=6 peer=0
jscs-backuppool-5090test-091606:188079:188513 [0] NCCL INFO [YT-TRACE] [TOPO] path link=0 bw=40 hops=5 gpu=6 peer=1
jscs-backuppool-5090test-091606:188079:188513 [0] NCCL INFO [YT-TRACE] [TOPO] path link=0 bw=40 hops=5 gpu=6 peer=2
jscs-backuppool-5090test-091606:188079:188513 [0] NCCL INFO [YT-TRACE] [TOPO] path link=0 bw=40 hops=5 gpu=6 peer=3
jscs-backuppool-5090test-091606:188079:188513 [0] NCCL INFO [YT-TRACE] [TOPO] path link=0 bw=40 hops=5 gpu=6 peer=7
jscs-backuppool-5090test-091606:188079:188513 [0] NCCL INFO [YT-TRACE] [TOPO] path link=0 bw=5000 hops=1 gpu=7 to_type=8 to_id=0xc8000
jscs-backuppool-5090test-091606:188079:188513 [0] NCCL INFO [YT-TRACE] [TOPO] path link=4 bw=48 hops=2 gpu=7 to_type=3 to_id=0x3
jscs-backuppool-5090test-091606:188079:188518 [5] NCCL INFO [YT-TRACE] [TOPO] path link=0 bw=40 hops=5 gpu=0 peer=5
jscs-backuppool-5090test-091606:188079:188513 [0] NCCL INFO [YT-TRACE] [TOPO] path link=9 bw=40 hops=3 gpu=7 to_type=3 to_id=0x0
jscs-backuppool-5090test-091606:188079:188516 [3] NCCL INFO [YT-TRACE] [TOPO] path link=4 bw=48 hops=3 gpu=0 to_type=8 to_id=0x38000
jscs-backuppool-5090test-091606:188079:188513 [0] NCCL INFO [YT-TRACE] [TOPO] path link=9 bw=40 hops=3 gpu=7 to_type=3 to_id=0x1
jscs-backuppool-5090test-091606:188079:188513 [0] NCCL INFO [YT-TRACE] [TOPO] path link=9 bw=40 hops=3 gpu=7 to_type=3 to_id=0x2
jscs-backuppool-5090test-091606:188079:188513 [0] NCCL INFO [YT-TRACE] [TOPO] path link=4 bw=40 hops=4 gpu=7 to_type=4 to_id=0x0
jscs-backuppool-5090test-091606:188079:188513 [0] NCCL INFO [YT-TRACE] [TOPO] path link=4 bw=40 hops=4 gpu=7 to_type=8 to_id=0x27000
jscs-backuppool-5090test-091606:188079:188513 [0] NCCL INFO [YT-TRACE] [TOPO] path link=4 bw=40 hops=4 gpu=7 to_type=8 to_id=0x38000
jscs-backuppool-5090test-091606:188079:188513 [0] NCCL INFO [YT-TRACE] [TOPO] path link=4 bw=40 hops=4 gpu=7 to_type=8 to_id=0x49000
jscs-backuppool-5090test-091606:188079:188513 [0] NCCL INFO [YT-TRACE] [TOPO] path link=4 bw=40 hops=4 gpu=7 to_type=8 to_id=0x5a000
jscs-backuppool-5090test-091606:188079:188513 [0] NCCL INFO [YT-TRACE] [TOPO] path link=4 bw=40 hops=4 gpu=7 to_type=8 to_id=0x98000
jscs-backuppool-5090test-091606:188079:188513 [0] NCCL INFO [YT-TRACE] [TOPO] path link=4 bw=40 hops=4 gpu=7 to_type=8 to_id=0xa8000
jscs-backuppool-5090test-091606:188079:188513 [0] NCCL INFO [YT-TRACE] [TOPO] path link=4 bw=40 hops=4 gpu=7 to_type=8 to_id=0xb8000
jscs-backuppool-5090test-091606:188079:188513 [0] NCCL INFO [YT-TRACE] [TOPO] path link=10 bw=25 hops=5 gpu=7 to_type=5 to_id=0x0
jscs-backuppool-5090test-091606:188079:188513 [0] NCCL INFO [YT-TRACE] [TOPO] path link=10 bw=25 hops=5 gpu=7 to_type=5 to_id=0x0
jscs-backuppool-5090test-091606:188079:188513 [0] NCCL INFO [YT-TRACE] [TOPO] path link=10 bw=25 hops=5 gpu=7 to_type=5 to_id=0x0
jscs-backuppool-5090test-091606:188079:188513 [0] NCCL INFO [YT-TRACE] [TOPO] path link=10 bw=25 hops=5 gpu=7 to_type=5 to_id=0x0
jscs-backuppool-5090test-091606:188079:188513 [0] NCCL INFO [YT-TRACE] [TOPO] path link=0 bw=40 hops=5 gpu=7 peer=0
jscs-backuppool-5090test-091606:188079:188513 [0] NCCL INFO [YT-TRACE] [TOPO] path link=0 bw=40 hops=5 gpu=7 peer=1
jscs-backuppool-5090test-091606:188079:188513 [0] NCCL INFO [YT-TRACE] [TOPO] path link=0 bw=40 hops=5 gpu=7 peer=2
jscs-backuppool-5090test-091606:188079:188516 [3] NCCL INFO [YT-TRACE] [TOPO] path link=9 bw=40 hops=3 gpu=0 to_type=3 to_id=0x1
jscs-backuppool-5090test-091606:188079:188513 [0] NCCL INFO [YT-TRACE] [TOPO] path link=0 bw=40 hops=5 gpu=7 peer=3
jscs-backuppool-5090test-091606:188079:188518 [5] NCCL INFO [YT-TRACE] [TOPO] path link=0 bw=40 hops=5 gpu=0 peer=6
jscs-backuppool-5090test-091606:188079:188513 [0] NCCL INFO [YT-TRACE] [TOPO] path link=0 bw=40 hops=5 gpu=7 peer=4
jscs-backuppool-5090test-091606:188079:188513 [0] NCCL INFO [YT-TRACE] [TOPO] path link=0 bw=40 hops=5 gpu=7 peer=5
jscs-backuppool-5090test-091606:188079:188513 [0] NCCL INFO [YT-TRACE] [TOPO] path link=0 bw=40 hops=5 gpu=7 peer=6
jscs-backuppool-5090test-091606:188079:188516 [3] NCCL INFO [YT-TRACE] [TOPO] path link=9 bw=40 hops=3 gpu=0 to_type=3 to_id=0x2
jscs-backuppool-5090test-091606:188079:188518 [5] NCCL INFO [YT-TRACE] [TOPO] path link=0 bw=40 hops=5 gpu=0 peer=7
jscs-backuppool-5090test-091606:188079:188518 [5] NCCL INFO [YT-TRACE] [TOPO] path link=0 bw=5000 hops=1 gpu=1 to_type=8 to_id=0x38000
jscs-backuppool-5090test-091606:188079:188518 [5] NCCL INFO [YT-TRACE] [TOPO] path link=4 bw=48 hops=2 gpu=1 to_type=3 to_id=0x0
jscs-backuppool-5090test-091606:188079:188518 [5] NCCL INFO [YT-TRACE] [TOPO] path link=4 bw=48 hops=3 gpu=1 to_type=4 to_id=0x0
jscs-backuppool-5090test-091606:188079:188518 [5] NCCL INFO [YT-TRACE] [TOPO] path link=4 bw=48 hops=3 gpu=1 to_type=8 to_id=0x27000
jscs-backuppool-5090test-091606:188079:188518 [5] NCCL INFO [YT-TRACE] [TOPO] path link=9 bw=40 hops=3 gpu=1 to_type=3 to_id=0x1
jscs-backuppool-5090test-091606:188079:188518 [5] NCCL INFO [YT-TRACE] [TOPO] path link=9 bw=40 hops=3 gpu=1 to_type=3 to_id=0x2
jscs-backuppool-5090test-091606:188079:188518 [5] NCCL INFO [YT-TRACE] [TOPO] path link=9 bw=40 hops=3 gpu=1 to_type=3 to_id=0x3
jscs-backuppool-5090test-091606:188079:188518 [5] NCCL INFO [YT-TRACE] [TOPO] path link=10 bw=25 hops=4 gpu=1 to_type=5 to_id=0x0
jscs-backuppool-5090test-091606:188079:188518 [5] NCCL INFO [YT-TRACE] [TOPO] path link=10 bw=25 hops=4 gpu=1 to_type=5 to_id=0x0
jscs-backuppool-5090test-091606:188079:188518 [5] NCCL INFO [YT-TRACE] [TOPO] path link=10 bw=25 hops=4 gpu=1 to_type=5 to_id=0x0
jscs-backuppool-5090test-091606:188079:188518 [5] NCCL INFO [YT-TRACE] [TOPO] path link=10 bw=25 hops=4 gpu=1 to_type=5 to_id=0x0
jscs-backuppool-5090test-091606:188079:188518 [5] NCCL INFO [YT-TRACE] [TOPO] path link=0 bw=48 hops=4 gpu=1 peer=0
jscs-backuppool-5090test-091606:188079:188518 [5] NCCL INFO [YT-TRACE] [TOPO] path link=4 bw=40 hops=4 gpu=1 to_type=8 to_id=0x49000
jscs-backuppool-5090test-091606:188079:188518 [5] NCCL INFO [YT-TRACE] [TOPO] path link=4 bw=40 hops=4 gpu=1 to_type=8 to_id=0x5a000
jscs-backuppool-5090test-091606:188079:188518 [5] NCCL INFO [YT-TRACE] [TOPO] path link=4 bw=40 hops=4 gpu=1 to_type=8 to_id=0x98000
jscs-backuppool-5090test-091606:188079:188518 [5] NCCL INFO [YT-TRACE] [TOPO] path link=4 bw=40 hops=4 gpu=1 to_type=8 to_id=0xa8000
jscs-backuppool-5090test-091606:188079:188518 [5] NCCL INFO [YT-TRACE] [TOPO] path link=4 bw=40 hops=4 gpu=1 to_type=8 to_id=0xb8000
jscs-backuppool-5090test-091606:188079:188518 [5] NCCL INFO [YT-TRACE] [TOPO] path link=4 bw=40 hops=4 gpu=1 to_type=8 to_id=0xc8000
jscs-backuppool-5090test-091606:188079:188518 [5] NCCL INFO [YT-TRACE] [TOPO] path link=0 bw=40 hops=5 gpu=1 peer=2
jscs-backuppool-5090test-091606:188079:188518 [5] NCCL INFO [YT-TRACE] [TOPO] path link=0 bw=40 hops=5 gpu=1 peer=3
jscs-backuppool-5090test-091606:188079:188518 [5] NCCL INFO [YT-TRACE] [TOPO] path link=0 bw=40 hops=5 gpu=1 peer=4
jscs-backuppool-5090test-091606:188079:188518 [5] NCCL INFO [YT-TRACE] [TOPO] path link=0 bw=40 hops=5 gpu=1 peer=5
jscs-backuppool-5090test-091606:188079:188518 [5] NCCL INFO [YT-TRACE] [TOPO] path link=0 bw=40 hops=5 gpu=1 peer=6
jscs-backuppool-5090test-091606:188079:188518 [5] NCCL INFO [YT-TRACE] [TOPO] path link=0 bw=40 hops=5 gpu=1 peer=7
jscs-backuppool-5090test-091606:188079:188518 [5] NCCL INFO [YT-TRACE] [TOPO] path link=0 bw=5000 hops=1 gpu=2 to_type=8 to_id=0x49000
jscs-backuppool-5090test-091606:188079:188516 [3] NCCL INFO [YT-TRACE] [TOPO] path link=9 bw=40 hops=3 gpu=0 to_type=3 to_id=0x3
jscs-backuppool-5090test-091606:188079:188518 [5] NCCL INFO [YT-TRACE] [TOPO] path link=4 bw=48 hops=2 gpu=2 to_type=3 to_id=0x1
jscs-backuppool-5090test-091606:188079:188518 [5] NCCL INFO [YT-TRACE] [TOPO] path link=4 bw=48 hops=3 gpu=2 to_type=8 to_id=0x5a000
jscs-backuppool-5090test-091606:188079:188518 [5] NCCL INFO [YT-TRACE] [TOPO] path link=9 bw=40 hops=3 gpu=2 to_type=3 to_id=0x0
jscs-backuppool-5090test-091606:188079:188518 [5] NCCL INFO [YT-TRACE] [TOPO] path link=9 bw=40 hops=3 gpu=2 to_type=3 to_id=0x2
jscs-backuppool-5090test-091606:188079:188518 [5] NCCL INFO [YT-TRACE] [TOPO] path link=9 bw=40 hops=3 gpu=2 to_type=3 to_id=0x3
jscs-backuppool-5090test-091606:188079:188518 [5] NCCL INFO [YT-TRACE] [TOPO] path link=0 bw=48 hops=4 gpu=2 peer=3
jscs-backuppool-5090test-091606:188079:188518 [5] NCCL INFO [YT-TRACE] [TOPO] path link=4 bw=40 hops=4 gpu=2 to_type=4 to_id=0x0
jscs-backuppool-5090test-091606:188079:188518 [5] NCCL INFO [YT-TRACE] [TOPO] path link=4 bw=40 hops=4 gpu=2 to_type=8 to_id=0x27000
jscs-backuppool-5090test-091606:188079:188518 [5] NCCL INFO [YT-TRACE] [TOPO] path link=4 bw=40 hops=4 gpu=2 to_type=8 to_id=0x38000
jscs-backuppool-5090test-091606:188079:188518 [5] NCCL INFO [YT-TRACE] [TOPO] path link=4 bw=40 hops=4 gpu=2 to_type=8 to_id=0x98000
jscs-backuppool-5090test-091606:188079:188518 [5] NCCL INFO [YT-TRACE] [TOPO] path link=4 bw=40 hops=4 gpu=2 to_type=8 to_id=0xa8000
jscs-backuppool-5090test-091606:188079:188518 [5] NCCL INFO [YT-TRACE] [TOPO] path link=4 bw=40 hops=4 gpu=2 to_type=8 to_id=0xb8000
jscs-backuppool-5090test-091606:188079:188518 [5] NCCL INFO [YT-TRACE] [TOPO] path link=4 bw=40 hops=4 gpu=2 to_type=8 to_id=0xc8000
jscs-backuppool-5090test-091606:188079:188518 [5] NCCL INFO [YT-TRACE] [TOPO] path link=10 bw=25 hops=5 gpu=2 to_type=5 to_id=0x0
jscs-backuppool-5090test-091606:188079:188518 [5] NCCL INFO [YT-TRACE] [TOPO] path link=10 bw=25 hops=5 gpu=2 to_type=5 to_id=0x0
jscs-backuppool-5090test-091606:188079:188518 [5] NCCL INFO [YT-TRACE] [TOPO] path link=10 bw=25 hops=5 gpu=2 to_type=5 to_id=0x0
jscs-backuppool-5090test-091606:188079:188518 [5] NCCL INFO [YT-TRACE] [TOPO] path link=10 bw=25 hops=5 gpu=2 to_type=5 to_id=0x0
jscs-backuppool-5090test-091606:188079:188518 [5] NCCL INFO [YT-TRACE] [TOPO] path link=0 bw=40 hops=5 gpu=2 peer=0
jscs-backuppool-5090test-091606:188079:188518 [5] NCCL INFO [YT-TRACE] [TOPO] path link=0 bw=40 hops=5 gpu=2 peer=1
jscs-backuppool-5090test-091606:188079:188518 [5] NCCL INFO [YT-TRACE] [TOPO] path link=0 bw=40 hops=5 gpu=2 peer=4
jscs-backuppool-5090test-091606:188079:188518 [5] NCCL INFO [YT-TRACE] [TOPO] path link=0 bw=40 hops=5 gpu=2 peer=5
jscs-backuppool-5090test-091606:188079:188518 [5] NCCL INFO [YT-TRACE] [TOPO] path link=0 bw=40 hops=5 gpu=2 peer=6
jscs-backuppool-5090test-091606:188079:188518 [5] NCCL INFO [YT-TRACE] [TOPO] path link=0 bw=40 hops=5 gpu=2 peer=7
jscs-backuppool-5090test-091606:188079:188518 [5] NCCL INFO [YT-TRACE] [TOPO] path link=0 bw=5000 hops=1 gpu=3 to_type=8 to_id=0x5a000
jscs-backuppool-5090test-091606:188079:188518 [5] NCCL INFO [YT-TRACE] [TOPO] path link=4 bw=48 hops=2 gpu=3 to_type=3 to_id=0x1
jscs-backuppool-5090test-091606:188079:188518 [5] NCCL INFO [YT-TRACE] [TOPO] path link=4 bw=48 hops=3 gpu=3 to_type=8 to_id=0x49000
jscs-backuppool-5090test-091606:188079:188518 [5] NCCL INFO [YT-TRACE] [TOPO] path link=9 bw=40 hops=3 gpu=3 to_type=3 to_id=0x0
jscs-backuppool-5090test-091606:188079:188518 [5] NCCL INFO [YT-TRACE] [TOPO] path link=9 bw=40 hops=3 gpu=3 to_type=3 to_id=0x2
jscs-backuppool-5090test-091606:188079:188518 [5] NCCL INFO [YT-TRACE] [TOPO] path link=9 bw=40 hops=3 gpu=3 to_type=3 to_id=0x3
jscs-backuppool-5090test-091606:188079:188518 [5] NCCL INFO [YT-TRACE] [TOPO] path link=0 bw=48 hops=4 gpu=3 peer=2
jscs-backuppool-5090test-091606:188079:188518 [5] NCCL INFO [YT-TRACE] [TOPO] path link=4 bw=40 hops=4 gpu=3 to_type=4 to_id=0x0
jscs-backuppool-5090test-091606:188079:188518 [5] NCCL INFO [YT-TRACE] [TOPO] path link=4 bw=40 hops=4 gpu=3 to_type=8 to_id=0x27000
jscs-backuppool-5090test-091606:188079:188518 [5] NCCL INFO [YT-TRACE] [TOPO] path link=4 bw=40 hops=4 gpu=3 to_type=8 to_id=0x38000
jscs-backuppool-5090test-091606:188079:188516 [3] NCCL INFO [YT-TRACE] [TOPO] path link=10 bw=25 hops=4 gpu=0 to_type=5 to_id=0x0
jscs-backuppool-5090test-091606:188079:188518 [5] NCCL INFO [YT-TRACE] [TOPO] path link=4 bw=40 hops=4 gpu=3 to_type=8 to_id=0x98000
jscs-backuppool-5090test-091606:188079:188518 [5] NCCL INFO [YT-TRACE] [TOPO] path link=4 bw=40 hops=4 gpu=3 to_type=8 to_id=0xa8000
jscs-backuppool-5090test-091606:188079:188518 [5] NCCL INFO [YT-TRACE] [TOPO] path link=4 bw=40 hops=4 gpu=3 to_type=8 to_id=0xb8000
jscs-backuppool-5090test-091606:188079:188518 [5] NCCL INFO [YT-TRACE] [TOPO] path link=4 bw=40 hops=4 gpu=3 to_type=8 to_id=0xc8000
jscs-backuppool-5090test-091606:188079:188518 [5] NCCL INFO [YT-TRACE] [TOPO] path link=10 bw=25 hops=5 gpu=3 to_type=5 to_id=0x0
jscs-backuppool-5090test-091606:188079:188518 [5] NCCL INFO [YT-TRACE] [TOPO] path link=10 bw=25 hops=5 gpu=3 to_type=5 to_id=0x0
jscs-backuppool-5090test-091606:188079:188518 [5] NCCL INFO [YT-TRACE] [TOPO] path link=10 bw=25 hops=5 gpu=3 to_type=5 to_id=0x0
jscs-backuppool-5090test-091606:188079:188518 [5] NCCL INFO [YT-TRACE] [TOPO] path link=10 bw=25 hops=5 gpu=3 to_type=5 to_id=0x0
jscs-backuppool-5090test-091606:188079:188518 [5] NCCL INFO [YT-TRACE] [TOPO] path link=0 bw=40 hops=5 gpu=3 peer=0
jscs-backuppool-5090test-091606:188079:188518 [5] NCCL INFO [YT-TRACE] [TOPO] path link=0 bw=40 hops=5 gpu=3 peer=1
jscs-backuppool-5090test-091606:188079:188518 [5] NCCL INFO [YT-TRACE] [TOPO] path link=0 bw=40 hops=5 gpu=3 peer=4
jscs-backuppool-5090test-091606:188079:188518 [5] NCCL INFO [YT-TRACE] [TOPO] path link=0 bw=40 hops=5 gpu=3 peer=5
jscs-backuppool-5090test-091606:188079:188518 [5] NCCL INFO [YT-TRACE] [TOPO] path link=0 bw=40 hops=5 gpu=3 peer=6
jscs-backuppool-5090test-091606:188079:188518 [5] NCCL INFO [YT-TRACE] [TOPO] path link=0 bw=40 hops=5 gpu=3 peer=7
jscs-backuppool-5090test-091606:188079:188518 [5] NCCL INFO [YT-TRACE] [TOPO] path link=0 bw=5000 hops=1 gpu=4 to_type=8 to_id=0x98000
jscs-backuppool-5090test-091606:188079:188518 [5] NCCL INFO [YT-TRACE] [TOPO] path link=4 bw=48 hops=2 gpu=4 to_type=3 to_id=0x2
jscs-backuppool-5090test-091606:188079:188518 [5] NCCL INFO [YT-TRACE] [TOPO] path link=4 bw=48 hops=3 gpu=4 to_type=8 to_id=0xa8000
jscs-backuppool-5090test-091606:188079:188518 [5] NCCL INFO [YT-TRACE] [TOPO] path link=4 bw=48 hops=3 gpu=4 to_type=8 to_id=0xb8000
jscs-backuppool-5090test-091606:188079:188518 [5] NCCL INFO [YT-TRACE] [TOPO] path link=9 bw=40 hops=3 gpu=4 to_type=3 to_id=0x0
jscs-backuppool-5090test-091606:188079:188518 [5] NCCL INFO [YT-TRACE] [TOPO] path link=9 bw=40 hops=3 gpu=4 to_type=3 to_id=0x1
jscs-backuppool-5090test-091606:188079:188518 [5] NCCL INFO [YT-TRACE] [TOPO] path link=9 bw=40 hops=3 gpu=4 to_type=3 to_id=0x3
jscs-backuppool-5090test-091606:188079:188518 [5] NCCL INFO [YT-TRACE] [TOPO] path link=0 bw=48 hops=4 gpu=4 peer=5
jscs-backuppool-5090test-091606:188079:188518 [5] NCCL INFO [YT-TRACE] [TOPO] path link=0 bw=48 hops=4 gpu=4 peer=6
jscs-backuppool-5090test-091606:188079:188518 [5] NCCL INFO [YT-TRACE] [TOPO] path link=4 bw=40 hops=4 gpu=4 to_type=4 to_id=0x0
jscs-backuppool-5090test-091606:188079:188518 [5] NCCL INFO [YT-TRACE] [TOPO] path link=4 bw=40 hops=4 gpu=4 to_type=8 to_id=0x27000
jscs-backuppool-5090test-091606:188079:188518 [5] NCCL INFO [YT-TRACE] [TOPO] path link=4 bw=40 hops=4 gpu=4 to_type=8 to_id=0x38000
jscs-backuppool-5090test-091606:188079:188518 [5] NCCL INFO [YT-TRACE] [TOPO] path link=4 bw=40 hops=4 gpu=4 to_type=8 to_id=0x49000
jscs-backuppool-5090test-091606:188079:188518 [5] NCCL INFO [YT-TRACE] [TOPO] path link=4 bw=40 hops=4 gpu=4 to_type=8 to_id=0x5a000
jscs-backuppool-5090test-091606:188079:188518 [5] NCCL INFO [YT-TRACE] [TOPO] path link=4 bw=40 hops=4 gpu=4 to_type=8 to_id=0xc8000
jscs-backuppool-5090test-091606:188079:188518 [5] NCCL INFO [YT-TRACE] [TOPO] path link=10 bw=25 hops=5 gpu=4 to_type=5 to_id=0x0
jscs-backuppool-5090test-091606:188079:188518 [5] NCCL INFO [YT-TRACE] [TOPO] path link=10 bw=25 hops=5 gpu=4 to_type=5 to_id=0x0
jscs-backuppool-5090test-091606:188079:188516 [3] NCCL INFO [YT-TRACE] [TOPO] path link=10 bw=25 hops=4 gpu=0 to_type=5 to_id=0x0
jscs-backuppool-5090test-091606:188079:188518 [5] NCCL INFO [YT-TRACE] [TOPO] path link=10 bw=25 hops=5 gpu=4 to_type=5 to_id=0x0
jscs-backuppool-5090test-091606:188079:188518 [5] NCCL INFO [YT-TRACE] [TOPO] path link=10 bw=25 hops=5 gpu=4 to_type=5 to_id=0x0
jscs-backuppool-5090test-091606:188079:188518 [5] NCCL INFO [YT-TRACE] [TOPO] path link=0 bw=40 hops=5 gpu=4 peer=0
jscs-backuppool-5090test-091606:188079:188518 [5] NCCL INFO [YT-TRACE] [TOPO] path link=0 bw=40 hops=5 gpu=4 peer=1
jscs-backuppool-5090test-091606:188079:188518 [5] NCCL INFO [YT-TRACE] [TOPO] path link=0 bw=40 hops=5 gpu=4 peer=2
jscs-backuppool-5090test-091606:188079:188518 [5] NCCL INFO [YT-TRACE] [TOPO] path link=0 bw=40 hops=5 gpu=4 peer=3
jscs-backuppool-5090test-091606:188079:188518 [5] NCCL INFO [YT-TRACE] [TOPO] path link=0 bw=40 hops=5 gpu=4 peer=7
jscs-backuppool-5090test-091606:188079:188518 [5] NCCL INFO [YT-TRACE] [TOPO] path link=0 bw=5000 hops=1 gpu=5 to_type=8 to_id=0xa8000
jscs-backuppool-5090test-091606:188079:188518 [5] NCCL INFO [YT-TRACE] [TOPO] path link=4 bw=48 hops=2 gpu=5 to_type=3 to_id=0x2
jscs-backuppool-5090test-091606:188079:188518 [5] NCCL INFO [YT-TRACE] [TOPO] path link=4 bw=48 hops=3 gpu=5 to_type=8 to_id=0x98000
jscs-backuppool-5090test-091606:188079:188518 [5] NCCL INFO [YT-TRACE] [TOPO] path link=4 bw=48 hops=3 gpu=5 to_type=8 to_id=0xb8000
jscs-backuppool-5090test-091606:188079:188518 [5] NCCL INFO [YT-TRACE] [TOPO] path link=9 bw=40 hops=3 gpu=5 to_type=3 to_id=0x0
jscs-backuppool-5090test-091606:188079:188518 [5] NCCL INFO [YT-TRACE] [TOPO] path link=9 bw=40 hops=3 gpu=5 to_type=3 to_id=0x1
jscs-backuppool-5090test-091606:188079:188518 [5] NCCL INFO [YT-TRACE] [TOPO] path link=9 bw=40 hops=3 gpu=5 to_type=3 to_id=0x3
jscs-backuppool-5090test-091606:188079:188518 [5] NCCL INFO [YT-TRACE] [TOPO] path link=0 bw=48 hops=4 gpu=5 peer=4
jscs-backuppool-5090test-091606:188079:188518 [5] NCCL INFO [YT-TRACE] [TOPO] path link=0 bw=48 hops=4 gpu=5 peer=6
jscs-backuppool-5090test-091606:188079:188518 [5] NCCL INFO [YT-TRACE] [TOPO] path link=4 bw=40 hops=4 gpu=5 to_type=4 to_id=0x0
jscs-backuppool-5090test-091606:188079:188518 [5] NCCL INFO [YT-TRACE] [TOPO] path link=4 bw=40 hops=4 gpu=5 to_type=8 to_id=0x27000
jscs-backuppool-5090test-091606:188079:188518 [5] NCCL INFO [YT-TRACE] [TOPO] path link=4 bw=40 hops=4 gpu=5 to_type=8 to_id=0x38000
jscs-backuppool-5090test-091606:188079:188518 [5] NCCL INFO [YT-TRACE] [TOPO] path link=4 bw=40 hops=4 gpu=5 to_type=8 to_id=0x49000
jscs-backuppool-5090test-091606:188079:188518 [5] NCCL INFO [YT-TRACE] [TOPO] path link=4 bw=40 hops=4 gpu=5 to_type=8 to_id=0x5a000
jscs-backuppool-5090test-091606:188079:188518 [5] NCCL INFO [YT-TRACE] [TOPO] path link=4 bw=40 hops=4 gpu=5 to_type=8 to_id=0xc8000
jscs-backuppool-5090test-091606:188079:188518 [5] NCCL INFO [YT-TRACE] [TOPO] path link=10 bw=25 hops=5 gpu=5 to_type=5 to_id=0x0
jscs-backuppool-5090test-091606:188079:188518 [5] NCCL INFO [YT-TRACE] [TOPO] path link=10 bw=25 hops=5 gpu=5 to_type=5 to_id=0x0
jscs-backuppool-5090test-091606:188079:188518 [5] NCCL INFO [YT-TRACE] [TOPO] path link=10 bw=25 hops=5 gpu=5 to_type=5 to_id=0x0
jscs-backuppool-5090test-091606:188079:188518 [5] NCCL INFO [YT-TRACE] [TOPO] path link=10 bw=25 hops=5 gpu=5 to_type=5 to_id=0x0
jscs-backuppool-5090test-091606:188079:188518 [5] NCCL INFO [YT-TRACE] [TOPO] path link=0 bw=40 hops=5 gpu=5 peer=0
jscs-backuppool-5090test-091606:188079:188518 [5] NCCL INFO [YT-TRACE] [TOPO] path link=0 bw=40 hops=5 gpu=5 peer=1
jscs-backuppool-5090test-091606:188079:188518 [5] NCCL INFO [YT-TRACE] [TOPO] path link=0 bw=40 hops=5 gpu=5 peer=2
jscs-backuppool-5090test-091606:188079:188516 [3] NCCL INFO [YT-TRACE] [TOPO] path link=10 bw=25 hops=4 gpu=0 to_type=5 to_id=0x0
jscs-backuppool-5090test-091606:188079:188518 [5] NCCL INFO [YT-TRACE] [TOPO] path link=0 bw=40 hops=5 gpu=5 peer=3
jscs-backuppool-5090test-091606:188079:188518 [5] NCCL INFO [YT-TRACE] [TOPO] path link=0 bw=40 hops=5 gpu=5 peer=7
jscs-backuppool-5090test-091606:188079:188518 [5] NCCL INFO [YT-TRACE] [TOPO] path link=0 bw=5000 hops=1 gpu=6 to_type=8 to_id=0xb8000
jscs-backuppool-5090test-091606:188079:188518 [5] NCCL INFO [YT-TRACE] [TOPO] path link=4 bw=48 hops=2 gpu=6 to_type=3 to_id=0x2
jscs-backuppool-5090test-091606:188079:188518 [5] NCCL INFO [YT-TRACE] [TOPO] path link=4 bw=48 hops=3 gpu=6 to_type=8 to_id=0x98000
jscs-backuppool-5090test-091606:188079:188518 [5] NCCL INFO [YT-TRACE] [TOPO] path link=4 bw=48 hops=3 gpu=6 to_type=8 to_id=0xa8000
jscs-backuppool-5090test-091606:188079:188518 [5] NCCL INFO [YT-TRACE] [TOPO] path link=9 bw=40 hops=3 gpu=6 to_type=3 to_id=0x0
jscs-backuppool-5090test-091606:188079:188518 [5] NCCL INFO [YT-TRACE] [TOPO] path link=9 bw=40 hops=3 gpu=6 to_type=3 to_id=0x1
jscs-backuppool-5090test-091606:188079:188518 [5] NCCL INFO [YT-TRACE] [TOPO] path link=9 bw=40 hops=3 gpu=6 to_type=3 to_id=0x3
jscs-backuppool-5090test-091606:188079:188518 [5] NCCL INFO [YT-TRACE] [TOPO] path link=0 bw=48 hops=4 gpu=6 peer=4
jscs-backuppool-5090test-091606:188079:188518 [5] NCCL INFO [YT-TRACE] [TOPO] path link=0 bw=48 hops=4 gpu=6 peer=5
jscs-backuppool-5090test-091606:188079:188518 [5] NCCL INFO [YT-TRACE] [TOPO] path link=4 bw=40 hops=4 gpu=6 to_type=4 to_id=0x0
jscs-backuppool-5090test-091606:188079:188518 [5] NCCL INFO [YT-TRACE] [TOPO] path link=4 bw=40 hops=4 gpu=6 to_type=8 to_id=0x27000
jscs-backuppool-5090test-091606:188079:188518 [5] NCCL INFO [YT-TRACE] [TOPO] path link=4 bw=40 hops=4 gpu=6 to_type=8 to_id=0x38000
jscs-backuppool-5090test-091606:188079:188518 [5] NCCL INFO [YT-TRACE] [TOPO] path link=4 bw=40 hops=4 gpu=6 to_type=8 to_id=0x49000
jscs-backuppool-5090test-091606:188079:188518 [5] NCCL INFO [YT-TRACE] [TOPO] path link=4 bw=40 hops=4 gpu=6 to_type=8 to_id=0x5a000
jscs-backuppool-5090test-091606:188079:188518 [5] NCCL INFO [YT-TRACE] [TOPO] path link=4 bw=40 hops=4 gpu=6 to_type=8 to_id=0xc8000
jscs-backuppool-5090test-091606:188079:188518 [5] NCCL INFO [YT-TRACE] [TOPO] path link=10 bw=25 hops=5 gpu=6 to_type=5 to_id=0x0
jscs-backuppool-5090test-091606:188079:188518 [5] NCCL INFO [YT-TRACE] [TOPO] path link=10 bw=25 hops=5 gpu=6 to_type=5 to_id=0x0
jscs-backuppool-5090test-091606:188079:188518 [5] NCCL INFO [YT-TRACE] [TOPO] path link=10 bw=25 hops=5 gpu=6 to_type=5 to_id=0x0
jscs-backuppool-5090test-091606:188079:188518 [5] NCCL INFO [YT-TRACE] [TOPO] path link=10 bw=25 hops=5 gpu=6 to_type=5 to_id=0x0
jscs-backuppool-5090test-091606:188079:188518 [5] NCCL INFO [YT-TRACE] [TOPO] path link=0 bw=40 hops=5 gpu=6 peer=0
jscs-backuppool-5090test-091606:188079:188518 [5] NCCL INFO [YT-TRACE] [TOPO] path link=0 bw=40 hops=5 gpu=6 peer=1
jscs-backuppool-5090test-091606:188079:188518 [5] NCCL INFO [YT-TRACE] [TOPO] path link=0 bw=40 hops=5 gpu=6 peer=2
jscs-backuppool-5090test-091606:188079:188518 [5] NCCL INFO [YT-TRACE] [TOPO] path link=0 bw=40 hops=5 gpu=6 peer=3
jscs-backuppool-5090test-091606:188079:188518 [5] NCCL INFO [YT-TRACE] [TOPO] path link=0 bw=40 hops=5 gpu=6 peer=7
jscs-backuppool-5090test-091606:188079:188518 [5] NCCL INFO [YT-TRACE] [TOPO] path link=0 bw=5000 hops=1 gpu=7 to_type=8 to_id=0xc8000
jscs-backuppool-5090test-091606:188079:188518 [5] NCCL INFO [YT-TRACE] [TOPO] path link=4 bw=48 hops=2 gpu=7 to_type=3 to_id=0x3
jscs-backuppool-5090test-091606:188079:188518 [5] NCCL INFO [YT-TRACE] [TOPO] path link=9 bw=40 hops=3 gpu=7 to_type=3 to_id=0x0
jscs-backuppool-5090test-091606:188079:188518 [5] NCCL INFO [YT-TRACE] [TOPO] path link=9 bw=40 hops=3 gpu=7 to_type=3 to_id=0x1
jscs-backuppool-5090test-091606:188079:188518 [5] NCCL INFO [YT-TRACE] [TOPO] path link=9 bw=40 hops=3 gpu=7 to_type=3 to_id=0x2
jscs-backuppool-5090test-091606:188079:188518 [5] NCCL INFO [YT-TRACE] [TOPO] path link=4 bw=40 hops=4 gpu=7 to_type=4 to_id=0x0
jscs-backuppool-5090test-091606:188079:188518 [5] NCCL INFO [YT-TRACE] [TOPO] path link=4 bw=40 hops=4 gpu=7 to_type=8 to_id=0x27000
jscs-backuppool-5090test-091606:188079:188516 [3] NCCL INFO [YT-TRACE] [TOPO] path link=10 bw=25 hops=4 gpu=0 to_type=5 to_id=0x0
jscs-backuppool-5090test-091606:188079:188518 [5] NCCL INFO [YT-TRACE] [TOPO] path link=4 bw=40 hops=4 gpu=7 to_type=8 to_id=0x38000
jscs-backuppool-5090test-091606:188079:188518 [5] NCCL INFO [YT-TRACE] [TOPO] path link=4 bw=40 hops=4 gpu=7 to_type=8 to_id=0x49000
jscs-backuppool-5090test-091606:188079:188518 [5] NCCL INFO [YT-TRACE] [TOPO] path link=4 bw=40 hops=4 gpu=7 to_type=8 to_id=0x5a000
jscs-backuppool-5090test-091606:188079:188518 [5] NCCL INFO [YT-TRACE] [TOPO] path link=4 bw=40 hops=4 gpu=7 to_type=8 to_id=0x98000
jscs-backuppool-5090test-091606:188079:188518 [5] NCCL INFO [YT-TRACE] [TOPO] path link=4 bw=40 hops=4 gpu=7 to_type=8 to_id=0xa8000
jscs-backuppool-5090test-091606:188079:188518 [5] NCCL INFO [YT-TRACE] [TOPO] path link=4 bw=40 hops=4 gpu=7 to_type=8 to_id=0xb8000
jscs-backuppool-5090test-091606:188079:188518 [5] NCCL INFO [YT-TRACE] [TOPO] path link=10 bw=25 hops=5 gpu=7 to_type=5 to_id=0x0
jscs-backuppool-5090test-091606:188079:188518 [5] NCCL INFO [YT-TRACE] [TOPO] path link=10 bw=25 hops=5 gpu=7 to_type=5 to_id=0x0
jscs-backuppool-5090test-091606:188079:188518 [5] NCCL INFO [YT-TRACE] [TOPO] path link=10 bw=25 hops=5 gpu=7 to_type=5 to_id=0x0
jscs-backuppool-5090test-091606:188079:188518 [5] NCCL INFO [YT-TRACE] [TOPO] path link=10 bw=25 hops=5 gpu=7 to_type=5 to_id=0x0
jscs-backuppool-5090test-091606:188079:188518 [5] NCCL INFO [YT-TRACE] [TOPO] path link=0 bw=40 hops=5 gpu=7 peer=0
jscs-backuppool-5090test-091606:188079:188518 [5] NCCL INFO [YT-TRACE] [TOPO] path link=0 bw=40 hops=5 gpu=7 peer=1
jscs-backuppool-5090test-091606:188079:188518 [5] NCCL INFO [YT-TRACE] [TOPO] path link=0 bw=40 hops=5 gpu=7 peer=2
jscs-backuppool-5090test-091606:188079:188518 [5] NCCL INFO [YT-TRACE] [TOPO] path link=0 bw=40 hops=5 gpu=7 peer=3
jscs-backuppool-5090test-091606:188079:188518 [5] NCCL INFO [YT-TRACE] [TOPO] path link=0 bw=40 hops=5 gpu=7 peer=4
jscs-backuppool-5090test-091606:188079:188518 [5] NCCL INFO [YT-TRACE] [TOPO] path link=0 bw=40 hops=5 gpu=7 peer=5
jscs-backuppool-5090test-091606:188079:188518 [5] NCCL INFO [YT-TRACE] [TOPO] path link=0 bw=40 hops=5 gpu=7 peer=6
jscs-backuppool-5090test-091606:188079:188520 [6] NCCL INFO [YT-TRACE] [TOPO] path link=4 bw=40 hops=4 gpu=0 to_type=8 to_id=0xa8000
jscs-backuppool-5090test-091606:188079:188516 [3] NCCL INFO [YT-TRACE] [TOPO] path link=0 bw=48 hops=4 gpu=0 peer=1
jscs-backuppool-5090test-091606:188079:188520 [6] NCCL INFO [YT-TRACE] [TOPO] path link=4 bw=40 hops=4 gpu=0 to_type=8 to_id=0xb8000
jscs-backuppool-5090test-091606:188079:188516 [3] NCCL INFO [YT-TRACE] [TOPO] path link=4 bw=40 hops=4 gpu=0 to_type=8 to_id=0x49000
jscs-backuppool-5090test-091606:188079:188516 [3] NCCL INFO [YT-TRACE] [TOPO] path link=4 bw=40 hops=4 gpu=0 to_type=8 to_id=0x5a000
jscs-backuppool-5090test-091606:188079:188520 [6] NCCL INFO [YT-TRACE] [TOPO] path link=4 bw=40 hops=4 gpu=0 to_type=8 to_id=0xc8000
jscs-backuppool-5090test-091606:188079:188516 [3] NCCL INFO [YT-TRACE] [TOPO] path link=4 bw=40 hops=4 gpu=0 to_type=8 to_id=0x98000
jscs-backuppool-5090test-091606:188079:188520 [6] NCCL INFO [YT-TRACE] [TOPO] path link=0 bw=40 hops=5 gpu=0 peer=2
jscs-backuppool-5090test-091606:188079:188516 [3] NCCL INFO [YT-TRACE] [TOPO] path link=4 bw=40 hops=4 gpu=0 to_type=8 to_id=0xa8000
jscs-backuppool-5090test-091606:188079:188520 [6] NCCL INFO [YT-TRACE] [TOPO] path link=0 bw=40 hops=5 gpu=0 peer=3
jscs-backuppool-5090test-091606:188079:188516 [3] NCCL INFO [YT-TRACE] [TOPO] path link=4 bw=40 hops=4 gpu=0 to_type=8 to_id=0xb8000
jscs-backuppool-5090test-091606:188079:188520 [6] NCCL INFO [YT-TRACE] [TOPO] path link=0 bw=40 hops=5 gpu=0 peer=4
jscs-backuppool-5090test-091606:188079:188516 [3] NCCL INFO [YT-TRACE] [TOPO] path link=4 bw=40 hops=4 gpu=0 to_type=8 to_id=0xc8000
jscs-backuppool-5090test-091606:188079:188520 [6] NCCL INFO [YT-TRACE] [TOPO] path link=0 bw=40 hops=5 gpu=0 peer=5
jscs-backuppool-5090test-091606:188079:188516 [3] NCCL INFO [YT-TRACE] [TOPO] path link=0 bw=40 hops=5 gpu=0 peer=2
jscs-backuppool-5090test-091606:188079:188520 [6] NCCL INFO [YT-TRACE] [TOPO] path link=0 bw=40 hops=5 gpu=0 peer=6
jscs-backuppool-5090test-091606:188079:188516 [3] NCCL INFO [YT-TRACE] [TOPO] path link=0 bw=40 hops=5 gpu=0 peer=3
jscs-backuppool-5090test-091606:188079:188520 [6] NCCL INFO [YT-TRACE] [TOPO] path link=0 bw=40 hops=5 gpu=0 peer=7
jscs-backuppool-5090test-091606:188079:188520 [6] NCCL INFO [YT-TRACE] [TOPO] path link=0 bw=5000 hops=1 gpu=1 to_type=8 to_id=0x38000
jscs-backuppool-5090test-091606:188079:188520 [6] NCCL INFO [YT-TRACE] [TOPO] path link=4 bw=48 hops=2 gpu=1 to_type=3 to_id=0x0
jscs-backuppool-5090test-091606:188079:188520 [6] NCCL INFO [YT-TRACE] [TOPO] path link=4 bw=48 hops=3 gpu=1 to_type=4 to_id=0x0
jscs-backuppool-5090test-091606:188079:188520 [6] NCCL INFO [YT-TRACE] [TOPO] path link=4 bw=48 hops=3 gpu=1 to_type=8 to_id=0x27000
jscs-backuppool-5090test-091606:188079:188520 [6] NCCL INFO [YT-TRACE] [TOPO] path link=9 bw=40 hops=3 gpu=1 to_type=3 to_id=0x1
jscs-backuppool-5090test-091606:188079:188520 [6] NCCL INFO [YT-TRACE] [TOPO] path link=9 bw=40 hops=3 gpu=1 to_type=3 to_id=0x2
jscs-backuppool-5090test-091606:188079:188520 [6] NCCL INFO [YT-TRACE] [TOPO] path link=9 bw=40 hops=3 gpu=1 to_type=3 to_id=0x3
jscs-backuppool-5090test-091606:188079:188520 [6] NCCL INFO [YT-TRACE] [TOPO] path link=10 bw=25 hops=4 gpu=1 to_type=5 to_id=0x0
jscs-backuppool-5090test-091606:188079:188520 [6] NCCL INFO [YT-TRACE] [TOPO] path link=10 bw=25 hops=4 gpu=1 to_type=5 to_id=0x0
jscs-backuppool-5090test-091606:188079:188520 [6] NCCL INFO [YT-TRACE] [TOPO] path link=10 bw=25 hops=4 gpu=1 to_type=5 to_id=0x0
jscs-backuppool-5090test-091606:188079:188520 [6] NCCL INFO [YT-TRACE] [TOPO] path link=10 bw=25 hops=4 gpu=1 to_type=5 to_id=0x0
jscs-backuppool-5090test-091606:188079:188520 [6] NCCL INFO [YT-TRACE] [TOPO] path link=0 bw=48 hops=4 gpu=1 peer=0
jscs-backuppool-5090test-091606:188079:188520 [6] NCCL INFO [YT-TRACE] [TOPO] path link=4 bw=40 hops=4 gpu=1 to_type=8 to_id=0x49000
jscs-backuppool-5090test-091606:188079:188520 [6] NCCL INFO [YT-TRACE] [TOPO] path link=4 bw=40 hops=4 gpu=1 to_type=8 to_id=0x5a000
jscs-backuppool-5090test-091606:188079:188520 [6] NCCL INFO [YT-TRACE] [TOPO] path link=4 bw=40 hops=4 gpu=1 to_type=8 to_id=0x98000
jscs-backuppool-5090test-091606:188079:188520 [6] NCCL INFO [YT-TRACE] [TOPO] path link=4 bw=40 hops=4 gpu=1 to_type=8 to_id=0xa8000
jscs-backuppool-5090test-091606:188079:188516 [3] NCCL INFO [YT-TRACE] [TOPO] path link=0 bw=40 hops=5 gpu=0 peer=4
jscs-backuppool-5090test-091606:188079:188520 [6] NCCL INFO [YT-TRACE] [TOPO] path link=4 bw=40 hops=4 gpu=1 to_type=8 to_id=0xb8000
jscs-backuppool-5090test-091606:188079:188520 [6] NCCL INFO [YT-TRACE] [TOPO] path link=4 bw=40 hops=4 gpu=1 to_type=8 to_id=0xc8000
jscs-backuppool-5090test-091606:188079:188520 [6] NCCL INFO [YT-TRACE] [TOPO] path link=0 bw=40 hops=5 gpu=1 peer=2
jscs-backuppool-5090test-091606:188079:188520 [6] NCCL INFO [YT-TRACE] [TOPO] path link=0 bw=40 hops=5 gpu=1 peer=3
jscs-backuppool-5090test-091606:188079:188520 [6] NCCL INFO [YT-TRACE] [TOPO] path link=0 bw=40 hops=5 gpu=1 peer=4
jscs-backuppool-5090test-091606:188079:188520 [6] NCCL INFO [YT-TRACE] [TOPO] path link=0 bw=40 hops=5 gpu=1 peer=5
jscs-backuppool-5090test-091606:188079:188520 [6] NCCL INFO [YT-TRACE] [TOPO] path link=0 bw=40 hops=5 gpu=1 peer=6
jscs-backuppool-5090test-091606:188079:188520 [6] NCCL INFO [YT-TRACE] [TOPO] path link=0 bw=40 hops=5 gpu=1 peer=7
jscs-backuppool-5090test-091606:188079:188520 [6] NCCL INFO [YT-TRACE] [TOPO] path link=0 bw=5000 hops=1 gpu=2 to_type=8 to_id=0x49000
jscs-backuppool-5090test-091606:188079:188520 [6] NCCL INFO [YT-TRACE] [TOPO] path link=4 bw=48 hops=2 gpu=2 to_type=3 to_id=0x1
jscs-backuppool-5090test-091606:188079:188520 [6] NCCL INFO [YT-TRACE] [TOPO] path link=4 bw=48 hops=3 gpu=2 to_type=8 to_id=0x5a000
jscs-backuppool-5090test-091606:188079:188520 [6] NCCL INFO [YT-TRACE] [TOPO] path link=9 bw=40 hops=3 gpu=2 to_type=3 to_id=0x0
jscs-backuppool-5090test-091606:188079:188520 [6] NCCL INFO [YT-TRACE] [TOPO] path link=9 bw=40 hops=3 gpu=2 to_type=3 to_id=0x2
jscs-backuppool-5090test-091606:188079:188520 [6] NCCL INFO [YT-TRACE] [TOPO] path link=9 bw=40 hops=3 gpu=2 to_type=3 to_id=0x3
jscs-backuppool-5090test-091606:188079:188520 [6] NCCL INFO [YT-TRACE] [TOPO] path link=0 bw=48 hops=4 gpu=2 peer=3
jscs-backuppool-5090test-091606:188079:188516 [3] NCCL INFO [YT-TRACE] [TOPO] path link=0 bw=40 hops=5 gpu=0 peer=5
jscs-backuppool-5090test-091606:188079:188520 [6] NCCL INFO [YT-TRACE] [TOPO] path link=4 bw=40 hops=4 gpu=2 to_type=4 to_id=0x0
jscs-backuppool-5090test-091606:188079:188520 [6] NCCL INFO [YT-TRACE] [TOPO] path link=4 bw=40 hops=4 gpu=2 to_type=8 to_id=0x27000
jscs-backuppool-5090test-091606:188079:188520 [6] NCCL INFO [YT-TRACE] [TOPO] path link=4 bw=40 hops=4 gpu=2 to_type=8 to_id=0x38000
jscs-backuppool-5090test-091606:188079:188520 [6] NCCL INFO [YT-TRACE] [TOPO] path link=4 bw=40 hops=4 gpu=2 to_type=8 to_id=0x98000
jscs-backuppool-5090test-091606:188079:188520 [6] NCCL INFO [YT-TRACE] [TOPO] path link=4 bw=40 hops=4 gpu=2 to_type=8 to_id=0xa8000
jscs-backuppool-5090test-091606:188079:188520 [6] NCCL INFO [YT-TRACE] [TOPO] path link=4 bw=40 hops=4 gpu=2 to_type=8 to_id=0xb8000
jscs-backuppool-5090test-091606:188079:188520 [6] NCCL INFO [YT-TRACE] [TOPO] path link=4 bw=40 hops=4 gpu=2 to_type=8 to_id=0xc8000
jscs-backuppool-5090test-091606:188079:188520 [6] NCCL INFO [YT-TRACE] [TOPO] path link=10 bw=25 hops=5 gpu=2 to_type=5 to_id=0x0
jscs-backuppool-5090test-091606:188079:188520 [6] NCCL INFO [YT-TRACE] [TOPO] path link=10 bw=25 hops=5 gpu=2 to_type=5 to_id=0x0
jscs-backuppool-5090test-091606:188079:188520 [6] NCCL INFO [YT-TRACE] [TOPO] path link=10 bw=25 hops=5 gpu=2 to_type=5 to_id=0x0
jscs-backuppool-5090test-091606:188079:188520 [6] NCCL INFO [YT-TRACE] [TOPO] path link=10 bw=25 hops=5 gpu=2 to_type=5 to_id=0x0
jscs-backuppool-5090test-091606:188079:188520 [6] NCCL INFO [YT-TRACE] [TOPO] path link=0 bw=40 hops=5 gpu=2 peer=0
jscs-backuppool-5090test-091606:188079:188520 [6] NCCL INFO [YT-TRACE] [TOPO] path link=0 bw=40 hops=5 gpu=2 peer=1
jscs-backuppool-5090test-091606:188079:188520 [6] NCCL INFO [YT-TRACE] [TOPO] path link=0 bw=40 hops=5 gpu=2 peer=4
jscs-backuppool-5090test-091606:188079:188520 [6] NCCL INFO [YT-TRACE] [TOPO] path link=0 bw=40 hops=5 gpu=2 peer=5
jscs-backuppool-5090test-091606:188079:188520 [6] NCCL INFO [YT-TRACE] [TOPO] path link=0 bw=40 hops=5 gpu=2 peer=6
jscs-backuppool-5090test-091606:188079:188520 [6] NCCL INFO [YT-TRACE] [TOPO] path link=0 bw=40 hops=5 gpu=2 peer=7
jscs-backuppool-5090test-091606:188079:188520 [6] NCCL INFO [YT-TRACE] [TOPO] path link=0 bw=5000 hops=1 gpu=3 to_type=8 to_id=0x5a000
jscs-backuppool-5090test-091606:188079:188520 [6] NCCL INFO [YT-TRACE] [TOPO] path link=4 bw=48 hops=2 gpu=3 to_type=3 to_id=0x1
jscs-backuppool-5090test-091606:188079:188520 [6] NCCL INFO [YT-TRACE] [TOPO] path link=4 bw=48 hops=3 gpu=3 to_type=8 to_id=0x49000
jscs-backuppool-5090test-091606:188079:188520 [6] NCCL INFO [YT-TRACE] [TOPO] path link=9 bw=40 hops=3 gpu=3 to_type=3 to_id=0x0
jscs-backuppool-5090test-091606:188079:188520 [6] NCCL INFO [YT-TRACE] [TOPO] path link=9 bw=40 hops=3 gpu=3 to_type=3 to_id=0x2
jscs-backuppool-5090test-091606:188079:188520 [6] NCCL INFO [YT-TRACE] [TOPO] path link=9 bw=40 hops=3 gpu=3 to_type=3 to_id=0x3
jscs-backuppool-5090test-091606:188079:188520 [6] NCCL INFO [YT-TRACE] [TOPO] path link=0 bw=48 hops=4 gpu=3 peer=2
jscs-backuppool-5090test-091606:188079:188520 [6] NCCL INFO [YT-TRACE] [TOPO] path link=4 bw=40 hops=4 gpu=3 to_type=4 to_id=0x0
jscs-backuppool-5090test-091606:188079:188520 [6] NCCL INFO [YT-TRACE] [TOPO] path link=4 bw=40 hops=4 gpu=3 to_type=8 to_id=0x27000
jscs-backuppool-5090test-091606:188079:188520 [6] NCCL INFO [YT-TRACE] [TOPO] path link=4 bw=40 hops=4 gpu=3 to_type=8 to_id=0x38000
jscs-backuppool-5090test-091606:188079:188516 [3] NCCL INFO [YT-TRACE] [TOPO] path link=0 bw=40 hops=5 gpu=0 peer=6
jscs-backuppool-5090test-091606:188079:188520 [6] NCCL INFO [YT-TRACE] [TOPO] path link=4 bw=40 hops=4 gpu=3 to_type=8 to_id=0x98000
jscs-backuppool-5090test-091606:188079:188520 [6] NCCL INFO [YT-TRACE] [TOPO] path link=4 bw=40 hops=4 gpu=3 to_type=8 to_id=0xa8000
jscs-backuppool-5090test-091606:188079:188520 [6] NCCL INFO [YT-TRACE] [TOPO] path link=4 bw=40 hops=4 gpu=3 to_type=8 to_id=0xb8000
jscs-backuppool-5090test-091606:188079:188520 [6] NCCL INFO [YT-TRACE] [TOPO] path link=4 bw=40 hops=4 gpu=3 to_type=8 to_id=0xc8000
jscs-backuppool-5090test-091606:188079:188520 [6] NCCL INFO [YT-TRACE] [TOPO] path link=10 bw=25 hops=5 gpu=3 to_type=5 to_id=0x0
jscs-backuppool-5090test-091606:188079:188520 [6] NCCL INFO [YT-TRACE] [TOPO] path link=10 bw=25 hops=5 gpu=3 to_type=5 to_id=0x0
jscs-backuppool-5090test-091606:188079:188520 [6] NCCL INFO [YT-TRACE] [TOPO] path link=10 bw=25 hops=5 gpu=3 to_type=5 to_id=0x0
jscs-backuppool-5090test-091606:188079:188520 [6] NCCL INFO [YT-TRACE] [TOPO] path link=10 bw=25 hops=5 gpu=3 to_type=5 to_id=0x0
jscs-backuppool-5090test-091606:188079:188520 [6] NCCL INFO [YT-TRACE] [TOPO] path link=0 bw=40 hops=5 gpu=3 peer=0
jscs-backuppool-5090test-091606:188079:188520 [6] NCCL INFO [YT-TRACE] [TOPO] path link=0 bw=40 hops=5 gpu=3 peer=1
jscs-backuppool-5090test-091606:188079:188520 [6] NCCL INFO [YT-TRACE] [TOPO] path link=0 bw=40 hops=5 gpu=3 peer=4
jscs-backuppool-5090test-091606:188079:188520 [6] NCCL INFO [YT-TRACE] [TOPO] path link=0 bw=40 hops=5 gpu=3 peer=5
jscs-backuppool-5090test-091606:188079:188520 [6] NCCL INFO [YT-TRACE] [TOPO] path link=0 bw=40 hops=5 gpu=3 peer=6
jscs-backuppool-5090test-091606:188079:188520 [6] NCCL INFO [YT-TRACE] [TOPO] path link=0 bw=40 hops=5 gpu=3 peer=7
jscs-backuppool-5090test-091606:188079:188520 [6] NCCL INFO [YT-TRACE] [TOPO] path link=0 bw=5000 hops=1 gpu=4 to_type=8 to_id=0x98000
jscs-backuppool-5090test-091606:188079:188520 [6] NCCL INFO [YT-TRACE] [TOPO] path link=4 bw=48 hops=2 gpu=4 to_type=3 to_id=0x2
jscs-backuppool-5090test-091606:188079:188520 [6] NCCL INFO [YT-TRACE] [TOPO] path link=4 bw=48 hops=3 gpu=4 to_type=8 to_id=0xa8000
jscs-backuppool-5090test-091606:188079:188520 [6] NCCL INFO [YT-TRACE] [TOPO] path link=4 bw=48 hops=3 gpu=4 to_type=8 to_id=0xb8000
jscs-backuppool-5090test-091606:188079:188520 [6] NCCL INFO [YT-TRACE] [TOPO] path link=9 bw=40 hops=3 gpu=4 to_type=3 to_id=0x0
jscs-backuppool-5090test-091606:188079:188520 [6] NCCL INFO [YT-TRACE] [TOPO] path link=9 bw=40 hops=3 gpu=4 to_type=3 to_id=0x1
jscs-backuppool-5090test-091606:188079:188520 [6] NCCL INFO [YT-TRACE] [TOPO] path link=9 bw=40 hops=3 gpu=4 to_type=3 to_id=0x3
jscs-backuppool-5090test-091606:188079:188516 [3] NCCL INFO [YT-TRACE] [TOPO] path link=0 bw=40 hops=5 gpu=0 peer=7
jscs-backuppool-5090test-091606:188079:188516 [3] NCCL INFO [YT-TRACE] [TOPO] path link=0 bw=5000 hops=1 gpu=1 to_type=8 to_id=0x38000
jscs-backuppool-5090test-091606:188079:188516 [3] NCCL INFO [YT-TRACE] [TOPO] path link=4 bw=48 hops=2 gpu=1 to_type=3 to_id=0x0
jscs-backuppool-5090test-091606:188079:188516 [3] NCCL INFO [YT-TRACE] [TOPO] path link=4 bw=48 hops=3 gpu=1 to_type=4 to_id=0x0
jscs-backuppool-5090test-091606:188079:188516 [3] NCCL INFO [YT-TRACE] [TOPO] path link=4 bw=48 hops=3 gpu=1 to_type=8 to_id=0x27000
jscs-backuppool-5090test-091606:188079:188520 [6] NCCL INFO [YT-TRACE] [TOPO] path link=0 bw=48 hops=4 gpu=4 peer=5
jscs-backuppool-5090test-091606:188079:188520 [6] NCCL INFO [YT-TRACE] [TOPO] path link=0 bw=48 hops=4 gpu=4 peer=6
jscs-backuppool-5090test-091606:188079:188520 [6] NCCL INFO [YT-TRACE] [TOPO] path link=4 bw=40 hops=4 gpu=4 to_type=4 to_id=0x0
jscs-backuppool-5090test-091606:188079:188516 [3] NCCL INFO [YT-TRACE] [TOPO] path link=9 bw=40 hops=3 gpu=1 to_type=3 to_id=0x1
jscs-backuppool-5090test-091606:188079:188516 [3] NCCL INFO [YT-TRACE] [TOPO] path link=9 bw=40 hops=3 gpu=1 to_type=3 to_id=0x2
jscs-backuppool-5090test-091606:188079:188516 [3] NCCL INFO [YT-TRACE] [TOPO] path link=9 bw=40 hops=3 gpu=1 to_type=3 to_id=0x3
jscs-backuppool-5090test-091606:188079:188520 [6] NCCL INFO [YT-TRACE] [TOPO] path link=4 bw=40 hops=4 gpu=4 to_type=8 to_id=0x27000
jscs-backuppool-5090test-091606:188079:188520 [6] NCCL INFO [YT-TRACE] [TOPO] path link=4 bw=40 hops=4 gpu=4 to_type=8 to_id=0x38000
jscs-backuppool-5090test-091606:188079:188520 [6] NCCL INFO [YT-TRACE] [TOPO] path link=4 bw=40 hops=4 gpu=4 to_type=8 to_id=0x49000
jscs-backuppool-5090test-091606:188079:188520 [6] NCCL INFO [YT-TRACE] [TOPO] path link=4 bw=40 hops=4 gpu=4 to_type=8 to_id=0x5a000
jscs-backuppool-5090test-091606:188079:188520 [6] NCCL INFO [YT-TRACE] [TOPO] path link=4 bw=40 hops=4 gpu=4 to_type=8 to_id=0xc8000
jscs-backuppool-5090test-091606:188079:188520 [6] NCCL INFO [YT-TRACE] [TOPO] path link=10 bw=25 hops=5 gpu=4 to_type=5 to_id=0x0
jscs-backuppool-5090test-091606:188079:188520 [6] NCCL INFO [YT-TRACE] [TOPO] path link=10 bw=25 hops=5 gpu=4 to_type=5 to_id=0x0
jscs-backuppool-5090test-091606:188079:188516 [3] NCCL INFO [YT-TRACE] [TOPO] path link=10 bw=25 hops=4 gpu=1 to_type=5 to_id=0x0
jscs-backuppool-5090test-091606:188079:188516 [3] NCCL INFO [YT-TRACE] [TOPO] path link=10 bw=25 hops=4 gpu=1 to_type=5 to_id=0x0
jscs-backuppool-5090test-091606:188079:188516 [3] NCCL INFO [YT-TRACE] [TOPO] path link=10 bw=25 hops=4 gpu=1 to_type=5 to_id=0x0
jscs-backuppool-5090test-091606:188079:188520 [6] NCCL INFO [YT-TRACE] [TOPO] path link=10 bw=25 hops=5 gpu=4 to_type=5 to_id=0x0
jscs-backuppool-5090test-091606:188079:188520 [6] NCCL INFO [YT-TRACE] [TOPO] path link=10 bw=25 hops=5 gpu=4 to_type=5 to_id=0x0
jscs-backuppool-5090test-091606:188079:188520 [6] NCCL INFO [YT-TRACE] [TOPO] path link=0 bw=40 hops=5 gpu=4 peer=0
jscs-backuppool-5090test-091606:188079:188520 [6] NCCL INFO [YT-TRACE] [TOPO] path link=0 bw=40 hops=5 gpu=4 peer=1
jscs-backuppool-5090test-091606:188079:188520 [6] NCCL INFO [YT-TRACE] [TOPO] path link=0 bw=40 hops=5 gpu=4 peer=2
jscs-backuppool-5090test-091606:188079:188520 [6] NCCL INFO [YT-TRACE] [TOPO] path link=0 bw=40 hops=5 gpu=4 peer=3
jscs-backuppool-5090test-091606:188079:188516 [3] NCCL INFO [YT-TRACE] [TOPO] path link=10 bw=25 hops=4 gpu=1 to_type=5 to_id=0x0
jscs-backuppool-5090test-091606:188079:188516 [3] NCCL INFO [YT-TRACE] [TOPO] path link=0 bw=48 hops=4 gpu=1 peer=0
jscs-backuppool-5090test-091606:188079:188516 [3] NCCL INFO [YT-TRACE] [TOPO] path link=4 bw=40 hops=4 gpu=1 to_type=8 to_id=0x49000
jscs-backuppool-5090test-091606:188079:188520 [6] NCCL INFO [YT-TRACE] [TOPO] path link=0 bw=40 hops=5 gpu=4 peer=7
jscs-backuppool-5090test-091606:188079:188520 [6] NCCL INFO [YT-TRACE] [TOPO] path link=0 bw=5000 hops=1 gpu=5 to_type=8 to_id=0xa8000
jscs-backuppool-5090test-091606:188079:188520 [6] NCCL INFO [YT-TRACE] [TOPO] path link=4 bw=48 hops=2 gpu=5 to_type=3 to_id=0x2
jscs-backuppool-5090test-091606:188079:188520 [6] NCCL INFO [YT-TRACE] [TOPO] path link=4 bw=48 hops=3 gpu=5 to_type=8 to_id=0x98000
jscs-backuppool-5090test-091606:188079:188520 [6] NCCL INFO [YT-TRACE] [TOPO] path link=4 bw=48 hops=3 gpu=5 to_type=8 to_id=0xb8000
jscs-backuppool-5090test-091606:188079:188516 [3] NCCL INFO [YT-TRACE] [TOPO] path link=4 bw=40 hops=4 gpu=1 to_type=8 to_id=0x5a000
jscs-backuppool-5090test-091606:188079:188520 [6] NCCL INFO [YT-TRACE] [TOPO] path link=9 bw=40 hops=3 gpu=5 to_type=3 to_id=0x0
jscs-backuppool-5090test-091606:188079:188516 [3] NCCL INFO [YT-TRACE] [TOPO] path link=4 bw=40 hops=4 gpu=1 to_type=8 to_id=0x98000
jscs-backuppool-5090test-091606:188079:188516 [3] NCCL INFO [YT-TRACE] [TOPO] path link=4 bw=40 hops=4 gpu=1 to_type=8 to_id=0xa8000
jscs-backuppool-5090test-091606:188079:188516 [3] NCCL INFO [YT-TRACE] [TOPO] path link=4 bw=40 hops=4 gpu=1 to_type=8 to_id=0xb8000
jscs-backuppool-5090test-091606:188079:188516 [3] NCCL INFO [YT-TRACE] [TOPO] path link=4 bw=40 hops=4 gpu=1 to_type=8 to_id=0xc8000
jscs-backuppool-5090test-091606:188079:188516 [3] NCCL INFO [YT-TRACE] [TOPO] path link=0 bw=40 hops=5 gpu=1 peer=2
jscs-backuppool-5090test-091606:188079:188516 [3] NCCL INFO [YT-TRACE] [TOPO] path link=0 bw=40 hops=5 gpu=1 peer=3
jscs-backuppool-5090test-091606:188079:188516 [3] NCCL INFO [YT-TRACE] [TOPO] path link=0 bw=40 hops=5 gpu=1 peer=4
jscs-backuppool-5090test-091606:188079:188516 [3] NCCL INFO [YT-TRACE] [TOPO] path link=0 bw=40 hops=5 gpu=1 peer=5
jscs-backuppool-5090test-091606:188079:188516 [3] NCCL INFO [YT-TRACE] [TOPO] path link=0 bw=40 hops=5 gpu=1 peer=6
jscs-backuppool-5090test-091606:188079:188516 [3] NCCL INFO [YT-TRACE] [TOPO] path link=0 bw=40 hops=5 gpu=1 peer=7
jscs-backuppool-5090test-091606:188079:188516 [3] NCCL INFO [YT-TRACE] [TOPO] path link=0 bw=5000 hops=1 gpu=2 to_type=8 to_id=0x49000
jscs-backuppool-5090test-091606:188079:188516 [3] NCCL INFO [YT-TRACE] [TOPO] path link=4 bw=48 hops=2 gpu=2 to_type=3 to_id=0x1
jscs-backuppool-5090test-091606:188079:188516 [3] NCCL INFO [YT-TRACE] [TOPO] path link=4 bw=48 hops=3 gpu=2 to_type=8 to_id=0x5a000
jscs-backuppool-5090test-091606:188079:188516 [3] NCCL INFO [YT-TRACE] [TOPO] path link=9 bw=40 hops=3 gpu=2 to_type=3 to_id=0x0
jscs-backuppool-5090test-091606:188079:188516 [3] NCCL INFO [YT-TRACE] [TOPO] path link=9 bw=40 hops=3 gpu=2 to_type=3 to_id=0x2
jscs-backuppool-5090test-091606:188079:188516 [3] NCCL INFO [YT-TRACE] [TOPO] path link=9 bw=40 hops=3 gpu=2 to_type=3 to_id=0x3
jscs-backuppool-5090test-091606:188079:188516 [3] NCCL INFO [YT-TRACE] [TOPO] path link=0 bw=48 hops=4 gpu=2 peer=3
jscs-backuppool-5090test-091606:188079:188518 [5] NCCL INFO [YT-TRACE] [TOPO] gpu_matrix gpu=0 peer=1 type=8 bw=48 hops=4
jscs-backuppool-5090test-091606:188079:188516 [3] NCCL INFO [YT-TRACE] [TOPO] path link=4 bw=40 hops=4 gpu=2 to_type=4 to_id=0x0
jscs-backuppool-5090test-091606:188079:188520 [6] NCCL INFO [YT-TRACE] [TOPO] path link=9 bw=40 hops=3 gpu=5 to_type=3 to_id=0x1
jscs-backuppool-5090test-091606:188079:188518 [5] NCCL INFO [YT-TRACE] [TOPO] gpu_matrix gpu=0 peer=2 type=9 bw=40 hops=5
jscs-backuppool-5090test-091606:188079:188516 [3] NCCL INFO [YT-TRACE] [TOPO] path link=4 bw=40 hops=4 gpu=2 to_type=8 to_id=0x27000
jscs-backuppool-5090test-091606:188079:188518 [5] NCCL INFO [YT-TRACE] [TOPO] gpu_matrix gpu=0 peer=3 type=9 bw=40 hops=5
jscs-backuppool-5090test-091606:188079:188518 [5] NCCL INFO [YT-TRACE] [TOPO] gpu_matrix gpu=0 peer=4 type=9 bw=40 hops=5
jscs-backuppool-5090test-091606:188079:188518 [5] NCCL INFO [YT-TRACE] [TOPO] gpu_matrix gpu=0 peer=5 type=9 bw=40 hops=5
jscs-backuppool-5090test-091606:188079:188518 [5] NCCL INFO [YT-TRACE] [TOPO] gpu_matrix gpu=0 peer=6 type=9 bw=40 hops=5
jscs-backuppool-5090test-091606:188079:188520 [6] NCCL INFO [YT-TRACE] [TOPO] path link=9 bw=40 hops=3 gpu=5 to_type=3 to_id=0x3
jscs-backuppool-5090test-091606:188079:188516 [3] NCCL INFO [YT-TRACE] [TOPO] path link=4 bw=40 hops=4 gpu=2 to_type=8 to_id=0x38000
jscs-backuppool-5090test-091606:188079:188518 [5] NCCL INFO [YT-TRACE] [TOPO] gpu_matrix gpu=0 peer=7 type=9 bw=40 hops=5
jscs-backuppool-5090test-091606:188079:188516 [3] NCCL INFO [YT-TRACE] [TOPO] path link=4 bw=40 hops=4 gpu=2 to_type=8 to_id=0x98000
jscs-backuppool-5090test-091606:188079:188520 [6] NCCL INFO [YT-TRACE] [TOPO] path link=0 bw=48 hops=4 gpu=5 peer=4
jscs-backuppool-5090test-091606:188079:188518 [5] NCCL INFO [YT-TRACE] [TOPO] gpu_matrix gpu=1 peer=2 type=9 bw=40 hops=5
jscs-backuppool-5090test-091606:188079:188516 [3] NCCL INFO [YT-TRACE] [TOPO] path link=4 bw=40 hops=4 gpu=2 to_type=8 to_id=0xa8000
jscs-backuppool-5090test-091606:188079:188520 [6] NCCL INFO [YT-TRACE] [TOPO] path link=0 bw=48 hops=4 gpu=5 peer=6
jscs-backuppool-5090test-091606:188079:188520 [6] NCCL INFO [YT-TRACE] [TOPO] path link=4 bw=40 hops=4 gpu=5 to_type=4 to_id=0x0
jscs-backuppool-5090test-091606:188079:188516 [3] NCCL INFO [YT-TRACE] [TOPO] path link=4 bw=40 hops=4 gpu=2 to_type=8 to_id=0xb8000
jscs-backuppool-5090test-091606:188079:188518 [5] NCCL INFO [YT-TRACE] [TOPO] gpu_matrix gpu=1 peer=3 type=9 bw=40 hops=5
jscs-backuppool-5090test-091606:188079:188516 [3] NCCL INFO [YT-TRACE] [TOPO] path link=4 bw=40 hops=4 gpu=2 to_type=8 to_id=0xc8000
jscs-backuppool-5090test-091606:188079:188520 [6] NCCL INFO [YT-TRACE] [TOPO] path link=4 bw=40 hops=4 gpu=5 to_type=8 to_id=0x27000
jscs-backuppool-5090test-091606:188079:188518 [5] NCCL INFO [YT-TRACE] [TOPO] gpu_matrix gpu=1 peer=4 type=9 bw=40 hops=5
jscs-backuppool-5090test-091606:188079:188516 [3] NCCL INFO [YT-TRACE] [TOPO] path link=10 bw=25 hops=5 gpu=2 to_type=5 to_id=0x0
jscs-backuppool-5090test-091606:188079:188516 [3] NCCL INFO [YT-TRACE] [TOPO] path link=10 bw=25 hops=5 gpu=2 to_type=5 to_id=0x0
jscs-backuppool-5090test-091606:188079:188516 [3] NCCL INFO [YT-TRACE] [TOPO] path link=10 bw=25 hops=5 gpu=2 to_type=5 to_id=0x0
jscs-backuppool-5090test-091606:188079:188518 [5] NCCL INFO [YT-TRACE] [TOPO] gpu_matrix gpu=1 peer=5 type=9 bw=40 hops=5
jscs-backuppool-5090test-091606:188079:188518 [5] NCCL INFO [YT-TRACE] [TOPO] gpu_matrix gpu=1 peer=6 type=9 bw=40 hops=5
jscs-backuppool-5090test-091606:188079:188518 [5] NCCL INFO [YT-TRACE] [TOPO] gpu_matrix gpu=1 peer=7 type=9 bw=40 hops=5
jscs-backuppool-5090test-091606:188079:188518 [5] NCCL INFO [YT-TRACE] [TOPO] gpu_matrix gpu=2 peer=3 type=8 bw=48 hops=4
jscs-backuppool-5090test-091606:188079:188520 [6] NCCL INFO [YT-TRACE] [TOPO] path link=4 bw=40 hops=4 gpu=5 to_type=8 to_id=0x38000
jscs-backuppool-5090test-091606:188079:188520 [6] NCCL INFO [YT-TRACE] [TOPO] path link=4 bw=40 hops=4 gpu=5 to_type=8 to_id=0x49000
jscs-backuppool-5090test-091606:188079:188520 [6] NCCL INFO [YT-TRACE] [TOPO] path link=4 bw=40 hops=4 gpu=5 to_type=8 to_id=0x5a000
jscs-backuppool-5090test-091606:188079:188516 [3] NCCL INFO [YT-TRACE] [TOPO] path link=10 bw=25 hops=5 gpu=2 to_type=5 to_id=0x0
jscs-backuppool-5090test-091606:188079:188516 [3] NCCL INFO [YT-TRACE] [TOPO] path link=0 bw=40 hops=5 gpu=2 peer=0
jscs-backuppool-5090test-091606:188079:188516 [3] NCCL INFO [YT-TRACE] [TOPO] path link=0 bw=40 hops=5 gpu=2 peer=1
jscs-backuppool-5090test-091606:188079:188518 [5] NCCL INFO [YT-TRACE] [TOPO] gpu_matrix gpu=2 peer=4 type=9 bw=40 hops=5
jscs-backuppool-5090test-091606:188079:188518 [5] NCCL INFO [YT-TRACE] [TOPO] gpu_matrix gpu=2 peer=5 type=9 bw=40 hops=5
jscs-backuppool-5090test-091606:188079:188518 [5] NCCL INFO [YT-TRACE] [TOPO] gpu_matrix gpu=2 peer=6 type=9 bw=40 hops=5
jscs-backuppool-5090test-091606:188079:188518 [5] NCCL INFO [YT-TRACE] [TOPO] gpu_matrix gpu=2 peer=7 type=9 bw=40 hops=5
jscs-backuppool-5090test-091606:188079:188520 [6] NCCL INFO [YT-TRACE] [TOPO] path link=4 bw=40 hops=4 gpu=5 to_type=8 to_id=0xc8000
jscs-backuppool-5090test-091606:188079:188518 [5] NCCL INFO [YT-TRACE] [TOPO] gpu_matrix gpu=3 peer=4 type=9 bw=40 hops=5
jscs-backuppool-5090test-091606:188079:188516 [3] NCCL INFO [YT-TRACE] [TOPO] path link=0 bw=40 hops=5 gpu=2 peer=4
jscs-backuppool-5090test-091606:188079:188520 [6] NCCL INFO [YT-TRACE] [TOPO] path link=10 bw=25 hops=5 gpu=5 to_type=5 to_id=0x0
jscs-backuppool-5090test-091606:188079:188518 [5] NCCL INFO [YT-TRACE] [TOPO] gpu_matrix gpu=3 peer=5 type=9 bw=40 hops=5
jscs-backuppool-5090test-091606:188079:188516 [3] NCCL INFO [YT-TRACE] [TOPO] path link=0 bw=40 hops=5 gpu=2 peer=5
jscs-backuppool-5090test-091606:188079:188518 [5] NCCL INFO [YT-TRACE] [TOPO] gpu_matrix gpu=3 peer=6 type=9 bw=40 hops=5
jscs-backuppool-5090test-091606:188079:188520 [6] NCCL INFO [YT-TRACE] [TOPO] path link=10 bw=25 hops=5 gpu=5 to_type=5 to_id=0x0
jscs-backuppool-5090test-091606:188079:188516 [3] NCCL INFO [YT-TRACE] [TOPO] path link=0 bw=40 hops=5 gpu=2 peer=6
jscs-backuppool-5090test-091606:188079:188520 [6] NCCL INFO [YT-TRACE] [TOPO] path link=10 bw=25 hops=5 gpu=5 to_type=5 to_id=0x0
jscs-backuppool-5090test-091606:188079:188518 [5] NCCL INFO [YT-TRACE] [TOPO] gpu_matrix gpu=3 peer=7 type=9 bw=40 hops=5
jscs-backuppool-5090test-091606:188079:188516 [3] NCCL INFO [YT-TRACE] [TOPO] path link=0 bw=40 hops=5 gpu=2 peer=7
jscs-backuppool-5090test-091606:188079:188520 [6] NCCL INFO [YT-TRACE] [TOPO] path link=10 bw=25 hops=5 gpu=5 to_type=5 to_id=0x0
jscs-backuppool-5090test-091606:188079:188518 [5] NCCL INFO [YT-TRACE] [TOPO] gpu_matrix gpu=4 peer=5 type=8 bw=48 hops=4
jscs-backuppool-5090test-091606:188079:188516 [3] NCCL INFO [YT-TRACE] [TOPO] path link=0 bw=5000 hops=1 gpu=3 to_type=8 to_id=0x5a000
jscs-backuppool-5090test-091606:188079:188520 [6] NCCL INFO [YT-TRACE] [TOPO] path link=0 bw=40 hops=5 gpu=5 peer=0
jscs-backuppool-5090test-091606:188079:188516 [3] NCCL INFO [YT-TRACE] [TOPO] path link=4 bw=48 hops=2 gpu=3 to_type=3 to_id=0x1
jscs-backuppool-5090test-091606:188079:188516 [3] NCCL INFO [YT-TRACE] [TOPO] path link=4 bw=48 hops=3 gpu=3 to_type=8 to_id=0x49000
jscs-backuppool-5090test-091606:188079:188516 [3] NCCL INFO [YT-TRACE] [TOPO] path link=9 bw=40 hops=3 gpu=3 to_type=3 to_id=0x0
jscs-backuppool-5090test-091606:188079:188520 [6] NCCL INFO [YT-TRACE] [TOPO] path link=0 bw=40 hops=5 gpu=5 peer=1
jscs-backuppool-5090test-091606:188079:188520 [6] NCCL INFO [YT-TRACE] [TOPO] path link=0 bw=40 hops=5 gpu=5 peer=2
jscs-backuppool-5090test-091606:188079:188520 [6] NCCL INFO [YT-TRACE] [TOPO] path link=0 bw=40 hops=5 gpu=5 peer=3
jscs-backuppool-5090test-091606:188079:188520 [6] NCCL INFO [YT-TRACE] [TOPO] path link=0 bw=40 hops=5 gpu=5 peer=7
jscs-backuppool-5090test-091606:188079:188520 [6] NCCL INFO [YT-TRACE] [TOPO] path link=0 bw=5000 hops=1 gpu=6 to_type=8 to_id=0xb8000
jscs-backuppool-5090test-091606:188079:188520 [6] NCCL INFO [YT-TRACE] [TOPO] path link=4 bw=48 hops=2 gpu=6 to_type=3 to_id=0x2
jscs-backuppool-5090test-091606:188079:188520 [6] NCCL INFO [YT-TRACE] [TOPO] path link=4 bw=48 hops=3 gpu=6 to_type=8 to_id=0x98000
jscs-backuppool-5090test-091606:188079:188520 [6] NCCL INFO [YT-TRACE] [TOPO] path link=4 bw=48 hops=3 gpu=6 to_type=8 to_id=0xa8000
jscs-backuppool-5090test-091606:188079:188518 [5] NCCL INFO [YT-TRACE] [TOPO] gpu_matrix gpu=4 peer=6 type=8 bw=48 hops=4
jscs-backuppool-5090test-091606:188079:188518 [5] NCCL INFO [YT-TRACE] [TOPO] gpu_matrix gpu=4 peer=7 type=9 bw=40 hops=5
jscs-backuppool-5090test-091606:188079:188518 [5] NCCL INFO [YT-TRACE] [TOPO] gpu_matrix gpu=5 peer=6 type=8 bw=48 hops=4
jscs-backuppool-5090test-091606:188079:188518 [5] NCCL INFO [YT-TRACE] [TOPO] gpu_matrix gpu=5 peer=7 type=9 bw=40 hops=5
jscs-backuppool-5090test-091606:188079:188516 [3] NCCL INFO [YT-TRACE] [TOPO] path link=9 bw=40 hops=3 gpu=3 to_type=3 to_id=0x2
jscs-backuppool-5090test-091606:188079:188516 [3] NCCL INFO [YT-TRACE] [TOPO] path link=9 bw=40 hops=3 gpu=3 to_type=3 to_id=0x3
jscs-backuppool-5090test-091606:188079:188516 [3] NCCL INFO [YT-TRACE] [TOPO] path link=0 bw=48 hops=4 gpu=3 peer=2
jscs-backuppool-5090test-091606:188079:188518 [5] NCCL INFO [YT-TRACE] [TOPO] gpu_matrix gpu=6 peer=7 type=9 bw=40 hops=5
jscs-backuppool-5090test-091606:188079:188516 [3] NCCL INFO [YT-TRACE] [TOPO] path link=4 bw=40 hops=4 gpu=3 to_type=4 to_id=0x0
jscs-backuppool-5090test-091606:188079:188516 [3] NCCL INFO [YT-TRACE] [TOPO] path link=4 bw=40 hops=4 gpu=3 to_type=8 to_id=0x27000
jscs-backuppool-5090test-091606:188079:188516 [3] NCCL INFO [YT-TRACE] [TOPO] path link=4 bw=40 hops=4 gpu=3 to_type=8 to_id=0x38000
jscs-backuppool-5090test-091606:188079:188516 [3] NCCL INFO [YT-TRACE] [TOPO] path link=4 bw=40 hops=4 gpu=3 to_type=8 to_id=0x98000
jscs-backuppool-5090test-091606:188079:188516 [3] NCCL INFO [YT-TRACE] [TOPO] path link=4 bw=40 hops=4 gpu=3 to_type=8 to_id=0xa8000
jscs-backuppool-5090test-091606:188079:188520 [6] NCCL INFO [YT-TRACE] [TOPO] path link=9 bw=40 hops=3 gpu=6 to_type=3 to_id=0x0
jscs-backuppool-5090test-091606:188079:188520 [6] NCCL INFO [YT-TRACE] [TOPO] path link=9 bw=40 hops=3 gpu=6 to_type=3 to_id=0x1
jscs-backuppool-5090test-091606:188079:188520 [6] NCCL INFO [YT-TRACE] [TOPO] path link=9 bw=40 hops=3 gpu=6 to_type=3 to_id=0x3
jscs-backuppool-5090test-091606:188079:188516 [3] NCCL INFO [YT-TRACE] [TOPO] path link=4 bw=40 hops=4 gpu=3 to_type=8 to_id=0xb8000
jscs-backuppool-5090test-091606:188079:188516 [3] NCCL INFO [YT-TRACE] [TOPO] path link=4 bw=40 hops=4 gpu=3 to_type=8 to_id=0xc8000
jscs-backuppool-5090test-091606:188079:188516 [3] NCCL INFO [YT-TRACE] [TOPO] path link=10 bw=25 hops=5 gpu=3 to_type=5 to_id=0x0
jscs-backuppool-5090test-091606:188079:188520 [6] NCCL INFO [YT-TRACE] [TOPO] path link=0 bw=48 hops=4 gpu=6 peer=4
jscs-backuppool-5090test-091606:188079:188520 [6] NCCL INFO [YT-TRACE] [TOPO] path link=0 bw=48 hops=4 gpu=6 peer=5
jscs-backuppool-5090test-091606:188079:188520 [6] NCCL INFO [YT-TRACE] [TOPO] path link=4 bw=40 hops=4 gpu=6 to_type=4 to_id=0x0
jscs-backuppool-5090test-091606:188079:188516 [3] NCCL INFO [YT-TRACE] [TOPO] path link=10 bw=25 hops=5 gpu=3 to_type=5 to_id=0x0
jscs-backuppool-5090test-091606:188079:188516 [3] NCCL INFO [YT-TRACE] [TOPO] path link=10 bw=25 hops=5 gpu=3 to_type=5 to_id=0x0
jscs-backuppool-5090test-091606:188079:188516 [3] NCCL INFO [YT-TRACE] [TOPO] path link=10 bw=25 hops=5 gpu=3 to_type=5 to_id=0x0
jscs-backuppool-5090test-091606:188079:188520 [6] NCCL INFO [YT-TRACE] [TOPO] path link=4 bw=40 hops=4 gpu=6 to_type=8 to_id=0x27000
jscs-backuppool-5090test-091606:188079:188520 [6] NCCL INFO [YT-TRACE] [TOPO] path link=4 bw=40 hops=4 gpu=6 to_type=8 to_id=0x38000
jscs-backuppool-5090test-091606:188079:188520 [6] NCCL INFO [YT-TRACE] [TOPO] path link=4 bw=40 hops=4 gpu=6 to_type=8 to_id=0x49000
jscs-backuppool-5090test-091606:188079:188516 [3] NCCL INFO [YT-TRACE] [TOPO] path link=0 bw=40 hops=5 gpu=3 peer=0
jscs-backuppool-5090test-091606:188079:188516 [3] NCCL INFO [YT-TRACE] [TOPO] path link=0 bw=40 hops=5 gpu=3 peer=1
jscs-backuppool-5090test-091606:188079:188516 [3] NCCL INFO [YT-TRACE] [TOPO] path link=0 bw=40 hops=5 gpu=3 peer=4
jscs-backuppool-5090test-091606:188079:188520 [6] NCCL INFO [YT-TRACE] [TOPO] path link=4 bw=40 hops=4 gpu=6 to_type=8 to_id=0x5a000
jscs-backuppool-5090test-091606:188079:188520 [6] NCCL INFO [YT-TRACE] [TOPO] path link=4 bw=40 hops=4 gpu=6 to_type=8 to_id=0xc8000
jscs-backuppool-5090test-091606:188079:188520 [6] NCCL INFO [YT-TRACE] [TOPO] path link=10 bw=25 hops=5 gpu=6 to_type=5 to_id=0x0
jscs-backuppool-5090test-091606:188079:188520 [6] NCCL INFO [YT-TRACE] [TOPO] path link=10 bw=25 hops=5 gpu=6 to_type=5 to_id=0x0
jscs-backuppool-5090test-091606:188079:188520 [6] NCCL INFO [YT-TRACE] [TOPO] path link=10 bw=25 hops=5 gpu=6 to_type=5 to_id=0x0
jscs-backuppool-5090test-091606:188079:188516 [3] NCCL INFO [YT-TRACE] [TOPO] path link=0 bw=40 hops=5 gpu=3 peer=5
jscs-backuppool-5090test-091606:188079:188516 [3] NCCL INFO [YT-TRACE] [TOPO] path link=0 bw=40 hops=5 gpu=3 peer=6
jscs-backuppool-5090test-091606:188079:188516 [3] NCCL INFO [YT-TRACE] [TOPO] path link=0 bw=40 hops=5 gpu=3 peer=7
jscs-backuppool-5090test-091606:188079:188520 [6] NCCL INFO [YT-TRACE] [TOPO] path link=10 bw=25 hops=5 gpu=6 to_type=5 to_id=0x0
jscs-backuppool-5090test-091606:188079:188520 [6] NCCL INFO [YT-TRACE] [TOPO] path link=0 bw=40 hops=5 gpu=6 peer=0
jscs-backuppool-5090test-091606:188079:188520 [6] NCCL INFO [YT-TRACE] [TOPO] path link=0 bw=40 hops=5 gpu=6 peer=1
jscs-backuppool-5090test-091606:188079:188516 [3] NCCL INFO [YT-TRACE] [TOPO] path link=0 bw=5000 hops=1 gpu=4 to_type=8 to_id=0x98000
jscs-backuppool-5090test-091606:188079:188516 [3] NCCL INFO [YT-TRACE] [TOPO] path link=4 bw=48 hops=2 gpu=4 to_type=3 to_id=0x2
jscs-backuppool-5090test-091606:188079:188516 [3] NCCL INFO [YT-TRACE] [TOPO] path link=4 bw=48 hops=3 gpu=4 to_type=8 to_id=0xa8000
jscs-backuppool-5090test-091606:188079:188520 [6] NCCL INFO [YT-TRACE] [TOPO] path link=0 bw=40 hops=5 gpu=6 peer=2
jscs-backuppool-5090test-091606:188079:188520 [6] NCCL INFO [YT-TRACE] [TOPO] path link=0 bw=40 hops=5 gpu=6 peer=3
jscs-backuppool-5090test-091606:188079:188520 [6] NCCL INFO [YT-TRACE] [TOPO] path link=0 bw=40 hops=5 gpu=6 peer=7
jscs-backuppool-5090test-091606:188079:188516 [3] NCCL INFO [YT-TRACE] [TOPO] path link=4 bw=48 hops=3 gpu=4 to_type=8 to_id=0xb8000
jscs-backuppool-5090test-091606:188079:188516 [3] NCCL INFO [YT-TRACE] [TOPO] path link=9 bw=40 hops=3 gpu=4 to_type=3 to_id=0x0
jscs-backuppool-5090test-091606:188079:188516 [3] NCCL INFO [YT-TRACE] [TOPO] path link=9 bw=40 hops=3 gpu=4 to_type=3 to_id=0x1
jscs-backuppool-5090test-091606:188079:188520 [6] NCCL INFO [YT-TRACE] [TOPO] path link=0 bw=5000 hops=1 gpu=7 to_type=8 to_id=0xc8000
jscs-backuppool-5090test-091606:188079:188520 [6] NCCL INFO [YT-TRACE] [TOPO] path link=4 bw=48 hops=2 gpu=7 to_type=3 to_id=0x3
jscs-backuppool-5090test-091606:188079:188520 [6] NCCL INFO [YT-TRACE] [TOPO] path link=9 bw=40 hops=3 gpu=7 to_type=3 to_id=0x0
jscs-backuppool-5090test-091606:188079:188516 [3] NCCL INFO [YT-TRACE] [TOPO] path link=9 bw=40 hops=3 gpu=4 to_type=3 to_id=0x3
jscs-backuppool-5090test-091606:188079:188516 [3] NCCL INFO [YT-TRACE] [TOPO] path link=0 bw=48 hops=4 gpu=4 peer=5
jscs-backuppool-5090test-091606:188079:188516 [3] NCCL INFO [YT-TRACE] [TOPO] path link=0 bw=48 hops=4 gpu=4 peer=6
jscs-backuppool-5090test-091606:188079:188520 [6] NCCL INFO [YT-TRACE] [TOPO] path link=9 bw=40 hops=3 gpu=7 to_type=3 to_id=0x1
jscs-backuppool-5090test-091606:188079:188520 [6] NCCL INFO [YT-TRACE] [TOPO] path link=9 bw=40 hops=3 gpu=7 to_type=3 to_id=0x2
jscs-backuppool-5090test-091606:188079:188520 [6] NCCL INFO [YT-TRACE] [TOPO] path link=4 bw=40 hops=4 gpu=7 to_type=4 to_id=0x0
jscs-backuppool-5090test-091606:188079:188516 [3] NCCL INFO [YT-TRACE] [TOPO] path link=4 bw=40 hops=4 gpu=4 to_type=4 to_id=0x0
jscs-backuppool-5090test-091606:188079:188516 [3] NCCL INFO [YT-TRACE] [TOPO] path link=4 bw=40 hops=4 gpu=4 to_type=8 to_id=0x27000
jscs-backuppool-5090test-091606:188079:188516 [3] NCCL INFO [YT-TRACE] [TOPO] path link=4 bw=40 hops=4 gpu=4 to_type=8 to_id=0x38000
jscs-backuppool-5090test-091606:188079:188520 [6] NCCL INFO [YT-TRACE] [TOPO] path link=4 bw=40 hops=4 gpu=7 to_type=8 to_id=0x27000
jscs-backuppool-5090test-091606:188079:188520 [6] NCCL INFO [YT-TRACE] [TOPO] path link=4 bw=40 hops=4 gpu=7 to_type=8 to_id=0x38000
jscs-backuppool-5090test-091606:188079:188520 [6] NCCL INFO [YT-TRACE] [TOPO] path link=4 bw=40 hops=4 gpu=7 to_type=8 to_id=0x49000
jscs-backuppool-5090test-091606:188079:188516 [3] NCCL INFO [YT-TRACE] [TOPO] path link=4 bw=40 hops=4 gpu=4 to_type=8 to_id=0x49000
jscs-backuppool-5090test-091606:188079:188516 [3] NCCL INFO [YT-TRACE] [TOPO] path link=4 bw=40 hops=4 gpu=4 to_type=8 to_id=0x5a000
jscs-backuppool-5090test-091606:188079:188516 [3] NCCL INFO [YT-TRACE] [TOPO] path link=4 bw=40 hops=4 gpu=4 to_type=8 to_id=0xc8000
jscs-backuppool-5090test-091606:188079:188520 [6] NCCL INFO [YT-TRACE] [TOPO] path link=4 bw=40 hops=4 gpu=7 to_type=8 to_id=0x5a000
jscs-backuppool-5090test-091606:188079:188520 [6] NCCL INFO [YT-TRACE] [TOPO] path link=4 bw=40 hops=4 gpu=7 to_type=8 to_id=0x98000
jscs-backuppool-5090test-091606:188079:188520 [6] NCCL INFO [YT-TRACE] [TOPO] path link=4 bw=40 hops=4 gpu=7 to_type=8 to_id=0xa8000
jscs-backuppool-5090test-091606:188079:188520 [6] NCCL INFO [YT-TRACE] [TOPO] path link=4 bw=40 hops=4 gpu=7 to_type=8 to_id=0xb8000
jscs-backuppool-5090test-091606:188079:188520 [6] NCCL INFO [YT-TRACE] [TOPO] path link=10 bw=25 hops=5 gpu=7 to_type=5 to_id=0x0
jscs-backuppool-5090test-091606:188079:188520 [6] NCCL INFO [YT-TRACE] [TOPO] path link=10 bw=25 hops=5 gpu=7 to_type=5 to_id=0x0
jscs-backuppool-5090test-091606:188079:188516 [3] NCCL INFO [YT-TRACE] [TOPO] path link=10 bw=25 hops=5 gpu=4 to_type=5 to_id=0x0
jscs-backuppool-5090test-091606:188079:188516 [3] NCCL INFO [YT-TRACE] [TOPO] path link=10 bw=25 hops=5 gpu=4 to_type=5 to_id=0x0
jscs-backuppool-5090test-091606:188079:188516 [3] NCCL INFO [YT-TRACE] [TOPO] path link=10 bw=25 hops=5 gpu=4 to_type=5 to_id=0x0
jscs-backuppool-5090test-091606:188079:188520 [6] NCCL INFO [YT-TRACE] [TOPO] path link=10 bw=25 hops=5 gpu=7 to_type=5 to_id=0x0
jscs-backuppool-5090test-091606:188079:188520 [6] NCCL INFO [YT-TRACE] [TOPO] path link=10 bw=25 hops=5 gpu=7 to_type=5 to_id=0x0
jscs-backuppool-5090test-091606:188079:188520 [6] NCCL INFO [YT-TRACE] [TOPO] path link=0 bw=40 hops=5 gpu=7 peer=0
jscs-backuppool-5090test-091606:188079:188516 [3] NCCL INFO [YT-TRACE] [TOPO] path link=10 bw=25 hops=5 gpu=4 to_type=5 to_id=0x0
jscs-backuppool-5090test-091606:188079:188516 [3] NCCL INFO [YT-TRACE] [TOPO] path link=0 bw=40 hops=5 gpu=4 peer=0
jscs-backuppool-5090test-091606:188079:188516 [3] NCCL INFO [YT-TRACE] [TOPO] path link=0 bw=40 hops=5 gpu=4 peer=1
jscs-backuppool-5090test-091606:188079:188520 [6] NCCL INFO [YT-TRACE] [TOPO] path link=0 bw=40 hops=5 gpu=7 peer=1
jscs-backuppool-5090test-091606:188079:188520 [6] NCCL INFO [YT-TRACE] [TOPO] path link=0 bw=40 hops=5 gpu=7 peer=2
jscs-backuppool-5090test-091606:188079:188520 [6] NCCL INFO [YT-TRACE] [TOPO] path link=0 bw=40 hops=5 gpu=7 peer=3
jscs-backuppool-5090test-091606:188079:188520 [6] NCCL INFO [YT-TRACE] [TOPO] path link=0 bw=40 hops=5 gpu=7 peer=4
jscs-backuppool-5090test-091606:188079:188520 [6] NCCL INFO [YT-TRACE] [TOPO] path link=0 bw=40 hops=5 gpu=7 peer=5
jscs-backuppool-5090test-091606:188079:188520 [6] NCCL INFO [YT-TRACE] [TOPO] path link=0 bw=40 hops=5 gpu=7 peer=6
jscs-backuppool-5090test-091606:188079:188516 [3] NCCL INFO [YT-TRACE] [TOPO] path link=0 bw=40 hops=5 gpu=4 peer=2
jscs-backuppool-5090test-091606:188079:188516 [3] NCCL INFO [YT-TRACE] [TOPO] path link=0 bw=40 hops=5 gpu=4 peer=3
jscs-backuppool-5090test-091606:188079:188516 [3] NCCL INFO [YT-TRACE] [TOPO] path link=0 bw=40 hops=5 gpu=4 peer=7
jscs-backuppool-5090test-091606:188079:188516 [3] NCCL INFO [YT-TRACE] [TOPO] path link=0 bw=5000 hops=1 gpu=5 to_type=8 to_id=0xa8000
jscs-backuppool-5090test-091606:188079:188516 [3] NCCL INFO [YT-TRACE] [TOPO] path link=4 bw=48 hops=2 gpu=5 to_type=3 to_id=0x2
jscs-backuppool-5090test-091606:188079:188516 [3] NCCL INFO [YT-TRACE] [TOPO] path link=4 bw=48 hops=3 gpu=5 to_type=8 to_id=0x98000
jscs-backuppool-5090test-091606:188079:188516 [3] NCCL INFO [YT-TRACE] [TOPO] path link=4 bw=48 hops=3 gpu=5 to_type=8 to_id=0xb8000
jscs-backuppool-5090test-091606:188079:188516 [3] NCCL INFO [YT-TRACE] [TOPO] path link=9 bw=40 hops=3 gpu=5 to_type=3 to_id=0x0
jscs-backuppool-5090test-091606:188079:188516 [3] NCCL INFO [YT-TRACE] [TOPO] path link=9 bw=40 hops=3 gpu=5 to_type=3 to_id=0x1
jscs-backuppool-5090test-091606:188079:188516 [3] NCCL INFO [YT-TRACE] [TOPO] path link=9 bw=40 hops=3 gpu=5 to_type=3 to_id=0x3
jscs-backuppool-5090test-091606:188079:188516 [3] NCCL INFO [YT-TRACE] [TOPO] path link=0 bw=48 hops=4 gpu=5 peer=4
jscs-backuppool-5090test-091606:188079:188516 [3] NCCL INFO [YT-TRACE] [TOPO] path link=0 bw=48 hops=4 gpu=5 peer=6
jscs-backuppool-5090test-091606:188079:188516 [3] NCCL INFO [YT-TRACE] [TOPO] path link=4 bw=40 hops=4 gpu=5 to_type=4 to_id=0x0
jscs-backuppool-5090test-091606:188079:188516 [3] NCCL INFO [YT-TRACE] [TOPO] path link=4 bw=40 hops=4 gpu=5 to_type=8 to_id=0x27000
jscs-backuppool-5090test-091606:188079:188516 [3] NCCL INFO [YT-TRACE] [TOPO] path link=4 bw=40 hops=4 gpu=5 to_type=8 to_id=0x38000
jscs-backuppool-5090test-091606:188079:188516 [3] NCCL INFO [YT-TRACE] [TOPO] path link=4 bw=40 hops=4 gpu=5 to_type=8 to_id=0x49000
jscs-backuppool-5090test-091606:188079:188516 [3] NCCL INFO [YT-TRACE] [TOPO] path link=4 bw=40 hops=4 gpu=5 to_type=8 to_id=0x5a000
jscs-backuppool-5090test-091606:188079:188516 [3] NCCL INFO [YT-TRACE] [TOPO] path link=4 bw=40 hops=4 gpu=5 to_type=8 to_id=0xc8000
jscs-backuppool-5090test-091606:188079:188516 [3] NCCL INFO [YT-TRACE] [TOPO] path link=10 bw=25 hops=5 gpu=5 to_type=5 to_id=0x0
jscs-backuppool-5090test-091606:188079:188516 [3] NCCL INFO [YT-TRACE] [TOPO] path link=10 bw=25 hops=5 gpu=5 to_type=5 to_id=0x0
jscs-backuppool-5090test-091606:188079:188516 [3] NCCL INFO [YT-TRACE] [TOPO] path link=10 bw=25 hops=5 gpu=5 to_type=5 to_id=0x0
jscs-backuppool-5090test-091606:188079:188516 [3] NCCL INFO [YT-TRACE] [TOPO] path link=10 bw=25 hops=5 gpu=5 to_type=5 to_id=0x0
jscs-backuppool-5090test-091606:188079:188516 [3] NCCL INFO [YT-TRACE] [TOPO] path link=0 bw=40 hops=5 gpu=5 peer=0
jscs-backuppool-5090test-091606:188079:188516 [3] NCCL INFO [YT-TRACE] [TOPO] path link=0 bw=40 hops=5 gpu=5 peer=1
jscs-backuppool-5090test-091606:188079:188516 [3] NCCL INFO [YT-TRACE] [TOPO] path link=0 bw=40 hops=5 gpu=5 peer=2
jscs-backuppool-5090test-091606:188079:188516 [3] NCCL INFO [YT-TRACE] [TOPO] path link=0 bw=40 hops=5 gpu=5 peer=3
jscs-backuppool-5090test-091606:188079:188516 [3] NCCL INFO [YT-TRACE] [TOPO] path link=0 bw=40 hops=5 gpu=5 peer=7
jscs-backuppool-5090test-091606:188079:188516 [3] NCCL INFO [YT-TRACE] [TOPO] path link=0 bw=5000 hops=1 gpu=6 to_type=8 to_id=0xb8000
jscs-backuppool-5090test-091606:188079:188516 [3] NCCL INFO [YT-TRACE] [TOPO] path link=4 bw=48 hops=2 gpu=6 to_type=3 to_id=0x2
jscs-backuppool-5090test-091606:188079:188516 [3] NCCL INFO [YT-TRACE] [TOPO] path link=4 bw=48 hops=3 gpu=6 to_type=8 to_id=0x98000
jscs-backuppool-5090test-091606:188079:188516 [3] NCCL INFO [YT-TRACE] [TOPO] path link=4 bw=48 hops=3 gpu=6 to_type=8 to_id=0xa8000
jscs-backuppool-5090test-091606:188079:188516 [3] NCCL INFO [YT-TRACE] [TOPO] path link=9 bw=40 hops=3 gpu=6 to_type=3 to_id=0x0
jscs-backuppool-5090test-091606:188079:188516 [3] NCCL INFO [YT-TRACE] [TOPO] path link=9 bw=40 hops=3 gpu=6 to_type=3 to_id=0x1
jscs-backuppool-5090test-091606:188079:188516 [3] NCCL INFO [YT-TRACE] [TOPO] path link=9 bw=40 hops=3 gpu=6 to_type=3 to_id=0x3
jscs-backuppool-5090test-091606:188079:188516 [3] NCCL INFO [YT-TRACE] [TOPO] path link=0 bw=48 hops=4 gpu=6 peer=4
jscs-backuppool-5090test-091606:188079:188516 [3] NCCL INFO [YT-TRACE] [TOPO] path link=0 bw=48 hops=4 gpu=6 peer=5
jscs-backuppool-5090test-091606:188079:188516 [3] NCCL INFO [YT-TRACE] [TOPO] path link=4 bw=40 hops=4 gpu=6 to_type=4 to_id=0x0
jscs-backuppool-5090test-091606:188079:188516 [3] NCCL INFO [YT-TRACE] [TOPO] path link=4 bw=40 hops=4 gpu=6 to_type=8 to_id=0x27000
jscs-backuppool-5090test-091606:188079:188516 [3] NCCL INFO [YT-TRACE] [TOPO] path link=4 bw=40 hops=4 gpu=6 to_type=8 to_id=0x38000
jscs-backuppool-5090test-091606:188079:188516 [3] NCCL INFO [YT-TRACE] [TOPO] path link=4 bw=40 hops=4 gpu=6 to_type=8 to_id=0x49000
jscs-backuppool-5090test-091606:188079:188516 [3] NCCL INFO [YT-TRACE] [TOPO] path link=4 bw=40 hops=4 gpu=6 to_type=8 to_id=0x5a000
jscs-backuppool-5090test-091606:188079:188516 [3] NCCL INFO [YT-TRACE] [TOPO] path link=4 bw=40 hops=4 gpu=6 to_type=8 to_id=0xc8000
jscs-backuppool-5090test-091606:188079:188516 [3] NCCL INFO [YT-TRACE] [TOPO] path link=10 bw=25 hops=5 gpu=6 to_type=5 to_id=0x0
jscs-backuppool-5090test-091606:188079:188516 [3] NCCL INFO [YT-TRACE] [TOPO] path link=10 bw=25 hops=5 gpu=6 to_type=5 to_id=0x0
jscs-backuppool-5090test-091606:188079:188516 [3] NCCL INFO [YT-TRACE] [TOPO] path link=10 bw=25 hops=5 gpu=6 to_type=5 to_id=0x0
jscs-backuppool-5090test-091606:188079:188516 [3] NCCL INFO [YT-TRACE] [TOPO] path link=10 bw=25 hops=5 gpu=6 to_type=5 to_id=0x0
jscs-backuppool-5090test-091606:188079:188516 [3] NCCL INFO [YT-TRACE] [TOPO] path link=0 bw=40 hops=5 gpu=6 peer=0
jscs-backuppool-5090test-091606:188079:188516 [3] NCCL INFO [YT-TRACE] [TOPO] path link=0 bw=40 hops=5 gpu=6 peer=1
jscs-backuppool-5090test-091606:188079:188516 [3] NCCL INFO [YT-TRACE] [TOPO] path link=0 bw=40 hops=5 gpu=6 peer=2
jscs-backuppool-5090test-091606:188079:188513 [0] NCCL INFO [YT-TRACE] [TOPO] gpu_matrix gpu=0 peer=1 type=8 bw=48 hops=4
jscs-backuppool-5090test-091606:188079:188513 [0] NCCL INFO [YT-TRACE] [TOPO] gpu_matrix gpu=0 peer=2 type=9 bw=40 hops=5
jscs-backuppool-5090test-091606:188079:188513 [0] NCCL INFO [YT-TRACE] [TOPO] gpu_matrix gpu=0 peer=3 type=9 bw=40 hops=5
jscs-backuppool-5090test-091606:188079:188513 [0] NCCL INFO [YT-TRACE] [TOPO] gpu_matrix gpu=0 peer=4 type=9 bw=40 hops=5
jscs-backuppool-5090test-091606:188079:188513 [0] NCCL INFO [YT-TRACE] [TOPO] gpu_matrix gpu=0 peer=5 type=9 bw=40 hops=5
jscs-backuppool-5090test-091606:188079:188513 [0] NCCL INFO [YT-TRACE] [TOPO] gpu_matrix gpu=0 peer=6 type=9 bw=40 hops=5
jscs-backuppool-5090test-091606:188079:188513 [0] NCCL INFO [YT-TRACE] [TOPO] gpu_matrix gpu=0 peer=7 type=9 bw=40 hops=5
jscs-backuppool-5090test-091606:188079:188513 [0] NCCL INFO [YT-TRACE] [TOPO] gpu_matrix gpu=1 peer=2 type=9 bw=40 hops=5
jscs-backuppool-5090test-091606:188079:188513 [0] NCCL INFO [YT-TRACE] [TOPO] gpu_matrix gpu=1 peer=3 type=9 bw=40 hops=5
jscs-backuppool-5090test-091606:188079:188513 [0] NCCL INFO [YT-TRACE] [TOPO] gpu_matrix gpu=1 peer=4 type=9 bw=40 hops=5
jscs-backuppool-5090test-091606:188079:188513 [0] NCCL INFO [YT-TRACE] [TOPO] gpu_matrix gpu=1 peer=5 type=9 bw=40 hops=5
jscs-backuppool-5090test-091606:188079:188513 [0] NCCL INFO [YT-TRACE] [TOPO] gpu_matrix gpu=1 peer=6 type=9 bw=40 hops=5
jscs-backuppool-5090test-091606:188079:188513 [0] NCCL INFO [YT-TRACE] [TOPO] gpu_matrix gpu=1 peer=7 type=9 bw=40 hops=5
jscs-backuppool-5090test-091606:188079:188513 [0] NCCL INFO [YT-TRACE] [TOPO] gpu_matrix gpu=2 peer=3 type=8 bw=48 hops=4
jscs-backuppool-5090test-091606:188079:188513 [0] NCCL INFO [YT-TRACE] [TOPO] gpu_matrix gpu=2 peer=4 type=9 bw=40 hops=5
jscs-backuppool-5090test-091606:188079:188513 [0] NCCL INFO [YT-TRACE] [TOPO] gpu_matrix gpu=2 peer=5 type=9 bw=40 hops=5
jscs-backuppool-5090test-091606:188079:188513 [0] NCCL INFO [YT-TRACE] [TOPO] gpu_matrix gpu=2 peer=6 type=9 bw=40 hops=5
jscs-backuppool-5090test-091606:188079:188513 [0] NCCL INFO [YT-TRACE] [TOPO] gpu_matrix gpu=2 peer=7 type=9 bw=40 hops=5
jscs-backuppool-5090test-091606:188079:188513 [0] NCCL INFO [YT-TRACE] [TOPO] gpu_matrix gpu=3 peer=4 type=9 bw=40 hops=5
jscs-backuppool-5090test-091606:188079:188513 [0] NCCL INFO [YT-TRACE] [TOPO] gpu_matrix gpu=3 peer=5 type=9 bw=40 hops=5
jscs-backuppool-5090test-091606:188079:188513 [0] NCCL INFO [YT-TRACE] [TOPO] gpu_matrix gpu=3 peer=6 type=9 bw=40 hops=5
jscs-backuppool-5090test-091606:188079:188513 [0] NCCL INFO [YT-TRACE] [TOPO] gpu_matrix gpu=3 peer=7 type=9 bw=40 hops=5
jscs-backuppool-5090test-091606:188079:188513 [0] NCCL INFO [YT-TRACE] [TOPO] gpu_matrix gpu=4 peer=5 type=8 bw=48 hops=4
jscs-backuppool-5090test-091606:188079:188513 [0] NCCL INFO [YT-TRACE] [TOPO] gpu_matrix gpu=4 peer=6 type=8 bw=48 hops=4
jscs-backuppool-5090test-091606:188079:188513 [0] NCCL INFO [YT-TRACE] [TOPO] gpu_matrix gpu=4 peer=7 type=9 bw=40 hops=5
jscs-backuppool-5090test-091606:188079:188513 [0] NCCL INFO [YT-TRACE] [TOPO] gpu_matrix gpu=5 peer=6 type=8 bw=48 hops=4
jscs-backuppool-5090test-091606:188079:188513 [0] NCCL INFO [YT-TRACE] [TOPO] gpu_matrix gpu=5 peer=7 type=9 bw=40 hops=5
jscs-backuppool-5090test-091606:188079:188513 [0] NCCL INFO [YT-TRACE] [TOPO] gpu_matrix gpu=6 peer=7 type=9 bw=40 hops=5
jscs-backuppool-5090test-091606:188079:188516 [3] NCCL INFO [YT-TRACE] [TOPO] path link=0 bw=40 hops=5 gpu=6 peer=3
jscs-backuppool-5090test-091606:188079:188516 [3] NCCL INFO [YT-TRACE] [TOPO] path link=0 bw=40 hops=5 gpu=6 peer=7
jscs-backuppool-5090test-091606:188079:188516 [3] NCCL INFO [YT-TRACE] [TOPO] path link=0 bw=5000 hops=1 gpu=7 to_type=8 to_id=0xc8000
jscs-backuppool-5090test-091606:188079:188516 [3] NCCL INFO [YT-TRACE] [TOPO] path link=4 bw=48 hops=2 gpu=7 to_type=3 to_id=0x3
jscs-backuppool-5090test-091606:188079:188516 [3] NCCL INFO [YT-TRACE] [TOPO] path link=9 bw=40 hops=3 gpu=7 to_type=3 to_id=0x0
jscs-backuppool-5090test-091606:188079:188516 [3] NCCL INFO [YT-TRACE] [TOPO] path link=9 bw=40 hops=3 gpu=7 to_type=3 to_id=0x1
jscs-backuppool-5090test-091606:188079:188516 [3] NCCL INFO [YT-TRACE] [TOPO] path link=9 bw=40 hops=3 gpu=7 to_type=3 to_id=0x2
jscs-backuppool-5090test-091606:188079:188516 [3] NCCL INFO [YT-TRACE] [TOPO] path link=4 bw=40 hops=4 gpu=7 to_type=4 to_id=0x0
jscs-backuppool-5090test-091606:188079:188516 [3] NCCL INFO [YT-TRACE] [TOPO] path link=4 bw=40 hops=4 gpu=7 to_type=8 to_id=0x27000
jscs-backuppool-5090test-091606:188079:188516 [3] NCCL INFO [YT-TRACE] [TOPO] path link=4 bw=40 hops=4 gpu=7 to_type=8 to_id=0x38000
jscs-backuppool-5090test-091606:188079:188516 [3] NCCL INFO [YT-TRACE] [TOPO] path link=4 bw=40 hops=4 gpu=7 to_type=8 to_id=0x49000
jscs-backuppool-5090test-091606:188079:188516 [3] NCCL INFO [YT-TRACE] [TOPO] path link=4 bw=40 hops=4 gpu=7 to_type=8 to_id=0x5a000
jscs-backuppool-5090test-091606:188079:188516 [3] NCCL INFO [YT-TRACE] [TOPO] path link=4 bw=40 hops=4 gpu=7 to_type=8 to_id=0x98000
jscs-backuppool-5090test-091606:188079:188516 [3] NCCL INFO [YT-TRACE] [TOPO] path link=4 bw=40 hops=4 gpu=7 to_type=8 to_id=0xa8000
jscs-backuppool-5090test-091606:188079:188516 [3] NCCL INFO [YT-TRACE] [TOPO] path link=4 bw=40 hops=4 gpu=7 to_type=8 to_id=0xb8000
jscs-backuppool-5090test-091606:188079:188516 [3] NCCL INFO [YT-TRACE] [TOPO] path link=10 bw=25 hops=5 gpu=7 to_type=5 to_id=0x0
jscs-backuppool-5090test-091606:188079:188516 [3] NCCL INFO [YT-TRACE] [TOPO] path link=10 bw=25 hops=5 gpu=7 to_type=5 to_id=0x0
jscs-backuppool-5090test-091606:188079:188516 [3] NCCL INFO [YT-TRACE] [TOPO] path link=10 bw=25 hops=5 gpu=7 to_type=5 to_id=0x0
jscs-backuppool-5090test-091606:188079:188516 [3] NCCL INFO [YT-TRACE] [TOPO] path link=10 bw=25 hops=5 gpu=7 to_type=5 to_id=0x0
jscs-backuppool-5090test-091606:188079:188516 [3] NCCL INFO [YT-TRACE] [TOPO] path link=0 bw=40 hops=5 gpu=7 peer=0
jscs-backuppool-5090test-091606:188079:188516 [3] NCCL INFO [YT-TRACE] [TOPO] path link=0 bw=40 hops=5 gpu=7 peer=1
jscs-backuppool-5090test-091606:188079:188516 [3] NCCL INFO [YT-TRACE] [TOPO] path link=0 bw=40 hops=5 gpu=7 peer=2
jscs-backuppool-5090test-091606:188079:188516 [3] NCCL INFO [YT-TRACE] [TOPO] path link=0 bw=40 hops=5 gpu=7 peer=3
jscs-backuppool-5090test-091606:188079:188516 [3] NCCL INFO [YT-TRACE] [TOPO] path link=0 bw=40 hops=5 gpu=7 peer=4
jscs-backuppool-5090test-091606:188079:188516 [3] NCCL INFO [YT-TRACE] [TOPO] path link=0 bw=40 hops=5 gpu=7 peer=5
jscs-backuppool-5090test-091606:188079:188516 [3] NCCL INFO [YT-TRACE] [TOPO] path link=0 bw=40 hops=5 gpu=7 peer=6
jscs-backuppool-5090test-091606:188079:188516 [3] NCCL INFO [YT-TRACE] [TOPO] gpu_matrix gpu=0 peer=1 type=8 bw=48 hops=4
jscs-backuppool-5090test-091606:188079:188516 [3] NCCL INFO [YT-TRACE] [TOPO] gpu_matrix gpu=0 peer=2 type=9 bw=40 hops=5
jscs-backuppool-5090test-091606:188079:188516 [3] NCCL INFO [YT-TRACE] [TOPO] gpu_matrix gpu=0 peer=3 type=9 bw=40 hops=5
jscs-backuppool-5090test-091606:188079:188516 [3] NCCL INFO [YT-TRACE] [TOPO] gpu_matrix gpu=0 peer=4 type=9 bw=40 hops=5
jscs-backuppool-5090test-091606:188079:188516 [3] NCCL INFO [YT-TRACE] [TOPO] gpu_matrix gpu=0 peer=5 type=9 bw=40 hops=5
jscs-backuppool-5090test-091606:188079:188516 [3] NCCL INFO [YT-TRACE] [TOPO] gpu_matrix gpu=0 peer=6 type=9 bw=40 hops=5
jscs-backuppool-5090test-091606:188079:188516 [3] NCCL INFO [YT-TRACE] [TOPO] gpu_matrix gpu=0 peer=7 type=9 bw=40 hops=5
jscs-backuppool-5090test-091606:188079:188516 [3] NCCL INFO [YT-TRACE] [TOPO] gpu_matrix gpu=1 peer=2 type=9 bw=40 hops=5
jscs-backuppool-5090test-091606:188079:188516 [3] NCCL INFO [YT-TRACE] [TOPO] gpu_matrix gpu=1 peer=3 type=9 bw=40 hops=5
jscs-backuppool-5090test-091606:188079:188516 [3] NCCL INFO [YT-TRACE] [TOPO] gpu_matrix gpu=1 peer=4 type=9 bw=40 hops=5
jscs-backuppool-5090test-091606:188079:188516 [3] NCCL INFO [YT-TRACE] [TOPO] gpu_matrix gpu=1 peer=5 type=9 bw=40 hops=5
jscs-backuppool-5090test-091606:188079:188516 [3] NCCL INFO [YT-TRACE] [TOPO] gpu_matrix gpu=1 peer=6 type=9 bw=40 hops=5
jscs-backuppool-5090test-091606:188079:188516 [3] NCCL INFO [YT-TRACE] [TOPO] gpu_matrix gpu=1 peer=7 type=9 bw=40 hops=5
jscs-backuppool-5090test-091606:188079:188516 [3] NCCL INFO [YT-TRACE] [TOPO] gpu_matrix gpu=2 peer=3 type=8 bw=48 hops=4
jscs-backuppool-5090test-091606:188079:188516 [3] NCCL INFO [YT-TRACE] [TOPO] gpu_matrix gpu=2 peer=4 type=9 bw=40 hops=5
jscs-backuppool-5090test-091606:188079:188516 [3] NCCL INFO [YT-TRACE] [TOPO] gpu_matrix gpu=2 peer=5 type=9 bw=40 hops=5
jscs-backuppool-5090test-091606:188079:188516 [3] NCCL INFO [YT-TRACE] [TOPO] gpu_matrix gpu=2 peer=6 type=9 bw=40 hops=5
jscs-backuppool-5090test-091606:188079:188516 [3] NCCL INFO [YT-TRACE] [TOPO] gpu_matrix gpu=2 peer=7 type=9 bw=40 hops=5
jscs-backuppool-5090test-091606:188079:188516 [3] NCCL INFO [YT-TRACE] [TOPO] gpu_matrix gpu=3 peer=4 type=9 bw=40 hops=5
jscs-backuppool-5090test-091606:188079:188516 [3] NCCL INFO [YT-TRACE] [TOPO] gpu_matrix gpu=3 peer=5 type=9 bw=40 hops=5
jscs-backuppool-5090test-091606:188079:188516 [3] NCCL INFO [YT-TRACE] [TOPO] gpu_matrix gpu=3 peer=6 type=9 bw=40 hops=5
jscs-backuppool-5090test-091606:188079:188516 [3] NCCL INFO [YT-TRACE] [TOPO] gpu_matrix gpu=3 peer=7 type=9 bw=40 hops=5
jscs-backuppool-5090test-091606:188079:188516 [3] NCCL INFO [YT-TRACE] [TOPO] gpu_matrix gpu=4 peer=5 type=8 bw=48 hops=4
jscs-backuppool-5090test-091606:188079:188516 [3] NCCL INFO [YT-TRACE] [TOPO] gpu_matrix gpu=4 peer=6 type=8 bw=48 hops=4
jscs-backuppool-5090test-091606:188079:188516 [3] NCCL INFO [YT-TRACE] [TOPO] gpu_matrix gpu=4 peer=7 type=9 bw=40 hops=5
jscs-backuppool-5090test-091606:188079:188516 [3] NCCL INFO [YT-TRACE] [TOPO] gpu_matrix gpu=5 peer=6 type=8 bw=48 hops=4
jscs-backuppool-5090test-091606:188079:188516 [3] NCCL INFO [YT-TRACE] [TOPO] gpu_matrix gpu=5 peer=7 type=9 bw=40 hops=5
jscs-backuppool-5090test-091606:188079:188516 [3] NCCL INFO [YT-TRACE] [TOPO] gpu_matrix gpu=6 peer=7 type=9 bw=40 hops=5
jscs-backuppool-5090test-091606:188079:188520 [6] NCCL INFO [YT-TRACE] [TOPO] gpu_matrix gpu=0 peer=1 type=8 bw=48 hops=4
jscs-backuppool-5090test-091606:188079:188520 [6] NCCL INFO [YT-TRACE] [TOPO] gpu_matrix gpu=0 peer=2 type=9 bw=40 hops=5
jscs-backuppool-5090test-091606:188079:188520 [6] NCCL INFO [YT-TRACE] [TOPO] gpu_matrix gpu=0 peer=3 type=9 bw=40 hops=5
jscs-backuppool-5090test-091606:188079:188520 [6] NCCL INFO [YT-TRACE] [TOPO] gpu_matrix gpu=0 peer=4 type=9 bw=40 hops=5
jscs-backuppool-5090test-091606:188079:188520 [6] NCCL INFO [YT-TRACE] [TOPO] gpu_matrix gpu=0 peer=5 type=9 bw=40 hops=5
jscs-backuppool-5090test-091606:188079:188520 [6] NCCL INFO [YT-TRACE] [TOPO] gpu_matrix gpu=0 peer=6 type=9 bw=40 hops=5
jscs-backuppool-5090test-091606:188079:188520 [6] NCCL INFO [YT-TRACE] [TOPO] gpu_matrix gpu=0 peer=7 type=9 bw=40 hops=5
jscs-backuppool-5090test-091606:188079:188520 [6] NCCL INFO [YT-TRACE] [TOPO] gpu_matrix gpu=1 peer=2 type=9 bw=40 hops=5
jscs-backuppool-5090test-091606:188079:188520 [6] NCCL INFO [YT-TRACE] [TOPO] gpu_matrix gpu=1 peer=3 type=9 bw=40 hops=5
jscs-backuppool-5090test-091606:188079:188520 [6] NCCL INFO [YT-TRACE] [TOPO] gpu_matrix gpu=1 peer=4 type=9 bw=40 hops=5
jscs-backuppool-5090test-091606:188079:188520 [6] NCCL INFO [YT-TRACE] [TOPO] gpu_matrix gpu=1 peer=5 type=9 bw=40 hops=5
jscs-backuppool-5090test-091606:188079:188520 [6] NCCL INFO [YT-TRACE] [TOPO] gpu_matrix gpu=1 peer=6 type=9 bw=40 hops=5
jscs-backuppool-5090test-091606:188079:188520 [6] NCCL INFO [YT-TRACE] [TOPO] gpu_matrix gpu=1 peer=7 type=9 bw=40 hops=5
jscs-backuppool-5090test-091606:188079:188520 [6] NCCL INFO [YT-TRACE] [TOPO] gpu_matrix gpu=2 peer=3 type=8 bw=48 hops=4
jscs-backuppool-5090test-091606:188079:188520 [6] NCCL INFO [YT-TRACE] [TOPO] gpu_matrix gpu=2 peer=4 type=9 bw=40 hops=5
jscs-backuppool-5090test-091606:188079:188520 [6] NCCL INFO [YT-TRACE] [TOPO] gpu_matrix gpu=2 peer=5 type=9 bw=40 hops=5
jscs-backuppool-5090test-091606:188079:188520 [6] NCCL INFO [YT-TRACE] [TOPO] gpu_matrix gpu=2 peer=6 type=9 bw=40 hops=5
jscs-backuppool-5090test-091606:188079:188520 [6] NCCL INFO [YT-TRACE] [TOPO] gpu_matrix gpu=2 peer=7 type=9 bw=40 hops=5
jscs-backuppool-5090test-091606:188079:188520 [6] NCCL INFO [YT-TRACE] [TOPO] gpu_matrix gpu=3 peer=4 type=9 bw=40 hops=5
jscs-backuppool-5090test-091606:188079:188520 [6] NCCL INFO [YT-TRACE] [TOPO] gpu_matrix gpu=3 peer=5 type=9 bw=40 hops=5
jscs-backuppool-5090test-091606:188079:188520 [6] NCCL INFO [YT-TRACE] [TOPO] gpu_matrix gpu=3 peer=6 type=9 bw=40 hops=5
jscs-backuppool-5090test-091606:188079:188520 [6] NCCL INFO [YT-TRACE] [TOPO] gpu_matrix gpu=3 peer=7 type=9 bw=40 hops=5
jscs-backuppool-5090test-091606:188079:188520 [6] NCCL INFO [YT-TRACE] [TOPO] gpu_matrix gpu=4 peer=5 type=8 bw=48 hops=4
jscs-backuppool-5090test-091606:188079:188520 [6] NCCL INFO [YT-TRACE] [TOPO] gpu_matrix gpu=4 peer=6 type=8 bw=48 hops=4
jscs-backuppool-5090test-091606:188079:188520 [6] NCCL INFO [YT-TRACE] [TOPO] gpu_matrix gpu=4 peer=7 type=9 bw=40 hops=5
jscs-backuppool-5090test-091606:188079:188520 [6] NCCL INFO [YT-TRACE] [TOPO] gpu_matrix gpu=5 peer=6 type=8 bw=48 hops=4
jscs-backuppool-5090test-091606:188079:188520 [6] NCCL INFO [YT-TRACE] [TOPO] gpu_matrix gpu=5 peer=7 type=9 bw=40 hops=5
jscs-backuppool-5090test-091606:188079:188520 [6] NCCL INFO [YT-TRACE] [TOPO] gpu_matrix gpu=6 peer=7 type=9 bw=40 hops=5
jscs-backuppool-5090test-091606:188079:188515 [2] NCCL INFO [YT-TRACE] [TOPO] path link=0 bw=5000 hops=1 gpu=0 to_type=8 to_id=0x27000
jscs-backuppool-5090test-091606:188079:188515 [2] NCCL INFO [YT-TRACE] [TOPO] path link=4 bw=48 hops=2 gpu=0 to_type=3 to_id=0x0
jscs-backuppool-5090test-091606:188079:188515 [2] NCCL INFO [YT-TRACE] [TOPO] path link=4 bw=48 hops=3 gpu=0 to_type=4 to_id=0x0
jscs-backuppool-5090test-091606:188079:188515 [2] NCCL INFO [YT-TRACE] [TOPO] path link=4 bw=48 hops=3 gpu=0 to_type=8 to_id=0x38000
jscs-backuppool-5090test-091606:188079:188515 [2] NCCL INFO [YT-TRACE] [TOPO] path link=9 bw=40 hops=3 gpu=0 to_type=3 to_id=0x1
jscs-backuppool-5090test-091606:188079:188515 [2] NCCL INFO [YT-TRACE] [TOPO] path link=9 bw=40 hops=3 gpu=0 to_type=3 to_id=0x2
jscs-backuppool-5090test-091606:188079:188515 [2] NCCL INFO [YT-TRACE] [TOPO] path link=9 bw=40 hops=3 gpu=0 to_type=3 to_id=0x3
jscs-backuppool-5090test-091606:188079:188515 [2] NCCL INFO [YT-TRACE] [TOPO] path link=10 bw=25 hops=4 gpu=0 to_type=5 to_id=0x0
jscs-backuppool-5090test-091606:188079:188515 [2] NCCL INFO [YT-TRACE] [TOPO] path link=10 bw=25 hops=4 gpu=0 to_type=5 to_id=0x0
jscs-backuppool-5090test-091606:188079:188515 [2] NCCL INFO [YT-TRACE] [TOPO] path link=10 bw=25 hops=4 gpu=0 to_type=5 to_id=0x0
jscs-backuppool-5090test-091606:188079:188515 [2] NCCL INFO [YT-TRACE] [TOPO] path link=10 bw=25 hops=4 gpu=0 to_type=5 to_id=0x0
jscs-backuppool-5090test-091606:188079:188515 [2] NCCL INFO [YT-TRACE] [TOPO] path link=0 bw=48 hops=4 gpu=0 peer=1
jscs-backuppool-5090test-091606:188079:188515 [2] NCCL INFO [YT-TRACE] [TOPO] path link=4 bw=40 hops=4 gpu=0 to_type=8 to_id=0x49000
jscs-backuppool-5090test-091606:188079:188515 [2] NCCL INFO [YT-TRACE] [TOPO] path link=4 bw=40 hops=4 gpu=0 to_type=8 to_id=0x5a000
jscs-backuppool-5090test-091606:188079:188521 [7] NCCL INFO [YT-TRACE] [TOPO] path link=0 bw=5000 hops=1 gpu=0 to_type=8 to_id=0x27000
jscs-backuppool-5090test-091606:188079:188521 [7] NCCL INFO [YT-TRACE] [TOPO] path link=4 bw=48 hops=2 gpu=0 to_type=3 to_id=0x0
jscs-backuppool-5090test-091606:188079:188517 [4] NCCL INFO [YT-TRACE] [TOPO] path link=0 bw=5000 hops=1 gpu=0 to_type=8 to_id=0x27000
jscs-backuppool-5090test-091606:188079:188514 [1] NCCL INFO [YT-TRACE] [TOPO] path link=0 bw=5000 hops=1 gpu=0 to_type=8 to_id=0x27000
jscs-backuppool-5090test-091606:188079:188521 [7] NCCL INFO [YT-TRACE] [TOPO] path link=4 bw=48 hops=3 gpu=0 to_type=4 to_id=0x0
jscs-backuppool-5090test-091606:188079:188517 [4] NCCL INFO [YT-TRACE] [TOPO] path link=4 bw=48 hops=2 gpu=0 to_type=3 to_id=0x0
jscs-backuppool-5090test-091606:188079:188514 [1] NCCL INFO [YT-TRACE] [TOPO] path link=4 bw=48 hops=2 gpu=0 to_type=3 to_id=0x0
jscs-backuppool-5090test-091606:188079:188521 [7] NCCL INFO [YT-TRACE] [TOPO] path link=4 bw=48 hops=3 gpu=0 to_type=8 to_id=0x38000
jscs-backuppool-5090test-091606:188079:188517 [4] NCCL INFO [YT-TRACE] [TOPO] path link=4 bw=48 hops=3 gpu=0 to_type=4 to_id=0x0
jscs-backuppool-5090test-091606:188079:188514 [1] NCCL INFO [YT-TRACE] [TOPO] path link=4 bw=48 hops=3 gpu=0 to_type=4 to_id=0x0
jscs-backuppool-5090test-091606:188079:188521 [7] NCCL INFO [YT-TRACE] [TOPO] path link=9 bw=40 hops=3 gpu=0 to_type=3 to_id=0x1
jscs-backuppool-5090test-091606:188079:188517 [4] NCCL INFO [YT-TRACE] [TOPO] path link=4 bw=48 hops=3 gpu=0 to_type=8 to_id=0x38000
jscs-backuppool-5090test-091606:188079:188514 [1] NCCL INFO [YT-TRACE] [TOPO] path link=4 bw=48 hops=3 gpu=0 to_type=8 to_id=0x38000
jscs-backuppool-5090test-091606:188079:188513 [0] NCCL INFO [YT-TRACE] [TOPO] path link=0 bw=5000 hops=1 gpu=0 to_type=8 to_id=0x27000
jscs-backuppool-5090test-091606:188079:188518 [5] NCCL INFO [YT-TRACE] [TOPO] path link=0 bw=5000 hops=1 gpu=0 to_type=8 to_id=0x27000
jscs-backuppool-5090test-091606:188079:188521 [7] NCCL INFO [YT-TRACE] [TOPO] path link=9 bw=40 hops=3 gpu=0 to_type=3 to_id=0x2
jscs-backuppool-5090test-091606:188079:188517 [4] NCCL INFO [YT-TRACE] [TOPO] path link=9 bw=40 hops=3 gpu=0 to_type=3 to_id=0x1
jscs-backuppool-5090test-091606:188079:188514 [1] NCCL INFO [YT-TRACE] [TOPO] path link=9 bw=40 hops=3 gpu=0 to_type=3 to_id=0x1
jscs-backuppool-5090test-091606:188079:188513 [0] NCCL INFO [YT-TRACE] [TOPO] path link=4 bw=48 hops=2 gpu=0 to_type=3 to_id=0x0
jscs-backuppool-5090test-091606:188079:188518 [5] NCCL INFO [YT-TRACE] [TOPO] path link=4 bw=48 hops=2 gpu=0 to_type=3 to_id=0x0
jscs-backuppool-5090test-091606:188079:188521 [7] NCCL INFO [YT-TRACE] [TOPO] path link=9 bw=40 hops=3 gpu=0 to_type=3 to_id=0x3
jscs-backuppool-5090test-091606:188079:188517 [4] NCCL INFO [YT-TRACE] [TOPO] path link=9 bw=40 hops=3 gpu=0 to_type=3 to_id=0x2
jscs-backuppool-5090test-091606:188079:188516 [3] NCCL INFO [YT-TRACE] [TOPO] path link=0 bw=5000 hops=1 gpu=0 to_type=8 to_id=0x27000
jscs-backuppool-5090test-091606:188079:188514 [1] NCCL INFO [YT-TRACE] [TOPO] path link=9 bw=40 hops=3 gpu=0 to_type=3 to_id=0x2
jscs-backuppool-5090test-091606:188079:188513 [0] NCCL INFO [YT-TRACE] [TOPO] path link=4 bw=48 hops=3 gpu=0 to_type=4 to_id=0x0
jscs-backuppool-5090test-091606:188079:188518 [5] NCCL INFO [YT-TRACE] [TOPO] path link=4 bw=48 hops=3 gpu=0 to_type=4 to_id=0x0
jscs-backuppool-5090test-091606:188079:188520 [6] NCCL INFO [YT-TRACE] [TOPO] path link=0 bw=5000 hops=1 gpu=0 to_type=8 to_id=0x27000
jscs-backuppool-5090test-091606:188079:188521 [7] NCCL INFO [YT-TRACE] [TOPO] path link=10 bw=25 hops=4 gpu=0 to_type=5 to_id=0x0
jscs-backuppool-5090test-091606:188079:188517 [4] NCCL INFO [YT-TRACE] [TOPO] path link=9 bw=40 hops=3 gpu=0 to_type=3 to_id=0x3
jscs-backuppool-5090test-091606:188079:188516 [3] NCCL INFO [YT-TRACE] [TOPO] path link=4 bw=48 hops=2 gpu=0 to_type=3 to_id=0x0
jscs-backuppool-5090test-091606:188079:188514 [1] NCCL INFO [YT-TRACE] [TOPO] path link=9 bw=40 hops=3 gpu=0 to_type=3 to_id=0x3
jscs-backuppool-5090test-091606:188079:188513 [0] NCCL INFO [YT-TRACE] [TOPO] path link=4 bw=48 hops=3 gpu=0 to_type=8 to_id=0x38000
jscs-backuppool-5090test-091606:188079:188518 [5] NCCL INFO [YT-TRACE] [TOPO] path link=4 bw=48 hops=3 gpu=0 to_type=8 to_id=0x38000
jscs-backuppool-5090test-091606:188079:188520 [6] NCCL INFO [YT-TRACE] [TOPO] path link=4 bw=48 hops=2 gpu=0 to_type=3 to_id=0x0
jscs-backuppool-5090test-091606:188079:188521 [7] NCCL INFO [YT-TRACE] [TOPO] path link=10 bw=25 hops=4 gpu=0 to_type=5 to_id=0x0
jscs-backuppool-5090test-091606:188079:188517 [4] NCCL INFO [YT-TRACE] [TOPO] path link=10 bw=25 hops=4 gpu=0 to_type=5 to_id=0x0
jscs-backuppool-5090test-091606:188079:188516 [3] NCCL INFO [YT-TRACE] [TOPO] path link=4 bw=48 hops=3 gpu=0 to_type=4 to_id=0x0
jscs-backuppool-5090test-091606:188079:188514 [1] NCCL INFO [YT-TRACE] [TOPO] path link=10 bw=25 hops=4 gpu=0 to_type=5 to_id=0x0
jscs-backuppool-5090test-091606:188079:188513 [0] NCCL INFO [YT-TRACE] [TOPO] path link=9 bw=40 hops=3 gpu=0 to_type=3 to_id=0x1
jscs-backuppool-5090test-091606:188079:188518 [5] NCCL INFO [YT-TRACE] [TOPO] path link=9 bw=40 hops=3 gpu=0 to_type=3 to_id=0x1
jscs-backuppool-5090test-091606:188079:188520 [6] NCCL INFO [YT-TRACE] [TOPO] path link=4 bw=48 hops=3 gpu=0 to_type=4 to_id=0x0
jscs-backuppool-5090test-091606:188079:188521 [7] NCCL INFO [YT-TRACE] [TOPO] path link=10 bw=25 hops=4 gpu=0 to_type=5 to_id=0x0
jscs-backuppool-5090test-091606:188079:188517 [4] NCCL INFO [YT-TRACE] [TOPO] path link=10 bw=25 hops=4 gpu=0 to_type=5 to_id=0x0
jscs-backuppool-5090test-091606:188079:188516 [3] NCCL INFO [YT-TRACE] [TOPO] path link=4 bw=48 hops=3 gpu=0 to_type=8 to_id=0x38000
jscs-backuppool-5090test-091606:188079:188514 [1] NCCL INFO [YT-TRACE] [TOPO] path link=10 bw=25 hops=4 gpu=0 to_type=5 to_id=0x0
jscs-backuppool-5090test-091606:188079:188513 [0] NCCL INFO [YT-TRACE] [TOPO] path link=9 bw=40 hops=3 gpu=0 to_type=3 to_id=0x2
jscs-backuppool-5090test-091606:188079:188518 [5] NCCL INFO [YT-TRACE] [TOPO] path link=9 bw=40 hops=3 gpu=0 to_type=3 to_id=0x2
jscs-backuppool-5090test-091606:188079:188520 [6] NCCL INFO [YT-TRACE] [TOPO] path link=4 bw=48 hops=3 gpu=0 to_type=8 to_id=0x38000
jscs-backuppool-5090test-091606:188079:188521 [7] NCCL INFO [YT-TRACE] [TOPO] path link=10 bw=25 hops=4 gpu=0 to_type=5 to_id=0x0
jscs-backuppool-5090test-091606:188079:188517 [4] NCCL INFO [YT-TRACE] [TOPO] path link=10 bw=25 hops=4 gpu=0 to_type=5 to_id=0x0
jscs-backuppool-5090test-091606:188079:188516 [3] NCCL INFO [YT-TRACE] [TOPO] path link=9 bw=40 hops=3 gpu=0 to_type=3 to_id=0x1
jscs-backuppool-5090test-091606:188079:188514 [1] NCCL INFO [YT-TRACE] [TOPO] path link=10 bw=25 hops=4 gpu=0 to_type=5 to_id=0x0
jscs-backuppool-5090test-091606:188079:188513 [0] NCCL INFO [YT-TRACE] [TOPO] path link=9 bw=40 hops=3 gpu=0 to_type=3 to_id=0x3
jscs-backuppool-5090test-091606:188079:188518 [5] NCCL INFO [YT-TRACE] [TOPO] path link=9 bw=40 hops=3 gpu=0 to_type=3 to_id=0x3
jscs-backuppool-5090test-091606:188079:188520 [6] NCCL INFO [YT-TRACE] [TOPO] path link=9 bw=40 hops=3 gpu=0 to_type=3 to_id=0x1
jscs-backuppool-5090test-091606:188079:188521 [7] NCCL INFO [YT-TRACE] [TOPO] path link=0 bw=48 hops=4 gpu=0 peer=1
jscs-backuppool-5090test-091606:188079:188517 [4] NCCL INFO [YT-TRACE] [TOPO] path link=10 bw=25 hops=4 gpu=0 to_type=5 to_id=0x0
jscs-backuppool-5090test-091606:188079:188516 [3] NCCL INFO [YT-TRACE] [TOPO] path link=9 bw=40 hops=3 gpu=0 to_type=3 to_id=0x2
jscs-backuppool-5090test-091606:188079:188514 [1] NCCL INFO [YT-TRACE] [TOPO] path link=10 bw=25 hops=4 gpu=0 to_type=5 to_id=0x0
jscs-backuppool-5090test-091606:188079:188513 [0] NCCL INFO [YT-TRACE] [TOPO] path link=10 bw=25 hops=4 gpu=0 to_type=5 to_id=0x0
jscs-backuppool-5090test-091606:188079:188518 [5] NCCL INFO [YT-TRACE] [TOPO] path link=10 bw=25 hops=4 gpu=0 to_type=5 to_id=0x0
jscs-backuppool-5090test-091606:188079:188520 [6] NCCL INFO [YT-TRACE] [TOPO] path link=9 bw=40 hops=3 gpu=0 to_type=3 to_id=0x2
jscs-backuppool-5090test-091606:188079:188521 [7] NCCL INFO [YT-TRACE] [TOPO] path link=4 bw=40 hops=4 gpu=0 to_type=8 to_id=0x49000
jscs-backuppool-5090test-091606:188079:188517 [4] NCCL INFO [YT-TRACE] [TOPO] path link=0 bw=48 hops=4 gpu=0 peer=1
jscs-backuppool-5090test-091606:188079:188516 [3] NCCL INFO [YT-TRACE] [TOPO] path link=9 bw=40 hops=3 gpu=0 to_type=3 to_id=0x3
jscs-backuppool-5090test-091606:188079:188514 [1] NCCL INFO [YT-TRACE] [TOPO] path link=0 bw=48 hops=4 gpu=0 peer=1
jscs-backuppool-5090test-091606:188079:188513 [0] NCCL INFO [YT-TRACE] [TOPO] path link=10 bw=25 hops=4 gpu=0 to_type=5 to_id=0x0
jscs-backuppool-5090test-091606:188079:188518 [5] NCCL INFO [YT-TRACE] [TOPO] path link=10 bw=25 hops=4 gpu=0 to_type=5 to_id=0x0
jscs-backuppool-5090test-091606:188079:188520 [6] NCCL INFO [YT-TRACE] [TOPO] path link=9 bw=40 hops=3 gpu=0 to_type=3 to_id=0x3
jscs-backuppool-5090test-091606:188079:188521 [7] NCCL INFO [YT-TRACE] [TOPO] path link=4 bw=40 hops=4 gpu=0 to_type=8 to_id=0x5a000
jscs-backuppool-5090test-091606:188079:188517 [4] NCCL INFO [YT-TRACE] [TOPO] path link=4 bw=40 hops=4 gpu=0 to_type=8 to_id=0x49000
jscs-backuppool-5090test-091606:188079:188516 [3] NCCL INFO [YT-TRACE] [TOPO] path link=10 bw=25 hops=4 gpu=0 to_type=5 to_id=0x0
jscs-backuppool-5090test-091606:188079:188514 [1] NCCL INFO [YT-TRACE] [TOPO] path link=4 bw=40 hops=4 gpu=0 to_type=8 to_id=0x49000
jscs-backuppool-5090test-091606:188079:188513 [0] NCCL INFO [YT-TRACE] [TOPO] path link=10 bw=25 hops=4 gpu=0 to_type=5 to_id=0x0
jscs-backuppool-5090test-091606:188079:188518 [5] NCCL INFO [YT-TRACE] [TOPO] path link=10 bw=25 hops=4 gpu=0 to_type=5 to_id=0x0
jscs-backuppool-5090test-091606:188079:188520 [6] NCCL INFO [YT-TRACE] [TOPO] path link=10 bw=25 hops=4 gpu=0 to_type=5 to_id=0x0
jscs-backuppool-5090test-091606:188079:188521 [7] NCCL INFO [YT-TRACE] [TOPO] path link=4 bw=40 hops=4 gpu=0 to_type=8 to_id=0x98000
jscs-backuppool-5090test-091606:188079:188517 [4] NCCL INFO [YT-TRACE] [TOPO] path link=4 bw=40 hops=4 gpu=0 to_type=8 to_id=0x5a000
jscs-backuppool-5090test-091606:188079:188516 [3] NCCL INFO [YT-TRACE] [TOPO] path link=10 bw=25 hops=4 gpu=0 to_type=5 to_id=0x0
jscs-backuppool-5090test-091606:188079:188514 [1] NCCL INFO [YT-TRACE] [TOPO] path link=4 bw=40 hops=4 gpu=0 to_type=8 to_id=0x5a000
jscs-backuppool-5090test-091606:188079:188513 [0] NCCL INFO [YT-TRACE] [TOPO] path link=10 bw=25 hops=4 gpu=0 to_type=5 to_id=0x0
jscs-backuppool-5090test-091606:188079:188518 [5] NCCL INFO [YT-TRACE] [TOPO] path link=10 bw=25 hops=4 gpu=0 to_type=5 to_id=0x0
jscs-backuppool-5090test-091606:188079:188520 [6] NCCL INFO [YT-TRACE] [TOPO] path link=10 bw=25 hops=4 gpu=0 to_type=5 to_id=0x0
jscs-backuppool-5090test-091606:188079:188521 [7] NCCL INFO [YT-TRACE] [TOPO] path link=4 bw=40 hops=4 gpu=0 to_type=8 to_id=0xa8000
jscs-backuppool-5090test-091606:188079:188517 [4] NCCL INFO [YT-TRACE] [TOPO] path link=4 bw=40 hops=4 gpu=0 to_type=8 to_id=0x98000
jscs-backuppool-5090test-091606:188079:188516 [3] NCCL INFO [YT-TRACE] [TOPO] path link=10 bw=25 hops=4 gpu=0 to_type=5 to_id=0x0
jscs-backuppool-5090test-091606:188079:188514 [1] NCCL INFO [YT-TRACE] [TOPO] path link=4 bw=40 hops=4 gpu=0 to_type=8 to_id=0x98000
jscs-backuppool-5090test-091606:188079:188513 [0] NCCL INFO [YT-TRACE] [TOPO] path link=0 bw=48 hops=4 gpu=0 peer=1
jscs-backuppool-5090test-091606:188079:188520 [6] NCCL INFO [YT-TRACE] [TOPO] path link=10 bw=25 hops=4 gpu=0 to_type=5 to_id=0x0
jscs-backuppool-5090test-091606:188079:188518 [5] NCCL INFO [YT-TRACE] [TOPO] path link=0 bw=48 hops=4 gpu=0 peer=1
jscs-backuppool-5090test-091606:188079:188521 [7] NCCL INFO [YT-TRACE] [TOPO] path link=4 bw=40 hops=4 gpu=0 to_type=8 to_id=0xb8000
jscs-backuppool-5090test-091606:188079:188517 [4] NCCL INFO [YT-TRACE] [TOPO] path link=4 bw=40 hops=4 gpu=0 to_type=8 to_id=0xa8000
jscs-backuppool-5090test-091606:188079:188516 [3] NCCL INFO [YT-TRACE] [TOPO] path link=10 bw=25 hops=4 gpu=0 to_type=5 to_id=0x0
jscs-backuppool-5090test-091606:188079:188514 [1] NCCL INFO [YT-TRACE] [TOPO] path link=4 bw=40 hops=4 gpu=0 to_type=8 to_id=0xa8000
jscs-backuppool-5090test-091606:188079:188515 [2] NCCL INFO [YT-TRACE] [TOPO] path link=4 bw=40 hops=4 gpu=0 to_type=8 to_id=0x98000
jscs-backuppool-5090test-091606:188079:188513 [0] NCCL INFO [YT-TRACE] [TOPO] path link=4 bw=40 hops=4 gpu=0 to_type=8 to_id=0x49000
jscs-backuppool-5090test-091606:188079:188515 [2] NCCL INFO [YT-TRACE] [TOPO] path link=4 bw=40 hops=4 gpu=0 to_type=8 to_id=0xa8000
jscs-backuppool-5090test-091606:188079:188515 [2] NCCL INFO [YT-TRACE] [TOPO] path link=4 bw=40 hops=4 gpu=0 to_type=8 to_id=0xb8000
jscs-backuppool-5090test-091606:188079:188520 [6] NCCL INFO [YT-TRACE] [TOPO] path link=10 bw=25 hops=4 gpu=0 to_type=5 to_id=0x0
jscs-backuppool-5090test-091606:188079:188518 [5] NCCL INFO [YT-TRACE] [TOPO] path link=4 bw=40 hops=4 gpu=0 to_type=8 to_id=0x49000
jscs-backuppool-5090test-091606:188079:188515 [2] NCCL INFO [YT-TRACE] [TOPO] path link=4 bw=40 hops=4 gpu=0 to_type=8 to_id=0xc8000
jscs-backuppool-5090test-091606:188079:188521 [7] NCCL INFO [YT-TRACE] [TOPO] path link=4 bw=40 hops=4 gpu=0 to_type=8 to_id=0xc8000
jscs-backuppool-5090test-091606:188079:188515 [2] NCCL INFO [YT-TRACE] [TOPO] path link=0 bw=40 hops=5 gpu=0 peer=2
jscs-backuppool-5090test-091606:188079:188517 [4] NCCL INFO [YT-TRACE] [TOPO] path link=4 bw=40 hops=4 gpu=0 to_type=8 to_id=0xb8000
jscs-backuppool-5090test-091606:188079:188516 [3] NCCL INFO [YT-TRACE] [TOPO] path link=0 bw=48 hops=4 gpu=0 peer=1
jscs-backuppool-5090test-091606:188079:188515 [2] NCCL INFO [YT-TRACE] [TOPO] path link=0 bw=40 hops=5 gpu=0 peer=3
jscs-backuppool-5090test-091606:188079:188514 [1] NCCL INFO [YT-TRACE] [TOPO] path link=4 bw=40 hops=4 gpu=0 to_type=8 to_id=0xb8000
jscs-backuppool-5090test-091606:188079:188515 [2] NCCL INFO [YT-TRACE] [TOPO] path link=0 bw=40 hops=5 gpu=0 peer=4
jscs-backuppool-5090test-091606:188079:188515 [2] NCCL INFO [YT-TRACE] [TOPO] path link=0 bw=40 hops=5 gpu=0 peer=5
jscs-backuppool-5090test-091606:188079:188513 [0] NCCL INFO [YT-TRACE] [TOPO] path link=4 bw=40 hops=4 gpu=0 to_type=8 to_id=0x5a000
jscs-backuppool-5090test-091606:188079:188515 [2] NCCL INFO [YT-TRACE] [TOPO] path link=0 bw=40 hops=5 gpu=0 peer=6
jscs-backuppool-5090test-091606:188079:188515 [2] NCCL INFO [YT-TRACE] [TOPO] path link=0 bw=40 hops=5 gpu=0 peer=7
jscs-backuppool-5090test-091606:188079:188515 [2] NCCL INFO [YT-TRACE] [TOPO] path link=0 bw=5000 hops=1 gpu=1 to_type=8 to_id=0x38000
jscs-backuppool-5090test-091606:188079:188515 [2] NCCL INFO [YT-TRACE] [TOPO] path link=4 bw=48 hops=2 gpu=1 to_type=3 to_id=0x0
jscs-backuppool-5090test-091606:188079:188515 [2] NCCL INFO [YT-TRACE] [TOPO] path link=4 bw=48 hops=3 gpu=1 to_type=4 to_id=0x0
jscs-backuppool-5090test-091606:188079:188515 [2] NCCL INFO [YT-TRACE] [TOPO] path link=4 bw=48 hops=3 gpu=1 to_type=8 to_id=0x27000
jscs-backuppool-5090test-091606:188079:188515 [2] NCCL INFO [YT-TRACE] [TOPO] path link=9 bw=40 hops=3 gpu=1 to_type=3 to_id=0x1
jscs-backuppool-5090test-091606:188079:188515 [2] NCCL INFO [YT-TRACE] [TOPO] path link=9 bw=40 hops=3 gpu=1 to_type=3 to_id=0x2
jscs-backuppool-5090test-091606:188079:188515 [2] NCCL INFO [YT-TRACE] [TOPO] path link=9 bw=40 hops=3 gpu=1 to_type=3 to_id=0x3
jscs-backuppool-5090test-091606:188079:188515 [2] NCCL INFO [YT-TRACE] [TOPO] path link=10 bw=25 hops=4 gpu=1 to_type=5 to_id=0x0
jscs-backuppool-5090test-091606:188079:188515 [2] NCCL INFO [YT-TRACE] [TOPO] path link=10 bw=25 hops=4 gpu=1 to_type=5 to_id=0x0
jscs-backuppool-5090test-091606:188079:188515 [2] NCCL INFO [YT-TRACE] [TOPO] path link=10 bw=25 hops=4 gpu=1 to_type=5 to_id=0x0
jscs-backuppool-5090test-091606:188079:188520 [6] NCCL INFO [YT-TRACE] [TOPO] path link=0 bw=48 hops=4 gpu=0 peer=1
jscs-backuppool-5090test-091606:188079:188515 [2] NCCL INFO [YT-TRACE] [TOPO] path link=10 bw=25 hops=4 gpu=1 to_type=5 to_id=0x0
jscs-backuppool-5090test-091606:188079:188515 [2] NCCL INFO [YT-TRACE] [TOPO] path link=0 bw=48 hops=4 gpu=1 peer=0
jscs-backuppool-5090test-091606:188079:188518 [5] NCCL INFO [YT-TRACE] [TOPO] path link=4 bw=40 hops=4 gpu=0 to_type=8 to_id=0x5a000
jscs-backuppool-5090test-091606:188079:188515 [2] NCCL INFO [YT-TRACE] [TOPO] path link=4 bw=40 hops=4 gpu=1 to_type=8 to_id=0x49000
jscs-backuppool-5090test-091606:188079:188515 [2] NCCL INFO [YT-TRACE] [TOPO] path link=4 bw=40 hops=4 gpu=1 to_type=8 to_id=0x5a000
jscs-backuppool-5090test-091606:188079:188515 [2] NCCL INFO [YT-TRACE] [TOPO] path link=4 bw=40 hops=4 gpu=1 to_type=8 to_id=0x98000
jscs-backuppool-5090test-091606:188079:188515 [2] NCCL INFO [YT-TRACE] [TOPO] path link=4 bw=40 hops=4 gpu=1 to_type=8 to_id=0xa8000
jscs-backuppool-5090test-091606:188079:188515 [2] NCCL INFO [YT-TRACE] [TOPO] path link=4 bw=40 hops=4 gpu=1 to_type=8 to_id=0xb8000
jscs-backuppool-5090test-091606:188079:188515 [2] NCCL INFO [YT-TRACE] [TOPO] path link=4 bw=40 hops=4 gpu=1 to_type=8 to_id=0xc8000
jscs-backuppool-5090test-091606:188079:188515 [2] NCCL INFO [YT-TRACE] [TOPO] path link=0 bw=40 hops=5 gpu=1 peer=2
jscs-backuppool-5090test-091606:188079:188515 [2] NCCL INFO [YT-TRACE] [TOPO] path link=0 bw=40 hops=5 gpu=1 peer=3
jscs-backuppool-5090test-091606:188079:188515 [2] NCCL INFO [YT-TRACE] [TOPO] path link=0 bw=40 hops=5 gpu=1 peer=4
jscs-backuppool-5090test-091606:188079:188515 [2] NCCL INFO [YT-TRACE] [TOPO] path link=0 bw=40 hops=5 gpu=1 peer=5
jscs-backuppool-5090test-091606:188079:188515 [2] NCCL INFO [YT-TRACE] [TOPO] path link=0 bw=40 hops=5 gpu=1 peer=6
jscs-backuppool-5090test-091606:188079:188515 [2] NCCL INFO [YT-TRACE] [TOPO] path link=0 bw=40 hops=5 gpu=1 peer=7
jscs-backuppool-5090test-091606:188079:188515 [2] NCCL INFO [YT-TRACE] [TOPO] path link=0 bw=5000 hops=1 gpu=2 to_type=8 to_id=0x49000
jscs-backuppool-5090test-091606:188079:188515 [2] NCCL INFO [YT-TRACE] [TOPO] path link=4 bw=48 hops=2 gpu=2 to_type=3 to_id=0x1
jscs-backuppool-5090test-091606:188079:188521 [7] NCCL INFO [YT-TRACE] [TOPO] path link=0 bw=40 hops=5 gpu=0 peer=2
jscs-backuppool-5090test-091606:188079:188515 [2] NCCL INFO [YT-TRACE] [TOPO] path link=4 bw=48 hops=3 gpu=2 to_type=8 to_id=0x5a000
jscs-backuppool-5090test-091606:188079:188515 [2] NCCL INFO [YT-TRACE] [TOPO] path link=9 bw=40 hops=3 gpu=2 to_type=3 to_id=0x0
jscs-backuppool-5090test-091606:188079:188515 [2] NCCL INFO [YT-TRACE] [TOPO] path link=9 bw=40 hops=3 gpu=2 to_type=3 to_id=0x2
jscs-backuppool-5090test-091606:188079:188515 [2] NCCL INFO [YT-TRACE] [TOPO] path link=9 bw=40 hops=3 gpu=2 to_type=3 to_id=0x3
jscs-backuppool-5090test-091606:188079:188515 [2] NCCL INFO [YT-TRACE] [TOPO] path link=0 bw=48 hops=4 gpu=2 peer=3
jscs-backuppool-5090test-091606:188079:188515 [2] NCCL INFO [YT-TRACE] [TOPO] path link=4 bw=40 hops=4 gpu=2 to_type=4 to_id=0x0
jscs-backuppool-5090test-091606:188079:188515 [2] NCCL INFO [YT-TRACE] [TOPO] path link=4 bw=40 hops=4 gpu=2 to_type=8 to_id=0x27000
jscs-backuppool-5090test-091606:188079:188516 [3] NCCL INFO [YT-TRACE] [TOPO] path link=4 bw=40 hops=4 gpu=0 to_type=8 to_id=0x49000
jscs-backuppool-5090test-091606:188079:188517 [4] NCCL INFO [YT-TRACE] [TOPO] path link=4 bw=40 hops=4 gpu=0 to_type=8 to_id=0xc8000
jscs-backuppool-5090test-091606:188079:188515 [2] NCCL INFO [YT-TRACE] [TOPO] path link=4 bw=40 hops=4 gpu=2 to_type=8 to_id=0x38000
jscs-backuppool-5090test-091606:188079:188515 [2] NCCL INFO [YT-TRACE] [TOPO] path link=4 bw=40 hops=4 gpu=2 to_type=8 to_id=0x98000
jscs-backuppool-5090test-091606:188079:188515 [2] NCCL INFO [YT-TRACE] [TOPO] path link=4 bw=40 hops=4 gpu=2 to_type=8 to_id=0xa8000
jscs-backuppool-5090test-091606:188079:188515 [2] NCCL INFO [YT-TRACE] [TOPO] path link=4 bw=40 hops=4 gpu=2 to_type=8 to_id=0xb8000
jscs-backuppool-5090test-091606:188079:188515 [2] NCCL INFO [YT-TRACE] [TOPO] path link=4 bw=40 hops=4 gpu=2 to_type=8 to_id=0xc8000
jscs-backuppool-5090test-091606:188079:188515 [2] NCCL INFO [YT-TRACE] [TOPO] path link=10 bw=25 hops=5 gpu=2 to_type=5 to_id=0x0
jscs-backuppool-5090test-091606:188079:188515 [2] NCCL INFO [YT-TRACE] [TOPO] path link=10 bw=25 hops=5 gpu=2 to_type=5 to_id=0x0
jscs-backuppool-5090test-091606:188079:188515 [2] NCCL INFO [YT-TRACE] [TOPO] path link=10 bw=25 hops=5 gpu=2 to_type=5 to_id=0x0
jscs-backuppool-5090test-091606:188079:188515 [2] NCCL INFO [YT-TRACE] [TOPO] path link=10 bw=25 hops=5 gpu=2 to_type=5 to_id=0x0
jscs-backuppool-5090test-091606:188079:188515 [2] NCCL INFO [YT-TRACE] [TOPO] path link=0 bw=40 hops=5 gpu=2 peer=0
jscs-backuppool-5090test-091606:188079:188515 [2] NCCL INFO [YT-TRACE] [TOPO] path link=0 bw=40 hops=5 gpu=2 peer=1
jscs-backuppool-5090test-091606:188079:188515 [2] NCCL INFO [YT-TRACE] [TOPO] path link=0 bw=40 hops=5 gpu=2 peer=4
jscs-backuppool-5090test-091606:188079:188515 [2] NCCL INFO [YT-TRACE] [TOPO] path link=0 bw=40 hops=5 gpu=2 peer=5
jscs-backuppool-5090test-091606:188079:188515 [2] NCCL INFO [YT-TRACE] [TOPO] path link=0 bw=40 hops=5 gpu=2 peer=6
jscs-backuppool-5090test-091606:188079:188515 [2] NCCL INFO [YT-TRACE] [TOPO] path link=0 bw=40 hops=5 gpu=2 peer=7
jscs-backuppool-5090test-091606:188079:188515 [2] NCCL INFO [YT-TRACE] [TOPO] path link=0 bw=5000 hops=1 gpu=3 to_type=8 to_id=0x5a000
jscs-backuppool-5090test-091606:188079:188515 [2] NCCL INFO [YT-TRACE] [TOPO] path link=4 bw=48 hops=2 gpu=3 to_type=3 to_id=0x1
jscs-backuppool-5090test-091606:188079:188515 [2] NCCL INFO [YT-TRACE] [TOPO] path link=4 bw=48 hops=3 gpu=3 to_type=8 to_id=0x49000
jscs-backuppool-5090test-091606:188079:188515 [2] NCCL INFO [YT-TRACE] [TOPO] path link=9 bw=40 hops=3 gpu=3 to_type=3 to_id=0x0
jscs-backuppool-5090test-091606:188079:188515 [2] NCCL INFO [YT-TRACE] [TOPO] path link=9 bw=40 hops=3 gpu=3 to_type=3 to_id=0x2
jscs-backuppool-5090test-091606:188079:188515 [2] NCCL INFO [YT-TRACE] [TOPO] path link=9 bw=40 hops=3 gpu=3 to_type=3 to_id=0x3
jscs-backuppool-5090test-091606:188079:188515 [2] NCCL INFO [YT-TRACE] [TOPO] path link=0 bw=48 hops=4 gpu=3 peer=2
jscs-backuppool-5090test-091606:188079:188515 [2] NCCL INFO [YT-TRACE] [TOPO] path link=4 bw=40 hops=4 gpu=3 to_type=4 to_id=0x0
jscs-backuppool-5090test-091606:188079:188515 [2] NCCL INFO [YT-TRACE] [TOPO] path link=4 bw=40 hops=4 gpu=3 to_type=8 to_id=0x27000
jscs-backuppool-5090test-091606:188079:188515 [2] NCCL INFO [YT-TRACE] [TOPO] path link=4 bw=40 hops=4 gpu=3 to_type=8 to_id=0x38000
jscs-backuppool-5090test-091606:188079:188515 [2] NCCL INFO [YT-TRACE] [TOPO] path link=4 bw=40 hops=4 gpu=3 to_type=8 to_id=0x98000
jscs-backuppool-5090test-091606:188079:188515 [2] NCCL INFO [YT-TRACE] [TOPO] path link=4 bw=40 hops=4 gpu=3 to_type=8 to_id=0xa8000
jscs-backuppool-5090test-091606:188079:188515 [2] NCCL INFO [YT-TRACE] [TOPO] path link=4 bw=40 hops=4 gpu=3 to_type=8 to_id=0xb8000
jscs-backuppool-5090test-091606:188079:188515 [2] NCCL INFO [YT-TRACE] [TOPO] path link=4 bw=40 hops=4 gpu=3 to_type=8 to_id=0xc8000
jscs-backuppool-5090test-091606:188079:188515 [2] NCCL INFO [YT-TRACE] [TOPO] path link=10 bw=25 hops=5 gpu=3 to_type=5 to_id=0x0
jscs-backuppool-5090test-091606:188079:188514 [1] NCCL INFO [YT-TRACE] [TOPO] path link=4 bw=40 hops=4 gpu=0 to_type=8 to_id=0xc8000
jscs-backuppool-5090test-091606:188079:188515 [2] NCCL INFO [YT-TRACE] [TOPO] path link=10 bw=25 hops=5 gpu=3 to_type=5 to_id=0x0
jscs-backuppool-5090test-091606:188079:188515 [2] NCCL INFO [YT-TRACE] [TOPO] path link=10 bw=25 hops=5 gpu=3 to_type=5 to_id=0x0
jscs-backuppool-5090test-091606:188079:188515 [2] NCCL INFO [YT-TRACE] [TOPO] path link=10 bw=25 hops=5 gpu=3 to_type=5 to_id=0x0
jscs-backuppool-5090test-091606:188079:188515 [2] NCCL INFO [YT-TRACE] [TOPO] path link=0 bw=40 hops=5 gpu=3 peer=0
jscs-backuppool-5090test-091606:188079:188515 [2] NCCL INFO [YT-TRACE] [TOPO] path link=0 bw=40 hops=5 gpu=3 peer=1
jscs-backuppool-5090test-091606:188079:188515 [2] NCCL INFO [YT-TRACE] [TOPO] path link=0 bw=40 hops=5 gpu=3 peer=4
jscs-backuppool-5090test-091606:188079:188515 [2] NCCL INFO [YT-TRACE] [TOPO] path link=0 bw=40 hops=5 gpu=3 peer=5
jscs-backuppool-5090test-091606:188079:188515 [2] NCCL INFO [YT-TRACE] [TOPO] path link=0 bw=40 hops=5 gpu=3 peer=6
jscs-backuppool-5090test-091606:188079:188515 [2] NCCL INFO [YT-TRACE] [TOPO] path link=0 bw=40 hops=5 gpu=3 peer=7
jscs-backuppool-5090test-091606:188079:188515 [2] NCCL INFO [YT-TRACE] [TOPO] path link=0 bw=5000 hops=1 gpu=4 to_type=8 to_id=0x98000
jscs-backuppool-5090test-091606:188079:188515 [2] NCCL INFO [YT-TRACE] [TOPO] path link=4 bw=48 hops=2 gpu=4 to_type=3 to_id=0x2
jscs-backuppool-5090test-091606:188079:188513 [0] NCCL INFO [YT-TRACE] [TOPO] path link=4 bw=40 hops=4 gpu=0 to_type=8 to_id=0x98000
jscs-backuppool-5090test-091606:188079:188515 [2] NCCL INFO [YT-TRACE] [TOPO] path link=4 bw=48 hops=3 gpu=4 to_type=8 to_id=0xa8000
jscs-backuppool-5090test-091606:188079:188515 [2] NCCL INFO [YT-TRACE] [TOPO] path link=4 bw=48 hops=3 gpu=4 to_type=8 to_id=0xb8000
jscs-backuppool-5090test-091606:188079:188515 [2] NCCL INFO [YT-TRACE] [TOPO] path link=9 bw=40 hops=3 gpu=4 to_type=3 to_id=0x0
jscs-backuppool-5090test-091606:188079:188515 [2] NCCL INFO [YT-TRACE] [TOPO] path link=9 bw=40 hops=3 gpu=4 to_type=3 to_id=0x1
jscs-backuppool-5090test-091606:188079:188515 [2] NCCL INFO [YT-TRACE] [TOPO] path link=9 bw=40 hops=3 gpu=4 to_type=3 to_id=0x3
jscs-backuppool-5090test-091606:188079:188515 [2] NCCL INFO [YT-TRACE] [TOPO] path link=0 bw=48 hops=4 gpu=4 peer=5
jscs-backuppool-5090test-091606:188079:188515 [2] NCCL INFO [YT-TRACE] [TOPO] path link=0 bw=48 hops=4 gpu=4 peer=6
jscs-backuppool-5090test-091606:188079:188515 [2] NCCL INFO [YT-TRACE] [TOPO] path link=4 bw=40 hops=4 gpu=4 to_type=4 to_id=0x0
jscs-backuppool-5090test-091606:188079:188515 [2] NCCL INFO [YT-TRACE] [TOPO] path link=4 bw=40 hops=4 gpu=4 to_type=8 to_id=0x27000
jscs-backuppool-5090test-091606:188079:188515 [2] NCCL INFO [YT-TRACE] [TOPO] path link=4 bw=40 hops=4 gpu=4 to_type=8 to_id=0x38000
jscs-backuppool-5090test-091606:188079:188515 [2] NCCL INFO [YT-TRACE] [TOPO] path link=4 bw=40 hops=4 gpu=4 to_type=8 to_id=0x49000
jscs-backuppool-5090test-091606:188079:188515 [2] NCCL INFO [YT-TRACE] [TOPO] path link=4 bw=40 hops=4 gpu=4 to_type=8 to_id=0x5a000
jscs-backuppool-5090test-091606:188079:188515 [2] NCCL INFO [YT-TRACE] [TOPO] path link=4 bw=40 hops=4 gpu=4 to_type=8 to_id=0xc8000
jscs-backuppool-5090test-091606:188079:188515 [2] NCCL INFO [YT-TRACE] [TOPO] path link=10 bw=25 hops=5 gpu=4 to_type=5 to_id=0x0
jscs-backuppool-5090test-091606:188079:188515 [2] NCCL INFO [YT-TRACE] [TOPO] path link=10 bw=25 hops=5 gpu=4 to_type=5 to_id=0x0
jscs-backuppool-5090test-091606:188079:188515 [2] NCCL INFO [YT-TRACE] [TOPO] path link=10 bw=25 hops=5 gpu=4 to_type=5 to_id=0x0
jscs-backuppool-5090test-091606:188079:188515 [2] NCCL INFO [YT-TRACE] [TOPO] path link=10 bw=25 hops=5 gpu=4 to_type=5 to_id=0x0
jscs-backuppool-5090test-091606:188079:188515 [2] NCCL INFO [YT-TRACE] [TOPO] path link=0 bw=40 hops=5 gpu=4 peer=0
jscs-backuppool-5090test-091606:188079:188515 [2] NCCL INFO [YT-TRACE] [TOPO] path link=0 bw=40 hops=5 gpu=4 peer=1
jscs-backuppool-5090test-091606:188079:188515 [2] NCCL INFO [YT-TRACE] [TOPO] path link=0 bw=40 hops=5 gpu=4 peer=2
jscs-backuppool-5090test-091606:188079:188515 [2] NCCL INFO [YT-TRACE] [TOPO] path link=0 bw=40 hops=5 gpu=4 peer=3
jscs-backuppool-5090test-091606:188079:188515 [2] NCCL INFO [YT-TRACE] [TOPO] path link=0 bw=40 hops=5 gpu=4 peer=7
jscs-backuppool-5090test-091606:188079:188515 [2] NCCL INFO [YT-TRACE] [TOPO] path link=0 bw=5000 hops=1 gpu=5 to_type=8 to_id=0xa8000
jscs-backuppool-5090test-091606:188079:188515 [2] NCCL INFO [YT-TRACE] [TOPO] path link=4 bw=48 hops=2 gpu=5 to_type=3 to_id=0x2
jscs-backuppool-5090test-091606:188079:188515 [2] NCCL INFO [YT-TRACE] [TOPO] path link=4 bw=48 hops=3 gpu=5 to_type=8 to_id=0x98000
jscs-backuppool-5090test-091606:188079:188515 [2] NCCL INFO [YT-TRACE] [TOPO] path link=4 bw=48 hops=3 gpu=5 to_type=8 to_id=0xb8000
jscs-backuppool-5090test-091606:188079:188515 [2] NCCL INFO [YT-TRACE] [TOPO] path link=9 bw=40 hops=3 gpu=5 to_type=3 to_id=0x0
jscs-backuppool-5090test-091606:188079:188515 [2] NCCL INFO [YT-TRACE] [TOPO] path link=9 bw=40 hops=3 gpu=5 to_type=3 to_id=0x1
jscs-backuppool-5090test-091606:188079:188515 [2] NCCL INFO [YT-TRACE] [TOPO] path link=9 bw=40 hops=3 gpu=5 to_type=3 to_id=0x3
jscs-backuppool-5090test-091606:188079:188515 [2] NCCL INFO [YT-TRACE] [TOPO] path link=0 bw=48 hops=4 gpu=5 peer=4
jscs-backuppool-5090test-091606:188079:188515 [2] NCCL INFO [YT-TRACE] [TOPO] path link=0 bw=48 hops=4 gpu=5 peer=6
jscs-backuppool-5090test-091606:188079:188515 [2] NCCL INFO [YT-TRACE] [TOPO] path link=4 bw=40 hops=4 gpu=5 to_type=4 to_id=0x0
jscs-backuppool-5090test-091606:188079:188515 [2] NCCL INFO [YT-TRACE] [TOPO] path link=4 bw=40 hops=4 gpu=5 to_type=8 to_id=0x27000
jscs-backuppool-5090test-091606:188079:188515 [2] NCCL INFO [YT-TRACE] [TOPO] path link=4 bw=40 hops=4 gpu=5 to_type=8 to_id=0x38000
jscs-backuppool-5090test-091606:188079:188515 [2] NCCL INFO [YT-TRACE] [TOPO] path link=4 bw=40 hops=4 gpu=5 to_type=8 to_id=0x49000
jscs-backuppool-5090test-091606:188079:188515 [2] NCCL INFO [YT-TRACE] [TOPO] path link=4 bw=40 hops=4 gpu=5 to_type=8 to_id=0x5a000
jscs-backuppool-5090test-091606:188079:188515 [2] NCCL INFO [YT-TRACE] [TOPO] path link=4 bw=40 hops=4 gpu=5 to_type=8 to_id=0xc8000
jscs-backuppool-5090test-091606:188079:188515 [2] NCCL INFO [YT-TRACE] [TOPO] path link=10 bw=25 hops=5 gpu=5 to_type=5 to_id=0x0
jscs-backuppool-5090test-091606:188079:188515 [2] NCCL INFO [YT-TRACE] [TOPO] path link=10 bw=25 hops=5 gpu=5 to_type=5 to_id=0x0
jscs-backuppool-5090test-091606:188079:188515 [2] NCCL INFO [YT-TRACE] [TOPO] path link=10 bw=25 hops=5 gpu=5 to_type=5 to_id=0x0
jscs-backuppool-5090test-091606:188079:188515 [2] NCCL INFO [YT-TRACE] [TOPO] path link=10 bw=25 hops=5 gpu=5 to_type=5 to_id=0x0
jscs-backuppool-5090test-091606:188079:188515 [2] NCCL INFO [YT-TRACE] [TOPO] path link=0 bw=40 hops=5 gpu=5 peer=0
jscs-backuppool-5090test-091606:188079:188515 [2] NCCL INFO [YT-TRACE] [TOPO] path link=0 bw=40 hops=5 gpu=5 peer=1
jscs-backuppool-5090test-091606:188079:188515 [2] NCCL INFO [YT-TRACE] [TOPO] path link=0 bw=40 hops=5 gpu=5 peer=2
jscs-backuppool-5090test-091606:188079:188515 [2] NCCL INFO [YT-TRACE] [TOPO] path link=0 bw=40 hops=5 gpu=5 peer=3
jscs-backuppool-5090test-091606:188079:188515 [2] NCCL INFO [YT-TRACE] [TOPO] path link=0 bw=40 hops=5 gpu=5 peer=7
jscs-backuppool-5090test-091606:188079:188515 [2] NCCL INFO [YT-TRACE] [TOPO] path link=0 bw=5000 hops=1 gpu=6 to_type=8 to_id=0xb8000
jscs-backuppool-5090test-091606:188079:188515 [2] NCCL INFO [YT-TRACE] [TOPO] path link=4 bw=48 hops=2 gpu=6 to_type=3 to_id=0x2
jscs-backuppool-5090test-091606:188079:188515 [2] NCCL INFO [YT-TRACE] [TOPO] path link=4 bw=48 hops=3 gpu=6 to_type=8 to_id=0x98000
jscs-backuppool-5090test-091606:188079:188515 [2] NCCL INFO [YT-TRACE] [TOPO] path link=4 bw=48 hops=3 gpu=6 to_type=8 to_id=0xa8000
jscs-backuppool-5090test-091606:188079:188515 [2] NCCL INFO [YT-TRACE] [TOPO] path link=9 bw=40 hops=3 gpu=6 to_type=3 to_id=0x0
jscs-backuppool-5090test-091606:188079:188515 [2] NCCL INFO [YT-TRACE] [TOPO] path link=9 bw=40 hops=3 gpu=6 to_type=3 to_id=0x1
jscs-backuppool-5090test-091606:188079:188515 [2] NCCL INFO [YT-TRACE] [TOPO] path link=9 bw=40 hops=3 gpu=6 to_type=3 to_id=0x3
jscs-backuppool-5090test-091606:188079:188515 [2] NCCL INFO [YT-TRACE] [TOPO] path link=0 bw=48 hops=4 gpu=6 peer=4
jscs-backuppool-5090test-091606:188079:188515 [2] NCCL INFO [YT-TRACE] [TOPO] path link=0 bw=48 hops=4 gpu=6 peer=5
jscs-backuppool-5090test-091606:188079:188515 [2] NCCL INFO [YT-TRACE] [TOPO] path link=4 bw=40 hops=4 gpu=6 to_type=4 to_id=0x0
jscs-backuppool-5090test-091606:188079:188515 [2] NCCL INFO [YT-TRACE] [TOPO] path link=4 bw=40 hops=4 gpu=6 to_type=8 to_id=0x27000
jscs-backuppool-5090test-091606:188079:188515 [2] NCCL INFO [YT-TRACE] [TOPO] path link=4 bw=40 hops=4 gpu=6 to_type=8 to_id=0x38000
jscs-backuppool-5090test-091606:188079:188515 [2] NCCL INFO [YT-TRACE] [TOPO] path link=4 bw=40 hops=4 gpu=6 to_type=8 to_id=0x49000
jscs-backuppool-5090test-091606:188079:188515 [2] NCCL INFO [YT-TRACE] [TOPO] path link=4 bw=40 hops=4 gpu=6 to_type=8 to_id=0x5a000
jscs-backuppool-5090test-091606:188079:188515 [2] NCCL INFO [YT-TRACE] [TOPO] path link=4 bw=40 hops=4 gpu=6 to_type=8 to_id=0xc8000
jscs-backuppool-5090test-091606:188079:188515 [2] NCCL INFO [YT-TRACE] [TOPO] path link=10 bw=25 hops=5 gpu=6 to_type=5 to_id=0x0
jscs-backuppool-5090test-091606:188079:188515 [2] NCCL INFO [YT-TRACE] [TOPO] path link=10 bw=25 hops=5 gpu=6 to_type=5 to_id=0x0
jscs-backuppool-5090test-091606:188079:188520 [6] NCCL INFO [YT-TRACE] [TOPO] path link=4 bw=40 hops=4 gpu=0 to_type=8 to_id=0x49000
jscs-backuppool-5090test-091606:188079:188518 [5] NCCL INFO [YT-TRACE] [TOPO] path link=4 bw=40 hops=4 gpu=0 to_type=8 to_id=0x98000
jscs-backuppool-5090test-091606:188079:188515 [2] NCCL INFO [YT-TRACE] [TOPO] path link=10 bw=25 hops=5 gpu=6 to_type=5 to_id=0x0
jscs-backuppool-5090test-091606:188079:188515 [2] NCCL INFO [YT-TRACE] [TOPO] path link=10 bw=25 hops=5 gpu=6 to_type=5 to_id=0x0
jscs-backuppool-5090test-091606:188079:188515 [2] NCCL INFO [YT-TRACE] [TOPO] path link=0 bw=40 hops=5 gpu=6 peer=0
jscs-backuppool-5090test-091606:188079:188515 [2] NCCL INFO [YT-TRACE] [TOPO] path link=0 bw=40 hops=5 gpu=6 peer=1
jscs-backuppool-5090test-091606:188079:188515 [2] NCCL INFO [YT-TRACE] [TOPO] path link=0 bw=40 hops=5 gpu=6 peer=2
jscs-backuppool-5090test-091606:188079:188515 [2] NCCL INFO [YT-TRACE] [TOPO] path link=0 bw=40 hops=5 gpu=6 peer=3
jscs-backuppool-5090test-091606:188079:188515 [2] NCCL INFO [YT-TRACE] [TOPO] path link=0 bw=40 hops=5 gpu=6 peer=7
jscs-backuppool-5090test-091606:188079:188515 [2] NCCL INFO [YT-TRACE] [TOPO] path link=0 bw=5000 hops=1 gpu=7 to_type=8 to_id=0xc8000
jscs-backuppool-5090test-091606:188079:188515 [2] NCCL INFO [YT-TRACE] [TOPO] path link=4 bw=48 hops=2 gpu=7 to_type=3 to_id=0x3
jscs-backuppool-5090test-091606:188079:188515 [2] NCCL INFO [YT-TRACE] [TOPO] path link=9 bw=40 hops=3 gpu=7 to_type=3 to_id=0x0
jscs-backuppool-5090test-091606:188079:188515 [2] NCCL INFO [YT-TRACE] [TOPO] path link=9 bw=40 hops=3 gpu=7 to_type=3 to_id=0x1
jscs-backuppool-5090test-091606:188079:188515 [2] NCCL INFO [YT-TRACE] [TOPO] path link=9 bw=40 hops=3 gpu=7 to_type=3 to_id=0x2
jscs-backuppool-5090test-091606:188079:188515 [2] NCCL INFO [YT-TRACE] [TOPO] path link=4 bw=40 hops=4 gpu=7 to_type=4 to_id=0x0
jscs-backuppool-5090test-091606:188079:188515 [2] NCCL INFO [YT-TRACE] [TOPO] path link=4 bw=40 hops=4 gpu=7 to_type=8 to_id=0x27000
jscs-backuppool-5090test-091606:188079:188515 [2] NCCL INFO [YT-TRACE] [TOPO] path link=4 bw=40 hops=4 gpu=7 to_type=8 to_id=0x38000
jscs-backuppool-5090test-091606:188079:188515 [2] NCCL INFO [YT-TRACE] [TOPO] path link=4 bw=40 hops=4 gpu=7 to_type=8 to_id=0x49000
jscs-backuppool-5090test-091606:188079:188515 [2] NCCL INFO [YT-TRACE] [TOPO] path link=4 bw=40 hops=4 gpu=7 to_type=8 to_id=0x5a000
jscs-backuppool-5090test-091606:188079:188515 [2] NCCL INFO [YT-TRACE] [TOPO] path link=4 bw=40 hops=4 gpu=7 to_type=8 to_id=0x98000
jscs-backuppool-5090test-091606:188079:188515 [2] NCCL INFO [YT-TRACE] [TOPO] path link=4 bw=40 hops=4 gpu=7 to_type=8 to_id=0xa8000
jscs-backuppool-5090test-091606:188079:188515 [2] NCCL INFO [YT-TRACE] [TOPO] path link=4 bw=40 hops=4 gpu=7 to_type=8 to_id=0xb8000
jscs-backuppool-5090test-091606:188079:188515 [2] NCCL INFO [YT-TRACE] [TOPO] path link=10 bw=25 hops=5 gpu=7 to_type=5 to_id=0x0
jscs-backuppool-5090test-091606:188079:188515 [2] NCCL INFO [YT-TRACE] [TOPO] path link=10 bw=25 hops=5 gpu=7 to_type=5 to_id=0x0
jscs-backuppool-5090test-091606:188079:188515 [2] NCCL INFO [YT-TRACE] [TOPO] path link=10 bw=25 hops=5 gpu=7 to_type=5 to_id=0x0
jscs-backuppool-5090test-091606:188079:188515 [2] NCCL INFO [YT-TRACE] [TOPO] path link=10 bw=25 hops=5 gpu=7 to_type=5 to_id=0x0
jscs-backuppool-5090test-091606:188079:188515 [2] NCCL INFO [YT-TRACE] [TOPO] path link=0 bw=40 hops=5 gpu=7 peer=0
jscs-backuppool-5090test-091606:188079:188515 [2] NCCL INFO [YT-TRACE] [TOPO] path link=0 bw=40 hops=5 gpu=7 peer=1
jscs-backuppool-5090test-091606:188079:188521 [7] NCCL INFO [YT-TRACE] [TOPO] path link=0 bw=40 hops=5 gpu=0 peer=3
jscs-backuppool-5090test-091606:188079:188515 [2] NCCL INFO [YT-TRACE] [TOPO] path link=0 bw=40 hops=5 gpu=7 peer=2
jscs-backuppool-5090test-091606:188079:188515 [2] NCCL INFO [YT-TRACE] [TOPO] path link=0 bw=40 hops=5 gpu=7 peer=3
jscs-backuppool-5090test-091606:188079:188515 [2] NCCL INFO [YT-TRACE] [TOPO] path link=0 bw=40 hops=5 gpu=7 peer=4
jscs-backuppool-5090test-091606:188079:188515 [2] NCCL INFO [YT-TRACE] [TOPO] path link=0 bw=40 hops=5 gpu=7 peer=5
jscs-backuppool-5090test-091606:188079:188515 [2] NCCL INFO [YT-TRACE] [TOPO] path link=0 bw=40 hops=5 gpu=7 peer=6
jscs-backuppool-5090test-091606:188079:188517 [4] NCCL INFO [YT-TRACE] [TOPO] path link=0 bw=40 hops=5 gpu=0 peer=2
jscs-backuppool-5090test-091606:188079:188516 [3] NCCL INFO [YT-TRACE] [TOPO] path link=4 bw=40 hops=4 gpu=0 to_type=8 to_id=0x5a000
jscs-backuppool-5090test-091606:188079:188514 [1] NCCL INFO [YT-TRACE] [TOPO] path link=0 bw=40 hops=5 gpu=0 peer=2
jscs-backuppool-5090test-091606:188079:188513 [0] NCCL INFO [YT-TRACE] [TOPO] path link=4 bw=40 hops=4 gpu=0 to_type=8 to_id=0xa8000
jscs-backuppool-5090test-091606:188079:188520 [6] NCCL INFO [YT-TRACE] [TOPO] path link=4 bw=40 hops=4 gpu=0 to_type=8 to_id=0x5a000
jscs-backuppool-5090test-091606:188079:188518 [5] NCCL INFO [YT-TRACE] [TOPO] path link=4 bw=40 hops=4 gpu=0 to_type=8 to_id=0xa8000
jscs-backuppool-5090test-091606:188079:188521 [7] NCCL INFO [YT-TRACE] [TOPO] path link=0 bw=40 hops=5 gpu=0 peer=4
jscs-backuppool-5090test-091606:188079:188517 [4] NCCL INFO [YT-TRACE] [TOPO] path link=0 bw=40 hops=5 gpu=0 peer=3
jscs-backuppool-5090test-091606:188079:188516 [3] NCCL INFO [YT-TRACE] [TOPO] path link=4 bw=40 hops=4 gpu=0 to_type=8 to_id=0x98000
jscs-backuppool-5090test-091606:188079:188514 [1] NCCL INFO [YT-TRACE] [TOPO] path link=0 bw=40 hops=5 gpu=0 peer=3
jscs-backuppool-5090test-091606:188079:188513 [0] NCCL INFO [YT-TRACE] [TOPO] path link=4 bw=40 hops=4 gpu=0 to_type=8 to_id=0xb8000
jscs-backuppool-5090test-091606:188079:188520 [6] NCCL INFO [YT-TRACE] [TOPO] path link=4 bw=40 hops=4 gpu=0 to_type=8 to_id=0x98000
jscs-backuppool-5090test-091606:188079:188518 [5] NCCL INFO [YT-TRACE] [TOPO] path link=4 bw=40 hops=4 gpu=0 to_type=8 to_id=0xb8000
jscs-backuppool-5090test-091606:188079:188517 [4] NCCL INFO [YT-TRACE] [TOPO] path link=0 bw=40 hops=5 gpu=0 peer=4
jscs-backuppool-5090test-091606:188079:188521 [7] NCCL INFO [YT-TRACE] [TOPO] path link=0 bw=40 hops=5 gpu=0 peer=5
jscs-backuppool-5090test-091606:188079:188516 [3] NCCL INFO [YT-TRACE] [TOPO] path link=4 bw=40 hops=4 gpu=0 to_type=8 to_id=0xa8000
jscs-backuppool-5090test-091606:188079:188514 [1] NCCL INFO [YT-TRACE] [TOPO] path link=0 bw=40 hops=5 gpu=0 peer=4
jscs-backuppool-5090test-091606:188079:188513 [0] NCCL INFO [YT-TRACE] [TOPO] path link=4 bw=40 hops=4 gpu=0 to_type=8 to_id=0xc8000
jscs-backuppool-5090test-091606:188079:188520 [6] NCCL INFO [YT-TRACE] [TOPO] path link=4 bw=40 hops=4 gpu=0 to_type=8 to_id=0xa8000
jscs-backuppool-5090test-091606:188079:188518 [5] NCCL INFO [YT-TRACE] [TOPO] path link=4 bw=40 hops=4 gpu=0 to_type=8 to_id=0xc8000
jscs-backuppool-5090test-091606:188079:188521 [7] NCCL INFO [YT-TRACE] [TOPO] path link=0 bw=40 hops=5 gpu=0 peer=6
jscs-backuppool-5090test-091606:188079:188517 [4] NCCL INFO [YT-TRACE] [TOPO] path link=0 bw=40 hops=5 gpu=0 peer=5
jscs-backuppool-5090test-091606:188079:188516 [3] NCCL INFO [YT-TRACE] [TOPO] path link=4 bw=40 hops=4 gpu=0 to_type=8 to_id=0xb8000
jscs-backuppool-5090test-091606:188079:188514 [1] NCCL INFO [YT-TRACE] [TOPO] path link=0 bw=40 hops=5 gpu=0 peer=5
jscs-backuppool-5090test-091606:188079:188513 [0] NCCL INFO [YT-TRACE] [TOPO] path link=0 bw=40 hops=5 gpu=0 peer=2
jscs-backuppool-5090test-091606:188079:188520 [6] NCCL INFO [YT-TRACE] [TOPO] path link=4 bw=40 hops=4 gpu=0 to_type=8 to_id=0xb8000
jscs-backuppool-5090test-091606:188079:188518 [5] NCCL INFO [YT-TRACE] [TOPO] path link=0 bw=40 hops=5 gpu=0 peer=2
jscs-backuppool-5090test-091606:188079:188521 [7] NCCL INFO [YT-TRACE] [TOPO] path link=0 bw=40 hops=5 gpu=0 peer=7
jscs-backuppool-5090test-091606:188079:188521 [7] NCCL INFO [YT-TRACE] [TOPO] path link=0 bw=5000 hops=1 gpu=1 to_type=8 to_id=0x38000
jscs-backuppool-5090test-091606:188079:188517 [4] NCCL INFO [YT-TRACE] [TOPO] path link=0 bw=40 hops=5 gpu=0 peer=6
jscs-backuppool-5090test-091606:188079:188521 [7] NCCL INFO [YT-TRACE] [TOPO] path link=4 bw=48 hops=2 gpu=1 to_type=3 to_id=0x0
jscs-backuppool-5090test-091606:188079:188521 [7] NCCL INFO [YT-TRACE] [TOPO] path link=4 bw=48 hops=3 gpu=1 to_type=4 to_id=0x0
jscs-backuppool-5090test-091606:188079:188521 [7] NCCL INFO [YT-TRACE] [TOPO] path link=4 bw=48 hops=3 gpu=1 to_type=8 to_id=0x27000
jscs-backuppool-5090test-091606:188079:188521 [7] NCCL INFO [YT-TRACE] [TOPO] path link=9 bw=40 hops=3 gpu=1 to_type=3 to_id=0x1
jscs-backuppool-5090test-091606:188079:188521 [7] NCCL INFO [YT-TRACE] [TOPO] path link=9 bw=40 hops=3 gpu=1 to_type=3 to_id=0x2
jscs-backuppool-5090test-091606:188079:188521 [7] NCCL INFO [YT-TRACE] [TOPO] path link=9 bw=40 hops=3 gpu=1 to_type=3 to_id=0x3
jscs-backuppool-5090test-091606:188079:188521 [7] NCCL INFO [YT-TRACE] [TOPO] path link=10 bw=25 hops=4 gpu=1 to_type=5 to_id=0x0
jscs-backuppool-5090test-091606:188079:188521 [7] NCCL INFO [YT-TRACE] [TOPO] path link=10 bw=25 hops=4 gpu=1 to_type=5 to_id=0x0
jscs-backuppool-5090test-091606:188079:188521 [7] NCCL INFO [YT-TRACE] [TOPO] path link=10 bw=25 hops=4 gpu=1 to_type=5 to_id=0x0
jscs-backuppool-5090test-091606:188079:188521 [7] NCCL INFO [YT-TRACE] [TOPO] path link=10 bw=25 hops=4 gpu=1 to_type=5 to_id=0x0
jscs-backuppool-5090test-091606:188079:188521 [7] NCCL INFO [YT-TRACE] [TOPO] path link=0 bw=48 hops=4 gpu=1 peer=0
jscs-backuppool-5090test-091606:188079:188521 [7] NCCL INFO [YT-TRACE] [TOPO] path link=4 bw=40 hops=4 gpu=1 to_type=8 to_id=0x49000
jscs-backuppool-5090test-091606:188079:188521 [7] NCCL INFO [YT-TRACE] [TOPO] path link=4 bw=40 hops=4 gpu=1 to_type=8 to_id=0x5a000
jscs-backuppool-5090test-091606:188079:188521 [7] NCCL INFO [YT-TRACE] [TOPO] path link=4 bw=40 hops=4 gpu=1 to_type=8 to_id=0x98000
jscs-backuppool-5090test-091606:188079:188521 [7] NCCL INFO [YT-TRACE] [TOPO] path link=4 bw=40 hops=4 gpu=1 to_type=8 to_id=0xa8000
jscs-backuppool-5090test-091606:188079:188521 [7] NCCL INFO [YT-TRACE] [TOPO] path link=4 bw=40 hops=4 gpu=1 to_type=8 to_id=0xb8000
jscs-backuppool-5090test-091606:188079:188521 [7] NCCL INFO [YT-TRACE] [TOPO] path link=4 bw=40 hops=4 gpu=1 to_type=8 to_id=0xc8000
jscs-backuppool-5090test-091606:188079:188521 [7] NCCL INFO [YT-TRACE] [TOPO] path link=0 bw=40 hops=5 gpu=1 peer=2
jscs-backuppool-5090test-091606:188079:188521 [7] NCCL INFO [YT-TRACE] [TOPO] path link=0 bw=40 hops=5 gpu=1 peer=3
jscs-backuppool-5090test-091606:188079:188521 [7] NCCL INFO [YT-TRACE] [TOPO] path link=0 bw=40 hops=5 gpu=1 peer=4
jscs-backuppool-5090test-091606:188079:188521 [7] NCCL INFO [YT-TRACE] [TOPO] path link=0 bw=40 hops=5 gpu=1 peer=5
jscs-backuppool-5090test-091606:188079:188521 [7] NCCL INFO [YT-TRACE] [TOPO] path link=0 bw=40 hops=5 gpu=1 peer=6
jscs-backuppool-5090test-091606:188079:188521 [7] NCCL INFO [YT-TRACE] [TOPO] path link=0 bw=40 hops=5 gpu=1 peer=7
jscs-backuppool-5090test-091606:188079:188521 [7] NCCL INFO [YT-TRACE] [TOPO] path link=0 bw=5000 hops=1 gpu=2 to_type=8 to_id=0x49000
jscs-backuppool-5090test-091606:188079:188521 [7] NCCL INFO [YT-TRACE] [TOPO] path link=4 bw=48 hops=2 gpu=2 to_type=3 to_id=0x1
jscs-backuppool-5090test-091606:188079:188516 [3] NCCL INFO [YT-TRACE] [TOPO] path link=4 bw=40 hops=4 gpu=0 to_type=8 to_id=0xc8000
jscs-backuppool-5090test-091606:188079:188521 [7] NCCL INFO [YT-TRACE] [TOPO] path link=4 bw=48 hops=3 gpu=2 to_type=8 to_id=0x5a000
jscs-backuppool-5090test-091606:188079:188521 [7] NCCL INFO [YT-TRACE] [TOPO] path link=9 bw=40 hops=3 gpu=2 to_type=3 to_id=0x0
jscs-backuppool-5090test-091606:188079:188521 [7] NCCL INFO [YT-TRACE] [TOPO] path link=9 bw=40 hops=3 gpu=2 to_type=3 to_id=0x2
jscs-backuppool-5090test-091606:188079:188521 [7] NCCL INFO [YT-TRACE] [TOPO] path link=9 bw=40 hops=3 gpu=2 to_type=3 to_id=0x3
jscs-backuppool-5090test-091606:188079:188521 [7] NCCL INFO [YT-TRACE] [TOPO] path link=0 bw=48 hops=4 gpu=2 peer=3
jscs-backuppool-5090test-091606:188079:188521 [7] NCCL INFO [YT-TRACE] [TOPO] path link=4 bw=40 hops=4 gpu=2 to_type=4 to_id=0x0
jscs-backuppool-5090test-091606:188079:188521 [7] NCCL INFO [YT-TRACE] [TOPO] path link=4 bw=40 hops=4 gpu=2 to_type=8 to_id=0x27000
jscs-backuppool-5090test-091606:188079:188521 [7] NCCL INFO [YT-TRACE] [TOPO] path link=4 bw=40 hops=4 gpu=2 to_type=8 to_id=0x38000
jscs-backuppool-5090test-091606:188079:188521 [7] NCCL INFO [YT-TRACE] [TOPO] path link=4 bw=40 hops=4 gpu=2 to_type=8 to_id=0x98000
jscs-backuppool-5090test-091606:188079:188521 [7] NCCL INFO [YT-TRACE] [TOPO] path link=4 bw=40 hops=4 gpu=2 to_type=8 to_id=0xa8000
jscs-backuppool-5090test-091606:188079:188521 [7] NCCL INFO [YT-TRACE] [TOPO] path link=4 bw=40 hops=4 gpu=2 to_type=8 to_id=0xb8000
jscs-backuppool-5090test-091606:188079:188521 [7] NCCL INFO [YT-TRACE] [TOPO] path link=4 bw=40 hops=4 gpu=2 to_type=8 to_id=0xc8000
jscs-backuppool-5090test-091606:188079:188521 [7] NCCL INFO [YT-TRACE] [TOPO] path link=10 bw=25 hops=5 gpu=2 to_type=5 to_id=0x0
jscs-backuppool-5090test-091606:188079:188521 [7] NCCL INFO [YT-TRACE] [TOPO] path link=10 bw=25 hops=5 gpu=2 to_type=5 to_id=0x0
jscs-backuppool-5090test-091606:188079:188521 [7] NCCL INFO [YT-TRACE] [TOPO] path link=10 bw=25 hops=5 gpu=2 to_type=5 to_id=0x0
jscs-backuppool-5090test-091606:188079:188521 [7] NCCL INFO [YT-TRACE] [TOPO] path link=10 bw=25 hops=5 gpu=2 to_type=5 to_id=0x0
jscs-backuppool-5090test-091606:188079:188521 [7] NCCL INFO [YT-TRACE] [TOPO] path link=0 bw=40 hops=5 gpu=2 peer=0
jscs-backuppool-5090test-091606:188079:188521 [7] NCCL INFO [YT-TRACE] [TOPO] path link=0 bw=40 hops=5 gpu=2 peer=1
jscs-backuppool-5090test-091606:188079:188521 [7] NCCL INFO [YT-TRACE] [TOPO] path link=0 bw=40 hops=5 gpu=2 peer=4
jscs-backuppool-5090test-091606:188079:188521 [7] NCCL INFO [YT-TRACE] [TOPO] path link=0 bw=40 hops=5 gpu=2 peer=5
jscs-backuppool-5090test-091606:188079:188521 [7] NCCL INFO [YT-TRACE] [TOPO] path link=0 bw=40 hops=5 gpu=2 peer=6
jscs-backuppool-5090test-091606:188079:188521 [7] NCCL INFO [YT-TRACE] [TOPO] path link=0 bw=40 hops=5 gpu=2 peer=7
jscs-backuppool-5090test-091606:188079:188521 [7] NCCL INFO [YT-TRACE] [TOPO] path link=0 bw=5000 hops=1 gpu=3 to_type=8 to_id=0x5a000
jscs-backuppool-5090test-091606:188079:188521 [7] NCCL INFO [YT-TRACE] [TOPO] path link=4 bw=48 hops=2 gpu=3 to_type=3 to_id=0x1
jscs-backuppool-5090test-091606:188079:188521 [7] NCCL INFO [YT-TRACE] [TOPO] path link=4 bw=48 hops=3 gpu=3 to_type=8 to_id=0x49000
jscs-backuppool-5090test-091606:188079:188521 [7] NCCL INFO [YT-TRACE] [TOPO] path link=9 bw=40 hops=3 gpu=3 to_type=3 to_id=0x0
jscs-backuppool-5090test-091606:188079:188521 [7] NCCL INFO [YT-TRACE] [TOPO] path link=9 bw=40 hops=3 gpu=3 to_type=3 to_id=0x2
jscs-backuppool-5090test-091606:188079:188521 [7] NCCL INFO [YT-TRACE] [TOPO] path link=9 bw=40 hops=3 gpu=3 to_type=3 to_id=0x3
jscs-backuppool-5090test-091606:188079:188521 [7] NCCL INFO [YT-TRACE] [TOPO] path link=0 bw=48 hops=4 gpu=3 peer=2
jscs-backuppool-5090test-091606:188079:188521 [7] NCCL INFO [YT-TRACE] [TOPO] path link=4 bw=40 hops=4 gpu=3 to_type=4 to_id=0x0
jscs-backuppool-5090test-091606:188079:188521 [7] NCCL INFO [YT-TRACE] [TOPO] path link=4 bw=40 hops=4 gpu=3 to_type=8 to_id=0x27000
jscs-backuppool-5090test-091606:188079:188521 [7] NCCL INFO [YT-TRACE] [TOPO] path link=4 bw=40 hops=4 gpu=3 to_type=8 to_id=0x38000
jscs-backuppool-5090test-091606:188079:188521 [7] NCCL INFO [YT-TRACE] [TOPO] path link=4 bw=40 hops=4 gpu=3 to_type=8 to_id=0x98000
jscs-backuppool-5090test-091606:188079:188521 [7] NCCL INFO [YT-TRACE] [TOPO] path link=4 bw=40 hops=4 gpu=3 to_type=8 to_id=0xa8000
jscs-backuppool-5090test-091606:188079:188521 [7] NCCL INFO [YT-TRACE] [TOPO] path link=4 bw=40 hops=4 gpu=3 to_type=8 to_id=0xb8000
jscs-backuppool-5090test-091606:188079:188521 [7] NCCL INFO [YT-TRACE] [TOPO] path link=4 bw=40 hops=4 gpu=3 to_type=8 to_id=0xc8000
jscs-backuppool-5090test-091606:188079:188521 [7] NCCL INFO [YT-TRACE] [TOPO] path link=10 bw=25 hops=5 gpu=3 to_type=5 to_id=0x0
jscs-backuppool-5090test-091606:188079:188521 [7] NCCL INFO [YT-TRACE] [TOPO] path link=10 bw=25 hops=5 gpu=3 to_type=5 to_id=0x0
jscs-backuppool-5090test-091606:188079:188521 [7] NCCL INFO [YT-TRACE] [TOPO] path link=10 bw=25 hops=5 gpu=3 to_type=5 to_id=0x0
jscs-backuppool-5090test-091606:188079:188521 [7] NCCL INFO [YT-TRACE] [TOPO] path link=10 bw=25 hops=5 gpu=3 to_type=5 to_id=0x0
jscs-backuppool-5090test-091606:188079:188521 [7] NCCL INFO [YT-TRACE] [TOPO] path link=0 bw=40 hops=5 gpu=3 peer=0
jscs-backuppool-5090test-091606:188079:188521 [7] NCCL INFO [YT-TRACE] [TOPO] path link=0 bw=40 hops=5 gpu=3 peer=1
jscs-backuppool-5090test-091606:188079:188521 [7] NCCL INFO [YT-TRACE] [TOPO] path link=0 bw=40 hops=5 gpu=3 peer=4
jscs-backuppool-5090test-091606:188079:188521 [7] NCCL INFO [YT-TRACE] [TOPO] path link=0 bw=40 hops=5 gpu=3 peer=5
jscs-backuppool-5090test-091606:188079:188521 [7] NCCL INFO [YT-TRACE] [TOPO] path link=0 bw=40 hops=5 gpu=3 peer=6
jscs-backuppool-5090test-091606:188079:188521 [7] NCCL INFO [YT-TRACE] [TOPO] path link=0 bw=40 hops=5 gpu=3 peer=7
jscs-backuppool-5090test-091606:188079:188521 [7] NCCL INFO [YT-TRACE] [TOPO] path link=0 bw=5000 hops=1 gpu=4 to_type=8 to_id=0x98000
jscs-backuppool-5090test-091606:188079:188521 [7] NCCL INFO [YT-TRACE] [TOPO] path link=4 bw=48 hops=2 gpu=4 to_type=3 to_id=0x2
jscs-backuppool-5090test-091606:188079:188521 [7] NCCL INFO [YT-TRACE] [TOPO] path link=4 bw=48 hops=3 gpu=4 to_type=8 to_id=0xa8000
jscs-backuppool-5090test-091606:188079:188521 [7] NCCL INFO [YT-TRACE] [TOPO] path link=4 bw=48 hops=3 gpu=4 to_type=8 to_id=0xb8000
jscs-backuppool-5090test-091606:188079:188521 [7] NCCL INFO [YT-TRACE] [TOPO] path link=9 bw=40 hops=3 gpu=4 to_type=3 to_id=0x0
jscs-backuppool-5090test-091606:188079:188521 [7] NCCL INFO [YT-TRACE] [TOPO] path link=9 bw=40 hops=3 gpu=4 to_type=3 to_id=0x1
jscs-backuppool-5090test-091606:188079:188521 [7] NCCL INFO [YT-TRACE] [TOPO] path link=9 bw=40 hops=3 gpu=4 to_type=3 to_id=0x3
jscs-backuppool-5090test-091606:188079:188521 [7] NCCL INFO [YT-TRACE] [TOPO] path link=0 bw=48 hops=4 gpu=4 peer=5
jscs-backuppool-5090test-091606:188079:188521 [7] NCCL INFO [YT-TRACE] [TOPO] path link=0 bw=48 hops=4 gpu=4 peer=6
jscs-backuppool-5090test-091606:188079:188521 [7] NCCL INFO [YT-TRACE] [TOPO] path link=4 bw=40 hops=4 gpu=4 to_type=4 to_id=0x0
jscs-backuppool-5090test-091606:188079:188521 [7] NCCL INFO [YT-TRACE] [TOPO] path link=4 bw=40 hops=4 gpu=4 to_type=8 to_id=0x27000
jscs-backuppool-5090test-091606:188079:188521 [7] NCCL INFO [YT-TRACE] [TOPO] path link=4 bw=40 hops=4 gpu=4 to_type=8 to_id=0x38000
jscs-backuppool-5090test-091606:188079:188521 [7] NCCL INFO [YT-TRACE] [TOPO] path link=4 bw=40 hops=4 gpu=4 to_type=8 to_id=0x49000
jscs-backuppool-5090test-091606:188079:188521 [7] NCCL INFO [YT-TRACE] [TOPO] path link=4 bw=40 hops=4 gpu=4 to_type=8 to_id=0x5a000
jscs-backuppool-5090test-091606:188079:188521 [7] NCCL INFO [YT-TRACE] [TOPO] path link=4 bw=40 hops=4 gpu=4 to_type=8 to_id=0xc8000
jscs-backuppool-5090test-091606:188079:188521 [7] NCCL INFO [YT-TRACE] [TOPO] path link=10 bw=25 hops=5 gpu=4 to_type=5 to_id=0x0
jscs-backuppool-5090test-091606:188079:188521 [7] NCCL INFO [YT-TRACE] [TOPO] path link=10 bw=25 hops=5 gpu=4 to_type=5 to_id=0x0
jscs-backuppool-5090test-091606:188079:188521 [7] NCCL INFO [YT-TRACE] [TOPO] path link=10 bw=25 hops=5 gpu=4 to_type=5 to_id=0x0
jscs-backuppool-5090test-091606:188079:188521 [7] NCCL INFO [YT-TRACE] [TOPO] path link=10 bw=25 hops=5 gpu=4 to_type=5 to_id=0x0
jscs-backuppool-5090test-091606:188079:188521 [7] NCCL INFO [YT-TRACE] [TOPO] path link=0 bw=40 hops=5 gpu=4 peer=0
jscs-backuppool-5090test-091606:188079:188514 [1] NCCL INFO [YT-TRACE] [TOPO] path link=0 bw=40 hops=5 gpu=0 peer=6
jscs-backuppool-5090test-091606:188079:188521 [7] NCCL INFO [YT-TRACE] [TOPO] path link=0 bw=40 hops=5 gpu=4 peer=1
jscs-backuppool-5090test-091606:188079:188521 [7] NCCL INFO [YT-TRACE] [TOPO] path link=0 bw=40 hops=5 gpu=4 peer=2
jscs-backuppool-5090test-091606:188079:188521 [7] NCCL INFO [YT-TRACE] [TOPO] path link=0 bw=40 hops=5 gpu=4 peer=3
jscs-backuppool-5090test-091606:188079:188521 [7] NCCL INFO [YT-TRACE] [TOPO] path link=0 bw=40 hops=5 gpu=4 peer=7
jscs-backuppool-5090test-091606:188079:188521 [7] NCCL INFO [YT-TRACE] [TOPO] path link=0 bw=5000 hops=1 gpu=5 to_type=8 to_id=0xa8000
jscs-backuppool-5090test-091606:188079:188521 [7] NCCL INFO [YT-TRACE] [TOPO] path link=4 bw=48 hops=2 gpu=5 to_type=3 to_id=0x2
jscs-backuppool-5090test-091606:188079:188521 [7] NCCL INFO [YT-TRACE] [TOPO] path link=4 bw=48 hops=3 gpu=5 to_type=8 to_id=0x98000
jscs-backuppool-5090test-091606:188079:188521 [7] NCCL INFO [YT-TRACE] [TOPO] path link=4 bw=48 hops=3 gpu=5 to_type=8 to_id=0xb8000
jscs-backuppool-5090test-091606:188079:188521 [7] NCCL INFO [YT-TRACE] [TOPO] path link=9 bw=40 hops=3 gpu=5 to_type=3 to_id=0x0
jscs-backuppool-5090test-091606:188079:188521 [7] NCCL INFO [YT-TRACE] [TOPO] path link=9 bw=40 hops=3 gpu=5 to_type=3 to_id=0x1
jscs-backuppool-5090test-091606:188079:188521 [7] NCCL INFO [YT-TRACE] [TOPO] path link=9 bw=40 hops=3 gpu=5 to_type=3 to_id=0x3
jscs-backuppool-5090test-091606:188079:188521 [7] NCCL INFO [YT-TRACE] [TOPO] path link=0 bw=48 hops=4 gpu=5 peer=4
jscs-backuppool-5090test-091606:188079:188521 [7] NCCL INFO [YT-TRACE] [TOPO] path link=0 bw=48 hops=4 gpu=5 peer=6
jscs-backuppool-5090test-091606:188079:188521 [7] NCCL INFO [YT-TRACE] [TOPO] path link=4 bw=40 hops=4 gpu=5 to_type=4 to_id=0x0
jscs-backuppool-5090test-091606:188079:188521 [7] NCCL INFO [YT-TRACE] [TOPO] path link=4 bw=40 hops=4 gpu=5 to_type=8 to_id=0x27000
jscs-backuppool-5090test-091606:188079:188521 [7] NCCL INFO [YT-TRACE] [TOPO] path link=4 bw=40 hops=4 gpu=5 to_type=8 to_id=0x38000
jscs-backuppool-5090test-091606:188079:188521 [7] NCCL INFO [YT-TRACE] [TOPO] path link=4 bw=40 hops=4 gpu=5 to_type=8 to_id=0x49000
jscs-backuppool-5090test-091606:188079:188521 [7] NCCL INFO [YT-TRACE] [TOPO] path link=4 bw=40 hops=4 gpu=5 to_type=8 to_id=0x5a000
jscs-backuppool-5090test-091606:188079:188521 [7] NCCL INFO [YT-TRACE] [TOPO] path link=4 bw=40 hops=4 gpu=5 to_type=8 to_id=0xc8000
jscs-backuppool-5090test-091606:188079:188521 [7] NCCL INFO [YT-TRACE] [TOPO] path link=10 bw=25 hops=5 gpu=5 to_type=5 to_id=0x0
jscs-backuppool-5090test-091606:188079:188521 [7] NCCL INFO [YT-TRACE] [TOPO] path link=10 bw=25 hops=5 gpu=5 to_type=5 to_id=0x0
jscs-backuppool-5090test-091606:188079:188521 [7] NCCL INFO [YT-TRACE] [TOPO] path link=10 bw=25 hops=5 gpu=5 to_type=5 to_id=0x0
jscs-backuppool-5090test-091606:188079:188521 [7] NCCL INFO [YT-TRACE] [TOPO] path link=10 bw=25 hops=5 gpu=5 to_type=5 to_id=0x0
jscs-backuppool-5090test-091606:188079:188521 [7] NCCL INFO [YT-TRACE] [TOPO] path link=0 bw=40 hops=5 gpu=5 peer=0
jscs-backuppool-5090test-091606:188079:188521 [7] NCCL INFO [YT-TRACE] [TOPO] path link=0 bw=40 hops=5 gpu=5 peer=1
jscs-backuppool-5090test-091606:188079:188521 [7] NCCL INFO [YT-TRACE] [TOPO] path link=0 bw=40 hops=5 gpu=5 peer=2
jscs-backuppool-5090test-091606:188079:188521 [7] NCCL INFO [YT-TRACE] [TOPO] path link=0 bw=40 hops=5 gpu=5 peer=3
jscs-backuppool-5090test-091606:188079:188521 [7] NCCL INFO [YT-TRACE] [TOPO] path link=0 bw=40 hops=5 gpu=5 peer=7
jscs-backuppool-5090test-091606:188079:188513 [0] NCCL INFO [YT-TRACE] [TOPO] path link=0 bw=40 hops=5 gpu=0 peer=3
jscs-backuppool-5090test-091606:188079:188521 [7] NCCL INFO [YT-TRACE] [TOPO] path link=0 bw=5000 hops=1 gpu=6 to_type=8 to_id=0xb8000
jscs-backuppool-5090test-091606:188079:188521 [7] NCCL INFO [YT-TRACE] [TOPO] path link=4 bw=48 hops=2 gpu=6 to_type=3 to_id=0x2
jscs-backuppool-5090test-091606:188079:188521 [7] NCCL INFO [YT-TRACE] [TOPO] path link=4 bw=48 hops=3 gpu=6 to_type=8 to_id=0x98000
jscs-backuppool-5090test-091606:188079:188521 [7] NCCL INFO [YT-TRACE] [TOPO] path link=4 bw=48 hops=3 gpu=6 to_type=8 to_id=0xa8000
jscs-backuppool-5090test-091606:188079:188521 [7] NCCL INFO [YT-TRACE] [TOPO] path link=9 bw=40 hops=3 gpu=6 to_type=3 to_id=0x0
jscs-backuppool-5090test-091606:188079:188521 [7] NCCL INFO [YT-TRACE] [TOPO] path link=9 bw=40 hops=3 gpu=6 to_type=3 to_id=0x1
jscs-backuppool-5090test-091606:188079:188521 [7] NCCL INFO [YT-TRACE] [TOPO] path link=9 bw=40 hops=3 gpu=6 to_type=3 to_id=0x3
jscs-backuppool-5090test-091606:188079:188521 [7] NCCL INFO [YT-TRACE] [TOPO] path link=0 bw=48 hops=4 gpu=6 peer=4
jscs-backuppool-5090test-091606:188079:188521 [7] NCCL INFO [YT-TRACE] [TOPO] path link=0 bw=48 hops=4 gpu=6 peer=5
jscs-backuppool-5090test-091606:188079:188521 [7] NCCL INFO [YT-TRACE] [TOPO] path link=4 bw=40 hops=4 gpu=6 to_type=4 to_id=0x0
jscs-backuppool-5090test-091606:188079:188521 [7] NCCL INFO [YT-TRACE] [TOPO] path link=4 bw=40 hops=4 gpu=6 to_type=8 to_id=0x27000
jscs-backuppool-5090test-091606:188079:188521 [7] NCCL INFO [YT-TRACE] [TOPO] path link=4 bw=40 hops=4 gpu=6 to_type=8 to_id=0x38000
jscs-backuppool-5090test-091606:188079:188521 [7] NCCL INFO [YT-TRACE] [TOPO] path link=4 bw=40 hops=4 gpu=6 to_type=8 to_id=0x49000
jscs-backuppool-5090test-091606:188079:188521 [7] NCCL INFO [YT-TRACE] [TOPO] path link=4 bw=40 hops=4 gpu=6 to_type=8 to_id=0x5a000
jscs-backuppool-5090test-091606:188079:188521 [7] NCCL INFO [YT-TRACE] [TOPO] path link=4 bw=40 hops=4 gpu=6 to_type=8 to_id=0xc8000
jscs-backuppool-5090test-091606:188079:188521 [7] NCCL INFO [YT-TRACE] [TOPO] path link=10 bw=25 hops=5 gpu=6 to_type=5 to_id=0x0
jscs-backuppool-5090test-091606:188079:188521 [7] NCCL INFO [YT-TRACE] [TOPO] path link=10 bw=25 hops=5 gpu=6 to_type=5 to_id=0x0
jscs-backuppool-5090test-091606:188079:188521 [7] NCCL INFO [YT-TRACE] [TOPO] path link=10 bw=25 hops=5 gpu=6 to_type=5 to_id=0x0
jscs-backuppool-5090test-091606:188079:188521 [7] NCCL INFO [YT-TRACE] [TOPO] path link=10 bw=25 hops=5 gpu=6 to_type=5 to_id=0x0
jscs-backuppool-5090test-091606:188079:188521 [7] NCCL INFO [YT-TRACE] [TOPO] path link=0 bw=40 hops=5 gpu=6 peer=0
jscs-backuppool-5090test-091606:188079:188521 [7] NCCL INFO [YT-TRACE] [TOPO] path link=0 bw=40 hops=5 gpu=6 peer=1
jscs-backuppool-5090test-091606:188079:188521 [7] NCCL INFO [YT-TRACE] [TOPO] path link=0 bw=40 hops=5 gpu=6 peer=2
jscs-backuppool-5090test-091606:188079:188521 [7] NCCL INFO [YT-TRACE] [TOPO] path link=0 bw=40 hops=5 gpu=6 peer=3
jscs-backuppool-5090test-091606:188079:188521 [7] NCCL INFO [YT-TRACE] [TOPO] path link=0 bw=40 hops=5 gpu=6 peer=7
jscs-backuppool-5090test-091606:188079:188521 [7] NCCL INFO [YT-TRACE] [TOPO] path link=0 bw=5000 hops=1 gpu=7 to_type=8 to_id=0xc8000
jscs-backuppool-5090test-091606:188079:188521 [7] NCCL INFO [YT-TRACE] [TOPO] path link=4 bw=48 hops=2 gpu=7 to_type=3 to_id=0x3
jscs-backuppool-5090test-091606:188079:188521 [7] NCCL INFO [YT-TRACE] [TOPO] path link=9 bw=40 hops=3 gpu=7 to_type=3 to_id=0x0
jscs-backuppool-5090test-091606:188079:188521 [7] NCCL INFO [YT-TRACE] [TOPO] path link=9 bw=40 hops=3 gpu=7 to_type=3 to_id=0x1
jscs-backuppool-5090test-091606:188079:188521 [7] NCCL INFO [YT-TRACE] [TOPO] path link=9 bw=40 hops=3 gpu=7 to_type=3 to_id=0x2
jscs-backuppool-5090test-091606:188079:188521 [7] NCCL INFO [YT-TRACE] [TOPO] path link=4 bw=40 hops=4 gpu=7 to_type=4 to_id=0x0
jscs-backuppool-5090test-091606:188079:188521 [7] NCCL INFO [YT-TRACE] [TOPO] path link=4 bw=40 hops=4 gpu=7 to_type=8 to_id=0x27000
jscs-backuppool-5090test-091606:188079:188521 [7] NCCL INFO [YT-TRACE] [TOPO] path link=4 bw=40 hops=4 gpu=7 to_type=8 to_id=0x38000
jscs-backuppool-5090test-091606:188079:188521 [7] NCCL INFO [YT-TRACE] [TOPO] path link=4 bw=40 hops=4 gpu=7 to_type=8 to_id=0x49000
jscs-backuppool-5090test-091606:188079:188521 [7] NCCL INFO [YT-TRACE] [TOPO] path link=4 bw=40 hops=4 gpu=7 to_type=8 to_id=0x5a000
jscs-backuppool-5090test-091606:188079:188521 [7] NCCL INFO [YT-TRACE] [TOPO] path link=4 bw=40 hops=4 gpu=7 to_type=8 to_id=0x98000
jscs-backuppool-5090test-091606:188079:188521 [7] NCCL INFO [YT-TRACE] [TOPO] path link=4 bw=40 hops=4 gpu=7 to_type=8 to_id=0xa8000
jscs-backuppool-5090test-091606:188079:188521 [7] NCCL INFO [YT-TRACE] [TOPO] path link=4 bw=40 hops=4 gpu=7 to_type=8 to_id=0xb8000
jscs-backuppool-5090test-091606:188079:188521 [7] NCCL INFO [YT-TRACE] [TOPO] path link=10 bw=25 hops=5 gpu=7 to_type=5 to_id=0x0
jscs-backuppool-5090test-091606:188079:188521 [7] NCCL INFO [YT-TRACE] [TOPO] path link=10 bw=25 hops=5 gpu=7 to_type=5 to_id=0x0
jscs-backuppool-5090test-091606:188079:188521 [7] NCCL INFO [YT-TRACE] [TOPO] path link=10 bw=25 hops=5 gpu=7 to_type=5 to_id=0x0
jscs-backuppool-5090test-091606:188079:188521 [7] NCCL INFO [YT-TRACE] [TOPO] path link=10 bw=25 hops=5 gpu=7 to_type=5 to_id=0x0
jscs-backuppool-5090test-091606:188079:188521 [7] NCCL INFO [YT-TRACE] [TOPO] path link=0 bw=40 hops=5 gpu=7 peer=0
jscs-backuppool-5090test-091606:188079:188521 [7] NCCL INFO [YT-TRACE] [TOPO] path link=0 bw=40 hops=5 gpu=7 peer=1
jscs-backuppool-5090test-091606:188079:188521 [7] NCCL INFO [YT-TRACE] [TOPO] path link=0 bw=40 hops=5 gpu=7 peer=2
jscs-backuppool-5090test-091606:188079:188521 [7] NCCL INFO [YT-TRACE] [TOPO] path link=0 bw=40 hops=5 gpu=7 peer=3
jscs-backuppool-5090test-091606:188079:188521 [7] NCCL INFO [YT-TRACE] [TOPO] path link=0 bw=40 hops=5 gpu=7 peer=4
jscs-backuppool-5090test-091606:188079:188521 [7] NCCL INFO [YT-TRACE] [TOPO] path link=0 bw=40 hops=5 gpu=7 peer=5
jscs-backuppool-5090test-091606:188079:188521 [7] NCCL INFO [YT-TRACE] [TOPO] path link=0 bw=40 hops=5 gpu=7 peer=6
jscs-backuppool-5090test-091606:188079:188520 [6] NCCL INFO [YT-TRACE] [TOPO] path link=4 bw=40 hops=4 gpu=0 to_type=8 to_id=0xc8000
jscs-backuppool-5090test-091606:188079:188518 [5] NCCL INFO [YT-TRACE] [TOPO] path link=0 bw=40 hops=5 gpu=0 peer=3
jscs-backuppool-5090test-091606:188079:188517 [4] NCCL INFO [YT-TRACE] [TOPO] path link=0 bw=40 hops=5 gpu=0 peer=7
jscs-backuppool-5090test-091606:188079:188517 [4] NCCL INFO [YT-TRACE] [TOPO] path link=0 bw=5000 hops=1 gpu=1 to_type=8 to_id=0x38000
jscs-backuppool-5090test-091606:188079:188517 [4] NCCL INFO [YT-TRACE] [TOPO] path link=4 bw=48 hops=2 gpu=1 to_type=3 to_id=0x0
jscs-backuppool-5090test-091606:188079:188517 [4] NCCL INFO [YT-TRACE] [TOPO] path link=4 bw=48 hops=3 gpu=1 to_type=4 to_id=0x0
jscs-backuppool-5090test-091606:188079:188517 [4] NCCL INFO [YT-TRACE] [TOPO] path link=4 bw=48 hops=3 gpu=1 to_type=8 to_id=0x27000
jscs-backuppool-5090test-091606:188079:188517 [4] NCCL INFO [YT-TRACE] [TOPO] path link=9 bw=40 hops=3 gpu=1 to_type=3 to_id=0x1
jscs-backuppool-5090test-091606:188079:188517 [4] NCCL INFO [YT-TRACE] [TOPO] path link=9 bw=40 hops=3 gpu=1 to_type=3 to_id=0x2
jscs-backuppool-5090test-091606:188079:188517 [4] NCCL INFO [YT-TRACE] [TOPO] path link=9 bw=40 hops=3 gpu=1 to_type=3 to_id=0x3
jscs-backuppool-5090test-091606:188079:188517 [4] NCCL INFO [YT-TRACE] [TOPO] path link=10 bw=25 hops=4 gpu=1 to_type=5 to_id=0x0
jscs-backuppool-5090test-091606:188079:188517 [4] NCCL INFO [YT-TRACE] [TOPO] path link=10 bw=25 hops=4 gpu=1 to_type=5 to_id=0x0
jscs-backuppool-5090test-091606:188079:188517 [4] NCCL INFO [YT-TRACE] [TOPO] path link=10 bw=25 hops=4 gpu=1 to_type=5 to_id=0x0
jscs-backuppool-5090test-091606:188079:188517 [4] NCCL INFO [YT-TRACE] [TOPO] path link=10 bw=25 hops=4 gpu=1 to_type=5 to_id=0x0
jscs-backuppool-5090test-091606:188079:188517 [4] NCCL INFO [YT-TRACE] [TOPO] path link=0 bw=48 hops=4 gpu=1 peer=0
jscs-backuppool-5090test-091606:188079:188517 [4] NCCL INFO [YT-TRACE] [TOPO] path link=4 bw=40 hops=4 gpu=1 to_type=8 to_id=0x49000
jscs-backuppool-5090test-091606:188079:188517 [4] NCCL INFO [YT-TRACE] [TOPO] path link=4 bw=40 hops=4 gpu=1 to_type=8 to_id=0x5a000
jscs-backuppool-5090test-091606:188079:188517 [4] NCCL INFO [YT-TRACE] [TOPO] path link=4 bw=40 hops=4 gpu=1 to_type=8 to_id=0x98000
jscs-backuppool-5090test-091606:188079:188517 [4] NCCL INFO [YT-TRACE] [TOPO] path link=4 bw=40 hops=4 gpu=1 to_type=8 to_id=0xa8000
jscs-backuppool-5090test-091606:188079:188517 [4] NCCL INFO [YT-TRACE] [TOPO] path link=4 bw=40 hops=4 gpu=1 to_type=8 to_id=0xb8000
jscs-backuppool-5090test-091606:188079:188516 [3] NCCL INFO [YT-TRACE] [TOPO] path link=0 bw=40 hops=5 gpu=0 peer=2
jscs-backuppool-5090test-091606:188079:188517 [4] NCCL INFO [YT-TRACE] [TOPO] path link=4 bw=40 hops=4 gpu=1 to_type=8 to_id=0xc8000
jscs-backuppool-5090test-091606:188079:188517 [4] NCCL INFO [YT-TRACE] [TOPO] path link=0 bw=40 hops=5 gpu=1 peer=2
jscs-backuppool-5090test-091606:188079:188517 [4] NCCL INFO [YT-TRACE] [TOPO] path link=0 bw=40 hops=5 gpu=1 peer=3
jscs-backuppool-5090test-091606:188079:188517 [4] NCCL INFO [YT-TRACE] [TOPO] path link=0 bw=40 hops=5 gpu=1 peer=4
jscs-backuppool-5090test-091606:188079:188517 [4] NCCL INFO [YT-TRACE] [TOPO] path link=0 bw=40 hops=5 gpu=1 peer=5
jscs-backuppool-5090test-091606:188079:188517 [4] NCCL INFO [YT-TRACE] [TOPO] path link=0 bw=40 hops=5 gpu=1 peer=6
jscs-backuppool-5090test-091606:188079:188517 [4] NCCL INFO [YT-TRACE] [TOPO] path link=0 bw=40 hops=5 gpu=1 peer=7
jscs-backuppool-5090test-091606:188079:188517 [4] NCCL INFO [YT-TRACE] [TOPO] path link=0 bw=5000 hops=1 gpu=2 to_type=8 to_id=0x49000
jscs-backuppool-5090test-091606:188079:188517 [4] NCCL INFO [YT-TRACE] [TOPO] path link=4 bw=48 hops=2 gpu=2 to_type=3 to_id=0x1
jscs-backuppool-5090test-091606:188079:188517 [4] NCCL INFO [YT-TRACE] [TOPO] path link=4 bw=48 hops=3 gpu=2 to_type=8 to_id=0x5a000
jscs-backuppool-5090test-091606:188079:188517 [4] NCCL INFO [YT-TRACE] [TOPO] path link=9 bw=40 hops=3 gpu=2 to_type=3 to_id=0x0
jscs-backuppool-5090test-091606:188079:188517 [4] NCCL INFO [YT-TRACE] [TOPO] path link=9 bw=40 hops=3 gpu=2 to_type=3 to_id=0x2
jscs-backuppool-5090test-091606:188079:188517 [4] NCCL INFO [YT-TRACE] [TOPO] path link=9 bw=40 hops=3 gpu=2 to_type=3 to_id=0x3
jscs-backuppool-5090test-091606:188079:188517 [4] NCCL INFO [YT-TRACE] [TOPO] path link=0 bw=48 hops=4 gpu=2 peer=3
jscs-backuppool-5090test-091606:188079:188517 [4] NCCL INFO [YT-TRACE] [TOPO] path link=4 bw=40 hops=4 gpu=2 to_type=4 to_id=0x0
jscs-backuppool-5090test-091606:188079:188517 [4] NCCL INFO [YT-TRACE] [TOPO] path link=4 bw=40 hops=4 gpu=2 to_type=8 to_id=0x27000
jscs-backuppool-5090test-091606:188079:188517 [4] NCCL INFO [YT-TRACE] [TOPO] path link=4 bw=40 hops=4 gpu=2 to_type=8 to_id=0x38000
jscs-backuppool-5090test-091606:188079:188517 [4] NCCL INFO [YT-TRACE] [TOPO] path link=4 bw=40 hops=4 gpu=2 to_type=8 to_id=0x98000
jscs-backuppool-5090test-091606:188079:188517 [4] NCCL INFO [YT-TRACE] [TOPO] path link=4 bw=40 hops=4 gpu=2 to_type=8 to_id=0xa8000
jscs-backuppool-5090test-091606:188079:188517 [4] NCCL INFO [YT-TRACE] [TOPO] path link=4 bw=40 hops=4 gpu=2 to_type=8 to_id=0xb8000
jscs-backuppool-5090test-091606:188079:188517 [4] NCCL INFO [YT-TRACE] [TOPO] path link=4 bw=40 hops=4 gpu=2 to_type=8 to_id=0xc8000
jscs-backuppool-5090test-091606:188079:188517 [4] NCCL INFO [YT-TRACE] [TOPO] path link=10 bw=25 hops=5 gpu=2 to_type=5 to_id=0x0
jscs-backuppool-5090test-091606:188079:188517 [4] NCCL INFO [YT-TRACE] [TOPO] path link=10 bw=25 hops=5 gpu=2 to_type=5 to_id=0x0
jscs-backuppool-5090test-091606:188079:188517 [4] NCCL INFO [YT-TRACE] [TOPO] path link=10 bw=25 hops=5 gpu=2 to_type=5 to_id=0x0
jscs-backuppool-5090test-091606:188079:188517 [4] NCCL INFO [YT-TRACE] [TOPO] path link=10 bw=25 hops=5 gpu=2 to_type=5 to_id=0x0
jscs-backuppool-5090test-091606:188079:188517 [4] NCCL INFO [YT-TRACE] [TOPO] path link=0 bw=40 hops=5 gpu=2 peer=0
jscs-backuppool-5090test-091606:188079:188517 [4] NCCL INFO [YT-TRACE] [TOPO] path link=0 bw=40 hops=5 gpu=2 peer=1
jscs-backuppool-5090test-091606:188079:188517 [4] NCCL INFO [YT-TRACE] [TOPO] path link=0 bw=40 hops=5 gpu=2 peer=4
jscs-backuppool-5090test-091606:188079:188517 [4] NCCL INFO [YT-TRACE] [TOPO] path link=0 bw=40 hops=5 gpu=2 peer=5
jscs-backuppool-5090test-091606:188079:188517 [4] NCCL INFO [YT-TRACE] [TOPO] path link=0 bw=40 hops=5 gpu=2 peer=6
jscs-backuppool-5090test-091606:188079:188517 [4] NCCL INFO [YT-TRACE] [TOPO] path link=0 bw=40 hops=5 gpu=2 peer=7
jscs-backuppool-5090test-091606:188079:188517 [4] NCCL INFO [YT-TRACE] [TOPO] path link=0 bw=5000 hops=1 gpu=3 to_type=8 to_id=0x5a000
jscs-backuppool-5090test-091606:188079:188517 [4] NCCL INFO [YT-TRACE] [TOPO] path link=4 bw=48 hops=2 gpu=3 to_type=3 to_id=0x1
jscs-backuppool-5090test-091606:188079:188517 [4] NCCL INFO [YT-TRACE] [TOPO] path link=4 bw=48 hops=3 gpu=3 to_type=8 to_id=0x49000
jscs-backuppool-5090test-091606:188079:188517 [4] NCCL INFO [YT-TRACE] [TOPO] path link=9 bw=40 hops=3 gpu=3 to_type=3 to_id=0x0
jscs-backuppool-5090test-091606:188079:188517 [4] NCCL INFO [YT-TRACE] [TOPO] path link=9 bw=40 hops=3 gpu=3 to_type=3 to_id=0x2
jscs-backuppool-5090test-091606:188079:188517 [4] NCCL INFO [YT-TRACE] [TOPO] path link=9 bw=40 hops=3 gpu=3 to_type=3 to_id=0x3
jscs-backuppool-5090test-091606:188079:188517 [4] NCCL INFO [YT-TRACE] [TOPO] path link=0 bw=48 hops=4 gpu=3 peer=2
jscs-backuppool-5090test-091606:188079:188517 [4] NCCL INFO [YT-TRACE] [TOPO] path link=4 bw=40 hops=4 gpu=3 to_type=4 to_id=0x0
jscs-backuppool-5090test-091606:188079:188517 [4] NCCL INFO [YT-TRACE] [TOPO] path link=4 bw=40 hops=4 gpu=3 to_type=8 to_id=0x27000
jscs-backuppool-5090test-091606:188079:188517 [4] NCCL INFO [YT-TRACE] [TOPO] path link=4 bw=40 hops=4 gpu=3 to_type=8 to_id=0x38000
jscs-backuppool-5090test-091606:188079:188517 [4] NCCL INFO [YT-TRACE] [TOPO] path link=4 bw=40 hops=4 gpu=3 to_type=8 to_id=0x98000
jscs-backuppool-5090test-091606:188079:188517 [4] NCCL INFO [YT-TRACE] [TOPO] path link=4 bw=40 hops=4 gpu=3 to_type=8 to_id=0xa8000
jscs-backuppool-5090test-091606:188079:188517 [4] NCCL INFO [YT-TRACE] [TOPO] path link=4 bw=40 hops=4 gpu=3 to_type=8 to_id=0xb8000
jscs-backuppool-5090test-091606:188079:188517 [4] NCCL INFO [YT-TRACE] [TOPO] path link=4 bw=40 hops=4 gpu=3 to_type=8 to_id=0xc8000
jscs-backuppool-5090test-091606:188079:188517 [4] NCCL INFO [YT-TRACE] [TOPO] path link=10 bw=25 hops=5 gpu=3 to_type=5 to_id=0x0
jscs-backuppool-5090test-091606:188079:188517 [4] NCCL INFO [YT-TRACE] [TOPO] path link=10 bw=25 hops=5 gpu=3 to_type=5 to_id=0x0
jscs-backuppool-5090test-091606:188079:188517 [4] NCCL INFO [YT-TRACE] [TOPO] path link=10 bw=25 hops=5 gpu=3 to_type=5 to_id=0x0
jscs-backuppool-5090test-091606:188079:188517 [4] NCCL INFO [YT-TRACE] [TOPO] path link=10 bw=25 hops=5 gpu=3 to_type=5 to_id=0x0
jscs-backuppool-5090test-091606:188079:188517 [4] NCCL INFO [YT-TRACE] [TOPO] path link=0 bw=40 hops=5 gpu=3 peer=0
jscs-backuppool-5090test-091606:188079:188517 [4] NCCL INFO [YT-TRACE] [TOPO] path link=0 bw=40 hops=5 gpu=3 peer=1
jscs-backuppool-5090test-091606:188079:188517 [4] NCCL INFO [YT-TRACE] [TOPO] path link=0 bw=40 hops=5 gpu=3 peer=4
jscs-backuppool-5090test-091606:188079:188517 [4] NCCL INFO [YT-TRACE] [TOPO] path link=0 bw=40 hops=5 gpu=3 peer=5
jscs-backuppool-5090test-091606:188079:188517 [4] NCCL INFO [YT-TRACE] [TOPO] path link=0 bw=40 hops=5 gpu=3 peer=6
jscs-backuppool-5090test-091606:188079:188517 [4] NCCL INFO [YT-TRACE] [TOPO] path link=0 bw=40 hops=5 gpu=3 peer=7
jscs-backuppool-5090test-091606:188079:188517 [4] NCCL INFO [YT-TRACE] [TOPO] path link=0 bw=5000 hops=1 gpu=4 to_type=8 to_id=0x98000
jscs-backuppool-5090test-091606:188079:188517 [4] NCCL INFO [YT-TRACE] [TOPO] path link=4 bw=48 hops=2 gpu=4 to_type=3 to_id=0x2
jscs-backuppool-5090test-091606:188079:188517 [4] NCCL INFO [YT-TRACE] [TOPO] path link=4 bw=48 hops=3 gpu=4 to_type=8 to_id=0xa8000
jscs-backuppool-5090test-091606:188079:188517 [4] NCCL INFO [YT-TRACE] [TOPO] path link=4 bw=48 hops=3 gpu=4 to_type=8 to_id=0xb8000
jscs-backuppool-5090test-091606:188079:188517 [4] NCCL INFO [YT-TRACE] [TOPO] path link=9 bw=40 hops=3 gpu=4 to_type=3 to_id=0x0
jscs-backuppool-5090test-091606:188079:188517 [4] NCCL INFO [YT-TRACE] [TOPO] path link=9 bw=40 hops=3 gpu=4 to_type=3 to_id=0x1
jscs-backuppool-5090test-091606:188079:188517 [4] NCCL INFO [YT-TRACE] [TOPO] path link=9 bw=40 hops=3 gpu=4 to_type=3 to_id=0x3
jscs-backuppool-5090test-091606:188079:188517 [4] NCCL INFO [YT-TRACE] [TOPO] path link=0 bw=48 hops=4 gpu=4 peer=5
jscs-backuppool-5090test-091606:188079:188517 [4] NCCL INFO [YT-TRACE] [TOPO] path link=0 bw=48 hops=4 gpu=4 peer=6
jscs-backuppool-5090test-091606:188079:188517 [4] NCCL INFO [YT-TRACE] [TOPO] path link=4 bw=40 hops=4 gpu=4 to_type=4 to_id=0x0
jscs-backuppool-5090test-091606:188079:188517 [4] NCCL INFO [YT-TRACE] [TOPO] path link=4 bw=40 hops=4 gpu=4 to_type=8 to_id=0x27000
jscs-backuppool-5090test-091606:188079:188517 [4] NCCL INFO [YT-TRACE] [TOPO] path link=4 bw=40 hops=4 gpu=4 to_type=8 to_id=0x38000
jscs-backuppool-5090test-091606:188079:188517 [4] NCCL INFO [YT-TRACE] [TOPO] path link=4 bw=40 hops=4 gpu=4 to_type=8 to_id=0x49000
jscs-backuppool-5090test-091606:188079:188517 [4] NCCL INFO [YT-TRACE] [TOPO] path link=4 bw=40 hops=4 gpu=4 to_type=8 to_id=0x5a000
jscs-backuppool-5090test-091606:188079:188517 [4] NCCL INFO [YT-TRACE] [TOPO] path link=4 bw=40 hops=4 gpu=4 to_type=8 to_id=0xc8000
jscs-backuppool-5090test-091606:188079:188517 [4] NCCL INFO [YT-TRACE] [TOPO] path link=10 bw=25 hops=5 gpu=4 to_type=5 to_id=0x0
jscs-backuppool-5090test-091606:188079:188517 [4] NCCL INFO [YT-TRACE] [TOPO] path link=10 bw=25 hops=5 gpu=4 to_type=5 to_id=0x0
jscs-backuppool-5090test-091606:188079:188517 [4] NCCL INFO [YT-TRACE] [TOPO] path link=10 bw=25 hops=5 gpu=4 to_type=5 to_id=0x0
jscs-backuppool-5090test-091606:188079:188517 [4] NCCL INFO [YT-TRACE] [TOPO] path link=10 bw=25 hops=5 gpu=4 to_type=5 to_id=0x0
jscs-backuppool-5090test-091606:188079:188517 [4] NCCL INFO [YT-TRACE] [TOPO] path link=0 bw=40 hops=5 gpu=4 peer=0
jscs-backuppool-5090test-091606:188079:188517 [4] NCCL INFO [YT-TRACE] [TOPO] path link=0 bw=40 hops=5 gpu=4 peer=1
jscs-backuppool-5090test-091606:188079:188517 [4] NCCL INFO [YT-TRACE] [TOPO] path link=0 bw=40 hops=5 gpu=4 peer=2
jscs-backuppool-5090test-091606:188079:188517 [4] NCCL INFO [YT-TRACE] [TOPO] path link=0 bw=40 hops=5 gpu=4 peer=3
jscs-backuppool-5090test-091606:188079:188517 [4] NCCL INFO [YT-TRACE] [TOPO] path link=0 bw=40 hops=5 gpu=4 peer=7
jscs-backuppool-5090test-091606:188079:188517 [4] NCCL INFO [YT-TRACE] [TOPO] path link=0 bw=5000 hops=1 gpu=5 to_type=8 to_id=0xa8000
jscs-backuppool-5090test-091606:188079:188517 [4] NCCL INFO [YT-TRACE] [TOPO] path link=4 bw=48 hops=2 gpu=5 to_type=3 to_id=0x2
jscs-backuppool-5090test-091606:188079:188517 [4] NCCL INFO [YT-TRACE] [TOPO] path link=4 bw=48 hops=3 gpu=5 to_type=8 to_id=0x98000
jscs-backuppool-5090test-091606:188079:188517 [4] NCCL INFO [YT-TRACE] [TOPO] path link=4 bw=48 hops=3 gpu=5 to_type=8 to_id=0xb8000
jscs-backuppool-5090test-091606:188079:188517 [4] NCCL INFO [YT-TRACE] [TOPO] path link=9 bw=40 hops=3 gpu=5 to_type=3 to_id=0x0
jscs-backuppool-5090test-091606:188079:188517 [4] NCCL INFO [YT-TRACE] [TOPO] path link=9 bw=40 hops=3 gpu=5 to_type=3 to_id=0x1
jscs-backuppool-5090test-091606:188079:188514 [1] NCCL INFO [YT-TRACE] [TOPO] path link=0 bw=40 hops=5 gpu=0 peer=7
jscs-backuppool-5090test-091606:188079:188514 [1] NCCL INFO [YT-TRACE] [TOPO] path link=0 bw=5000 hops=1 gpu=1 to_type=8 to_id=0x38000
jscs-backuppool-5090test-091606:188079:188514 [1] NCCL INFO [YT-TRACE] [TOPO] path link=4 bw=48 hops=2 gpu=1 to_type=3 to_id=0x0
jscs-backuppool-5090test-091606:188079:188514 [1] NCCL INFO [YT-TRACE] [TOPO] path link=4 bw=48 hops=3 gpu=1 to_type=4 to_id=0x0
jscs-backuppool-5090test-091606:188079:188514 [1] NCCL INFO [YT-TRACE] [TOPO] path link=4 bw=48 hops=3 gpu=1 to_type=8 to_id=0x27000
jscs-backuppool-5090test-091606:188079:188514 [1] NCCL INFO [YT-TRACE] [TOPO] path link=9 bw=40 hops=3 gpu=1 to_type=3 to_id=0x1
jscs-backuppool-5090test-091606:188079:188514 [1] NCCL INFO [YT-TRACE] [TOPO] path link=9 bw=40 hops=3 gpu=1 to_type=3 to_id=0x2
jscs-backuppool-5090test-091606:188079:188517 [4] NCCL INFO [YT-TRACE] [TOPO] path link=9 bw=40 hops=3 gpu=5 to_type=3 to_id=0x3
jscs-backuppool-5090test-091606:188079:188517 [4] NCCL INFO [YT-TRACE] [TOPO] path link=0 bw=48 hops=4 gpu=5 peer=4
jscs-backuppool-5090test-091606:188079:188517 [4] NCCL INFO [YT-TRACE] [TOPO] path link=0 bw=48 hops=4 gpu=5 peer=6
jscs-backuppool-5090test-091606:188079:188517 [4] NCCL INFO [YT-TRACE] [TOPO] path link=4 bw=40 hops=4 gpu=5 to_type=4 to_id=0x0
jscs-backuppool-5090test-091606:188079:188517 [4] NCCL INFO [YT-TRACE] [TOPO] path link=4 bw=40 hops=4 gpu=5 to_type=8 to_id=0x27000
jscs-backuppool-5090test-091606:188079:188517 [4] NCCL INFO [YT-TRACE] [TOPO] path link=4 bw=40 hops=4 gpu=5 to_type=8 to_id=0x38000
jscs-backuppool-5090test-091606:188079:188517 [4] NCCL INFO [YT-TRACE] [TOPO] path link=4 bw=40 hops=4 gpu=5 to_type=8 to_id=0x49000
jscs-backuppool-5090test-091606:188079:188517 [4] NCCL INFO [YT-TRACE] [TOPO] path link=4 bw=40 hops=4 gpu=5 to_type=8 to_id=0x5a000
jscs-backuppool-5090test-091606:188079:188513 [0] NCCL INFO [YT-TRACE] [TOPO] path link=0 bw=40 hops=5 gpu=0 peer=4
jscs-backuppool-5090test-091606:188079:188517 [4] NCCL INFO [YT-TRACE] [TOPO] path link=4 bw=40 hops=4 gpu=5 to_type=8 to_id=0xc8000
jscs-backuppool-5090test-091606:188079:188517 [4] NCCL INFO [YT-TRACE] [TOPO] path link=10 bw=25 hops=5 gpu=5 to_type=5 to_id=0x0
jscs-backuppool-5090test-091606:188079:188514 [1] NCCL INFO [YT-TRACE] [TOPO] path link=9 bw=40 hops=3 gpu=1 to_type=3 to_id=0x3
jscs-backuppool-5090test-091606:188079:188514 [1] NCCL INFO [YT-TRACE] [TOPO] path link=10 bw=25 hops=4 gpu=1 to_type=5 to_id=0x0
jscs-backuppool-5090test-091606:188079:188514 [1] NCCL INFO [YT-TRACE] [TOPO] path link=10 bw=25 hops=4 gpu=1 to_type=5 to_id=0x0
jscs-backuppool-5090test-091606:188079:188517 [4] NCCL INFO [YT-TRACE] [TOPO] path link=10 bw=25 hops=5 gpu=5 to_type=5 to_id=0x0
jscs-backuppool-5090test-091606:188079:188517 [4] NCCL INFO [YT-TRACE] [TOPO] path link=10 bw=25 hops=5 gpu=5 to_type=5 to_id=0x0
jscs-backuppool-5090test-091606:188079:188517 [4] NCCL INFO [YT-TRACE] [TOPO] path link=10 bw=25 hops=5 gpu=5 to_type=5 to_id=0x0
jscs-backuppool-5090test-091606:188079:188517 [4] NCCL INFO [YT-TRACE] [TOPO] path link=0 bw=40 hops=5 gpu=5 peer=0
jscs-backuppool-5090test-091606:188079:188514 [1] NCCL INFO [YT-TRACE] [TOPO] path link=10 bw=25 hops=4 gpu=1 to_type=5 to_id=0x0
jscs-backuppool-5090test-091606:188079:188514 [1] NCCL INFO [YT-TRACE] [TOPO] path link=10 bw=25 hops=4 gpu=1 to_type=5 to_id=0x0
jscs-backuppool-5090test-091606:188079:188514 [1] NCCL INFO [YT-TRACE] [TOPO] path link=0 bw=48 hops=4 gpu=1 peer=0
jscs-backuppool-5090test-091606:188079:188517 [4] NCCL INFO [YT-TRACE] [TOPO] path link=0 bw=40 hops=5 gpu=5 peer=1
jscs-backuppool-5090test-091606:188079:188517 [4] NCCL INFO [YT-TRACE] [TOPO] path link=0 bw=40 hops=5 gpu=5 peer=2
jscs-backuppool-5090test-091606:188079:188517 [4] NCCL INFO [YT-TRACE] [TOPO] path link=0 bw=40 hops=5 gpu=5 peer=3
jscs-backuppool-5090test-091606:188079:188517 [4] NCCL INFO [YT-TRACE] [TOPO] path link=0 bw=40 hops=5 gpu=5 peer=7
jscs-backuppool-5090test-091606:188079:188517 [4] NCCL INFO [YT-TRACE] [TOPO] path link=0 bw=5000 hops=1 gpu=6 to_type=8 to_id=0xb8000
jscs-backuppool-5090test-091606:188079:188517 [4] NCCL INFO [YT-TRACE] [TOPO] path link=4 bw=48 hops=2 gpu=6 to_type=3 to_id=0x2
jscs-backuppool-5090test-091606:188079:188517 [4] NCCL INFO [YT-TRACE] [TOPO] path link=4 bw=48 hops=3 gpu=6 to_type=8 to_id=0x98000
jscs-backuppool-5090test-091606:188079:188517 [4] NCCL INFO [YT-TRACE] [TOPO] path link=4 bw=48 hops=3 gpu=6 to_type=8 to_id=0xa8000
jscs-backuppool-5090test-091606:188079:188517 [4] NCCL INFO [YT-TRACE] [TOPO] path link=9 bw=40 hops=3 gpu=6 to_type=3 to_id=0x0
jscs-backuppool-5090test-091606:188079:188514 [1] NCCL INFO [YT-TRACE] [TOPO] path link=4 bw=40 hops=4 gpu=1 to_type=8 to_id=0x49000
jscs-backuppool-5090test-091606:188079:188514 [1] NCCL INFO [YT-TRACE] [TOPO] path link=4 bw=40 hops=4 gpu=1 to_type=8 to_id=0x5a000
jscs-backuppool-5090test-091606:188079:188514 [1] NCCL INFO [YT-TRACE] [TOPO] path link=4 bw=40 hops=4 gpu=1 to_type=8 to_id=0x98000
jscs-backuppool-5090test-091606:188079:188517 [4] NCCL INFO [YT-TRACE] [TOPO] path link=9 bw=40 hops=3 gpu=6 to_type=3 to_id=0x1
jscs-backuppool-5090test-091606:188079:188517 [4] NCCL INFO [YT-TRACE] [TOPO] path link=9 bw=40 hops=3 gpu=6 to_type=3 to_id=0x3
jscs-backuppool-5090test-091606:188079:188517 [4] NCCL INFO [YT-TRACE] [TOPO] path link=0 bw=48 hops=4 gpu=6 peer=4
jscs-backuppool-5090test-091606:188079:188514 [1] NCCL INFO [YT-TRACE] [TOPO] path link=4 bw=40 hops=4 gpu=1 to_type=8 to_id=0xa8000
jscs-backuppool-5090test-091606:188079:188514 [1] NCCL INFO [YT-TRACE] [TOPO] path link=4 bw=40 hops=4 gpu=1 to_type=8 to_id=0xb8000
jscs-backuppool-5090test-091606:188079:188514 [1] NCCL INFO [YT-TRACE] [TOPO] path link=4 bw=40 hops=4 gpu=1 to_type=8 to_id=0xc8000
jscs-backuppool-5090test-091606:188079:188517 [4] NCCL INFO [YT-TRACE] [TOPO] path link=0 bw=48 hops=4 gpu=6 peer=5
jscs-backuppool-5090test-091606:188079:188517 [4] NCCL INFO [YT-TRACE] [TOPO] path link=4 bw=40 hops=4 gpu=6 to_type=4 to_id=0x0
jscs-backuppool-5090test-091606:188079:188517 [4] NCCL INFO [YT-TRACE] [TOPO] path link=4 bw=40 hops=4 gpu=6 to_type=8 to_id=0x27000
jscs-backuppool-5090test-091606:188079:188517 [4] NCCL INFO [YT-TRACE] [TOPO] path link=4 bw=40 hops=4 gpu=6 to_type=8 to_id=0x38000
jscs-backuppool-5090test-091606:188079:188517 [4] NCCL INFO [YT-TRACE] [TOPO] path link=4 bw=40 hops=4 gpu=6 to_type=8 to_id=0x49000
jscs-backuppool-5090test-091606:188079:188517 [4] NCCL INFO [YT-TRACE] [TOPO] path link=4 bw=40 hops=4 gpu=6 to_type=8 to_id=0x5a000
jscs-backuppool-5090test-091606:188079:188514 [1] NCCL INFO [YT-TRACE] [TOPO] path link=0 bw=40 hops=5 gpu=1 peer=2
jscs-backuppool-5090test-091606:188079:188514 [1] NCCL INFO [YT-TRACE] [TOPO] path link=0 bw=40 hops=5 gpu=1 peer=3
jscs-backuppool-5090test-091606:188079:188514 [1] NCCL INFO [YT-TRACE] [TOPO] path link=0 bw=40 hops=5 gpu=1 peer=4
jscs-backuppool-5090test-091606:188079:188514 [1] NCCL INFO [YT-TRACE] [TOPO] path link=0 bw=40 hops=5 gpu=1 peer=5
jscs-backuppool-5090test-091606:188079:188514 [1] NCCL INFO [YT-TRACE] [TOPO] path link=0 bw=40 hops=5 gpu=1 peer=6
jscs-backuppool-5090test-091606:188079:188514 [1] NCCL INFO [YT-TRACE] [TOPO] path link=0 bw=40 hops=5 gpu=1 peer=7
jscs-backuppool-5090test-091606:188079:188520 [6] NCCL INFO [YT-TRACE] [TOPO] path link=0 bw=40 hops=5 gpu=0 peer=2
jscs-backuppool-5090test-091606:188079:188517 [4] NCCL INFO [YT-TRACE] [TOPO] path link=4 bw=40 hops=4 gpu=6 to_type=8 to_id=0xc8000
jscs-backuppool-5090test-091606:188079:188517 [4] NCCL INFO [YT-TRACE] [TOPO] path link=10 bw=25 hops=5 gpu=6 to_type=5 to_id=0x0
jscs-backuppool-5090test-091606:188079:188517 [4] NCCL INFO [YT-TRACE] [TOPO] path link=10 bw=25 hops=5 gpu=6 to_type=5 to_id=0x0
jscs-backuppool-5090test-091606:188079:188514 [1] NCCL INFO [YT-TRACE] [TOPO] path link=0 bw=5000 hops=1 gpu=2 to_type=8 to_id=0x49000
jscs-backuppool-5090test-091606:188079:188514 [1] NCCL INFO [YT-TRACE] [TOPO] path link=4 bw=48 hops=2 gpu=2 to_type=3 to_id=0x1
jscs-backuppool-5090test-091606:188079:188514 [1] NCCL INFO [YT-TRACE] [TOPO] path link=4 bw=48 hops=3 gpu=2 to_type=8 to_id=0x5a000
jscs-backuppool-5090test-091606:188079:188514 [1] NCCL INFO [YT-TRACE] [TOPO] path link=9 bw=40 hops=3 gpu=2 to_type=3 to_id=0x0
jscs-backuppool-5090test-091606:188079:188514 [1] NCCL INFO [YT-TRACE] [TOPO] path link=9 bw=40 hops=3 gpu=2 to_type=3 to_id=0x2
jscs-backuppool-5090test-091606:188079:188517 [4] NCCL INFO [YT-TRACE] [TOPO] path link=10 bw=25 hops=5 gpu=6 to_type=5 to_id=0x0
jscs-backuppool-5090test-091606:188079:188517 [4] NCCL INFO [YT-TRACE] [TOPO] path link=10 bw=25 hops=5 gpu=6 to_type=5 to_id=0x0
jscs-backuppool-5090test-091606:188079:188517 [4] NCCL INFO [YT-TRACE] [TOPO] path link=0 bw=40 hops=5 gpu=6 peer=0
jscs-backuppool-5090test-091606:188079:188517 [4] NCCL INFO [YT-TRACE] [TOPO] path link=0 bw=40 hops=5 gpu=6 peer=1
jscs-backuppool-5090test-091606:188079:188517 [4] NCCL INFO [YT-TRACE] [TOPO] path link=0 bw=40 hops=5 gpu=6 peer=2
jscs-backuppool-5090test-091606:188079:188514 [1] NCCL INFO [YT-TRACE] [TOPO] path link=9 bw=40 hops=3 gpu=2 to_type=3 to_id=0x3
jscs-backuppool-5090test-091606:188079:188514 [1] NCCL INFO [YT-TRACE] [TOPO] path link=0 bw=48 hops=4 gpu=2 peer=3
jscs-backuppool-5090test-091606:188079:188514 [1] NCCL INFO [YT-TRACE] [TOPO] path link=4 bw=40 hops=4 gpu=2 to_type=4 to_id=0x0
jscs-backuppool-5090test-091606:188079:188517 [4] NCCL INFO [YT-TRACE] [TOPO] path link=0 bw=40 hops=5 gpu=6 peer=3
jscs-backuppool-5090test-091606:188079:188517 [4] NCCL INFO [YT-TRACE] [TOPO] path link=0 bw=40 hops=5 gpu=6 peer=7
jscs-backuppool-5090test-091606:188079:188517 [4] NCCL INFO [YT-TRACE] [TOPO] path link=0 bw=5000 hops=1 gpu=7 to_type=8 to_id=0xc8000
jscs-backuppool-5090test-091606:188079:188514 [1] NCCL INFO [YT-TRACE] [TOPO] path link=4 bw=40 hops=4 gpu=2 to_type=8 to_id=0x27000
jscs-backuppool-5090test-091606:188079:188518 [5] NCCL INFO [YT-TRACE] [TOPO] path link=0 bw=40 hops=5 gpu=0 peer=4
jscs-backuppool-5090test-091606:188079:188517 [4] NCCL INFO [YT-TRACE] [TOPO] path link=4 bw=48 hops=2 gpu=7 to_type=3 to_id=0x3
jscs-backuppool-5090test-091606:188079:188517 [4] NCCL INFO [YT-TRACE] [TOPO] path link=9 bw=40 hops=3 gpu=7 to_type=3 to_id=0x0
jscs-backuppool-5090test-091606:188079:188517 [4] NCCL INFO [YT-TRACE] [TOPO] path link=9 bw=40 hops=3 gpu=7 to_type=3 to_id=0x1
jscs-backuppool-5090test-091606:188079:188517 [4] NCCL INFO [YT-TRACE] [TOPO] path link=9 bw=40 hops=3 gpu=7 to_type=3 to_id=0x2
jscs-backuppool-5090test-091606:188079:188517 [4] NCCL INFO [YT-TRACE] [TOPO] path link=4 bw=40 hops=4 gpu=7 to_type=4 to_id=0x0
jscs-backuppool-5090test-091606:188079:188517 [4] NCCL INFO [YT-TRACE] [TOPO] path link=4 bw=40 hops=4 gpu=7 to_type=8 to_id=0x27000
jscs-backuppool-5090test-091606:188079:188514 [1] NCCL INFO [YT-TRACE] [TOPO] path link=4 bw=40 hops=4 gpu=2 to_type=8 to_id=0x38000
jscs-backuppool-5090test-091606:188079:188514 [1] NCCL INFO [YT-TRACE] [TOPO] path link=4 bw=40 hops=4 gpu=2 to_type=8 to_id=0x98000
jscs-backuppool-5090test-091606:188079:188514 [1] NCCL INFO [YT-TRACE] [TOPO] path link=4 bw=40 hops=4 gpu=2 to_type=8 to_id=0xa8000
jscs-backuppool-5090test-091606:188079:188514 [1] NCCL INFO [YT-TRACE] [TOPO] path link=4 bw=40 hops=4 gpu=2 to_type=8 to_id=0xb8000
jscs-backuppool-5090test-091606:188079:188514 [1] NCCL INFO [YT-TRACE] [TOPO] path link=4 bw=40 hops=4 gpu=2 to_type=8 to_id=0xc8000
jscs-backuppool-5090test-091606:188079:188514 [1] NCCL INFO [YT-TRACE] [TOPO] path link=10 bw=25 hops=5 gpu=2 to_type=5 to_id=0x0
jscs-backuppool-5090test-091606:188079:188514 [1] NCCL INFO [YT-TRACE] [TOPO] path link=10 bw=25 hops=5 gpu=2 to_type=5 to_id=0x0
jscs-backuppool-5090test-091606:188079:188514 [1] NCCL INFO [YT-TRACE] [TOPO] path link=10 bw=25 hops=5 gpu=2 to_type=5 to_id=0x0
jscs-backuppool-5090test-091606:188079:188514 [1] NCCL INFO [YT-TRACE] [TOPO] path link=10 bw=25 hops=5 gpu=2 to_type=5 to_id=0x0
jscs-backuppool-5090test-091606:188079:188514 [1] NCCL INFO [YT-TRACE] [TOPO] path link=0 bw=40 hops=5 gpu=2 peer=0
jscs-backuppool-5090test-091606:188079:188514 [1] NCCL INFO [YT-TRACE] [TOPO] path link=0 bw=40 hops=5 gpu=2 peer=1
jscs-backuppool-5090test-091606:188079:188514 [1] NCCL INFO [YT-TRACE] [TOPO] path link=0 bw=40 hops=5 gpu=2 peer=4
jscs-backuppool-5090test-091606:188079:188514 [1] NCCL INFO [YT-TRACE] [TOPO] path link=0 bw=40 hops=5 gpu=2 peer=5
jscs-backuppool-5090test-091606:188079:188514 [1] NCCL INFO [YT-TRACE] [TOPO] path link=0 bw=40 hops=5 gpu=2 peer=6
jscs-backuppool-5090test-091606:188079:188514 [1] NCCL INFO [YT-TRACE] [TOPO] path link=0 bw=40 hops=5 gpu=2 peer=7
jscs-backuppool-5090test-091606:188079:188514 [1] NCCL INFO [YT-TRACE] [TOPO] path link=0 bw=5000 hops=1 gpu=3 to_type=8 to_id=0x5a000
jscs-backuppool-5090test-091606:188079:188514 [1] NCCL INFO [YT-TRACE] [TOPO] path link=4 bw=48 hops=2 gpu=3 to_type=3 to_id=0x1
jscs-backuppool-5090test-091606:188079:188514 [1] NCCL INFO [YT-TRACE] [TOPO] path link=4 bw=48 hops=3 gpu=3 to_type=8 to_id=0x49000
jscs-backuppool-5090test-091606:188079:188517 [4] NCCL INFO [YT-TRACE] [TOPO] path link=4 bw=40 hops=4 gpu=7 to_type=8 to_id=0x38000
jscs-backuppool-5090test-091606:188079:188517 [4] NCCL INFO [YT-TRACE] [TOPO] path link=4 bw=40 hops=4 gpu=7 to_type=8 to_id=0x49000
jscs-backuppool-5090test-091606:188079:188517 [4] NCCL INFO [YT-TRACE] [TOPO] path link=4 bw=40 hops=4 gpu=7 to_type=8 to_id=0x5a000
jscs-backuppool-5090test-091606:188079:188517 [4] NCCL INFO [YT-TRACE] [TOPO] path link=4 bw=40 hops=4 gpu=7 to_type=8 to_id=0x98000
jscs-backuppool-5090test-091606:188079:188517 [4] NCCL INFO [YT-TRACE] [TOPO] path link=4 bw=40 hops=4 gpu=7 to_type=8 to_id=0xa8000
jscs-backuppool-5090test-091606:188079:188517 [4] NCCL INFO [YT-TRACE] [TOPO] path link=4 bw=40 hops=4 gpu=7 to_type=8 to_id=0xb8000
jscs-backuppool-5090test-091606:188079:188516 [3] NCCL INFO [YT-TRACE] [TOPO] path link=0 bw=40 hops=5 gpu=0 peer=3
jscs-backuppool-5090test-091606:188079:188517 [4] NCCL INFO [YT-TRACE] [TOPO] path link=10 bw=25 hops=5 gpu=7 to_type=5 to_id=0x0
jscs-backuppool-5090test-091606:188079:188517 [4] NCCL INFO [YT-TRACE] [TOPO] path link=10 bw=25 hops=5 gpu=7 to_type=5 to_id=0x0
jscs-backuppool-5090test-091606:188079:188517 [4] NCCL INFO [YT-TRACE] [TOPO] path link=10 bw=25 hops=5 gpu=7 to_type=5 to_id=0x0
jscs-backuppool-5090test-091606:188079:188517 [4] NCCL INFO [YT-TRACE] [TOPO] path link=10 bw=25 hops=5 gpu=7 to_type=5 to_id=0x0
jscs-backuppool-5090test-091606:188079:188517 [4] NCCL INFO [YT-TRACE] [TOPO] path link=0 bw=40 hops=5 gpu=7 peer=0
jscs-backuppool-5090test-091606:188079:188517 [4] NCCL INFO [YT-TRACE] [TOPO] path link=0 bw=40 hops=5 gpu=7 peer=1
jscs-backuppool-5090test-091606:188079:188517 [4] NCCL INFO [YT-TRACE] [TOPO] path link=0 bw=40 hops=5 gpu=7 peer=2
jscs-backuppool-5090test-091606:188079:188517 [4] NCCL INFO [YT-TRACE] [TOPO] path link=0 bw=40 hops=5 gpu=7 peer=3
jscs-backuppool-5090test-091606:188079:188514 [1] NCCL INFO [YT-TRACE] [TOPO] path link=9 bw=40 hops=3 gpu=3 to_type=3 to_id=0x0
jscs-backuppool-5090test-091606:188079:188514 [1] NCCL INFO [YT-TRACE] [TOPO] path link=9 bw=40 hops=3 gpu=3 to_type=3 to_id=0x2
jscs-backuppool-5090test-091606:188079:188514 [1] NCCL INFO [YT-TRACE] [TOPO] path link=9 bw=40 hops=3 gpu=3 to_type=3 to_id=0x3
jscs-backuppool-5090test-091606:188079:188517 [4] NCCL INFO [YT-TRACE] [TOPO] path link=0 bw=40 hops=5 gpu=7 peer=4
jscs-backuppool-5090test-091606:188079:188517 [4] NCCL INFO [YT-TRACE] [TOPO] path link=0 bw=40 hops=5 gpu=7 peer=5
jscs-backuppool-5090test-091606:188079:188517 [4] NCCL INFO [YT-TRACE] [TOPO] path link=0 bw=40 hops=5 gpu=7 peer=6
jscs-backuppool-5090test-091606:188079:188514 [1] NCCL INFO [YT-TRACE] [TOPO] path link=0 bw=48 hops=4 gpu=3 peer=2
jscs-backuppool-5090test-091606:188079:188514 [1] NCCL INFO [YT-TRACE] [TOPO] path link=4 bw=40 hops=4 gpu=3 to_type=4 to_id=0x0
jscs-backuppool-5090test-091606:188079:188514 [1] NCCL INFO [YT-TRACE] [TOPO] path link=4 bw=40 hops=4 gpu=3 to_type=8 to_id=0x27000
jscs-backuppool-5090test-091606:188079:188514 [1] NCCL INFO [YT-TRACE] [TOPO] path link=4 bw=40 hops=4 gpu=3 to_type=8 to_id=0x38000
jscs-backuppool-5090test-091606:188079:188514 [1] NCCL INFO [YT-TRACE] [TOPO] path link=4 bw=40 hops=4 gpu=3 to_type=8 to_id=0x98000
jscs-backuppool-5090test-091606:188079:188514 [1] NCCL INFO [YT-TRACE] [TOPO] path link=4 bw=40 hops=4 gpu=3 to_type=8 to_id=0xa8000
jscs-backuppool-5090test-091606:188079:188514 [1] NCCL INFO [YT-TRACE] [TOPO] path link=4 bw=40 hops=4 gpu=3 to_type=8 to_id=0xb8000
jscs-backuppool-5090test-091606:188079:188514 [1] NCCL INFO [YT-TRACE] [TOPO] path link=4 bw=40 hops=4 gpu=3 to_type=8 to_id=0xc8000
jscs-backuppool-5090test-091606:188079:188514 [1] NCCL INFO [YT-TRACE] [TOPO] path link=10 bw=25 hops=5 gpu=3 to_type=5 to_id=0x0
jscs-backuppool-5090test-091606:188079:188514 [1] NCCL INFO [YT-TRACE] [TOPO] path link=10 bw=25 hops=5 gpu=3 to_type=5 to_id=0x0
jscs-backuppool-5090test-091606:188079:188514 [1] NCCL INFO [YT-TRACE] [TOPO] path link=10 bw=25 hops=5 gpu=3 to_type=5 to_id=0x0
jscs-backuppool-5090test-091606:188079:188514 [1] NCCL INFO [YT-TRACE] [TOPO] path link=10 bw=25 hops=5 gpu=3 to_type=5 to_id=0x0
jscs-backuppool-5090test-091606:188079:188514 [1] NCCL INFO [YT-TRACE] [TOPO] path link=0 bw=40 hops=5 gpu=3 peer=0
jscs-backuppool-5090test-091606:188079:188514 [1] NCCL INFO [YT-TRACE] [TOPO] path link=0 bw=40 hops=5 gpu=3 peer=1
jscs-backuppool-5090test-091606:188079:188514 [1] NCCL INFO [YT-TRACE] [TOPO] path link=0 bw=40 hops=5 gpu=3 peer=4
jscs-backuppool-5090test-091606:188079:188514 [1] NCCL INFO [YT-TRACE] [TOPO] path link=0 bw=40 hops=5 gpu=3 peer=5
jscs-backuppool-5090test-091606:188079:188514 [1] NCCL INFO [YT-TRACE] [TOPO] path link=0 bw=40 hops=5 gpu=3 peer=6
jscs-backuppool-5090test-091606:188079:188514 [1] NCCL INFO [YT-TRACE] [TOPO] path link=0 bw=40 hops=5 gpu=3 peer=7
jscs-backuppool-5090test-091606:188079:188514 [1] NCCL INFO [YT-TRACE] [TOPO] path link=0 bw=5000 hops=1 gpu=4 to_type=8 to_id=0x98000
jscs-backuppool-5090test-091606:188079:188514 [1] NCCL INFO [YT-TRACE] [TOPO] path link=4 bw=48 hops=2 gpu=4 to_type=3 to_id=0x2
jscs-backuppool-5090test-091606:188079:188514 [1] NCCL INFO [YT-TRACE] [TOPO] path link=4 bw=48 hops=3 gpu=4 to_type=8 to_id=0xa8000
jscs-backuppool-5090test-091606:188079:188514 [1] NCCL INFO [YT-TRACE] [TOPO] path link=4 bw=48 hops=3 gpu=4 to_type=8 to_id=0xb8000
jscs-backuppool-5090test-091606:188079:188514 [1] NCCL INFO [YT-TRACE] [TOPO] path link=9 bw=40 hops=3 gpu=4 to_type=3 to_id=0x0
jscs-backuppool-5090test-091606:188079:188514 [1] NCCL INFO [YT-TRACE] [TOPO] path link=9 bw=40 hops=3 gpu=4 to_type=3 to_id=0x1
jscs-backuppool-5090test-091606:188079:188514 [1] NCCL INFO [YT-TRACE] [TOPO] path link=9 bw=40 hops=3 gpu=4 to_type=3 to_id=0x3
jscs-backuppool-5090test-091606:188079:188514 [1] NCCL INFO [YT-TRACE] [TOPO] path link=0 bw=48 hops=4 gpu=4 peer=5
jscs-backuppool-5090test-091606:188079:188514 [1] NCCL INFO [YT-TRACE] [TOPO] path link=0 bw=48 hops=4 gpu=4 peer=6
jscs-backuppool-5090test-091606:188079:188514 [1] NCCL INFO [YT-TRACE] [TOPO] path link=4 bw=40 hops=4 gpu=4 to_type=4 to_id=0x0
jscs-backuppool-5090test-091606:188079:188514 [1] NCCL INFO [YT-TRACE] [TOPO] path link=4 bw=40 hops=4 gpu=4 to_type=8 to_id=0x27000
jscs-backuppool-5090test-091606:188079:188514 [1] NCCL INFO [YT-TRACE] [TOPO] path link=4 bw=40 hops=4 gpu=4 to_type=8 to_id=0x38000
jscs-backuppool-5090test-091606:188079:188514 [1] NCCL INFO [YT-TRACE] [TOPO] path link=4 bw=40 hops=4 gpu=4 to_type=8 to_id=0x49000
jscs-backuppool-5090test-091606:188079:188514 [1] NCCL INFO [YT-TRACE] [TOPO] path link=4 bw=40 hops=4 gpu=4 to_type=8 to_id=0x5a000
jscs-backuppool-5090test-091606:188079:188514 [1] NCCL INFO [YT-TRACE] [TOPO] path link=4 bw=40 hops=4 gpu=4 to_type=8 to_id=0xc8000
jscs-backuppool-5090test-091606:188079:188514 [1] NCCL INFO [YT-TRACE] [TOPO] path link=10 bw=25 hops=5 gpu=4 to_type=5 to_id=0x0
jscs-backuppool-5090test-091606:188079:188514 [1] NCCL INFO [YT-TRACE] [TOPO] path link=10 bw=25 hops=5 gpu=4 to_type=5 to_id=0x0
jscs-backuppool-5090test-091606:188079:188514 [1] NCCL INFO [YT-TRACE] [TOPO] path link=10 bw=25 hops=5 gpu=4 to_type=5 to_id=0x0
jscs-backuppool-5090test-091606:188079:188514 [1] NCCL INFO [YT-TRACE] [TOPO] path link=10 bw=25 hops=5 gpu=4 to_type=5 to_id=0x0
jscs-backuppool-5090test-091606:188079:188514 [1] NCCL INFO [YT-TRACE] [TOPO] path link=0 bw=40 hops=5 gpu=4 peer=0
jscs-backuppool-5090test-091606:188079:188514 [1] NCCL INFO [YT-TRACE] [TOPO] path link=0 bw=40 hops=5 gpu=4 peer=1
jscs-backuppool-5090test-091606:188079:188514 [1] NCCL INFO [YT-TRACE] [TOPO] path link=0 bw=40 hops=5 gpu=4 peer=2
jscs-backuppool-5090test-091606:188079:188514 [1] NCCL INFO [YT-TRACE] [TOPO] path link=0 bw=40 hops=5 gpu=4 peer=3
jscs-backuppool-5090test-091606:188079:188514 [1] NCCL INFO [YT-TRACE] [TOPO] path link=0 bw=40 hops=5 gpu=4 peer=7
jscs-backuppool-5090test-091606:188079:188514 [1] NCCL INFO [YT-TRACE] [TOPO] path link=0 bw=5000 hops=1 gpu=5 to_type=8 to_id=0xa8000
jscs-backuppool-5090test-091606:188079:188514 [1] NCCL INFO [YT-TRACE] [TOPO] path link=4 bw=48 hops=2 gpu=5 to_type=3 to_id=0x2
jscs-backuppool-5090test-091606:188079:188514 [1] NCCL INFO [YT-TRACE] [TOPO] path link=4 bw=48 hops=3 gpu=5 to_type=8 to_id=0x98000
jscs-backuppool-5090test-091606:188079:188514 [1] NCCL INFO [YT-TRACE] [TOPO] path link=4 bw=48 hops=3 gpu=5 to_type=8 to_id=0xb8000
jscs-backuppool-5090test-091606:188079:188514 [1] NCCL INFO [YT-TRACE] [TOPO] path link=9 bw=40 hops=3 gpu=5 to_type=3 to_id=0x0
jscs-backuppool-5090test-091606:188079:188514 [1] NCCL INFO [YT-TRACE] [TOPO] path link=9 bw=40 hops=3 gpu=5 to_type=3 to_id=0x1
jscs-backuppool-5090test-091606:188079:188514 [1] NCCL INFO [YT-TRACE] [TOPO] path link=9 bw=40 hops=3 gpu=5 to_type=3 to_id=0x3
jscs-backuppool-5090test-091606:188079:188514 [1] NCCL INFO [YT-TRACE] [TOPO] path link=0 bw=48 hops=4 gpu=5 peer=4
jscs-backuppool-5090test-091606:188079:188514 [1] NCCL INFO [YT-TRACE] [TOPO] path link=0 bw=48 hops=4 gpu=5 peer=6
jscs-backuppool-5090test-091606:188079:188514 [1] NCCL INFO [YT-TRACE] [TOPO] path link=4 bw=40 hops=4 gpu=5 to_type=4 to_id=0x0
jscs-backuppool-5090test-091606:188079:188514 [1] NCCL INFO [YT-TRACE] [TOPO] path link=4 bw=40 hops=4 gpu=5 to_type=8 to_id=0x27000
jscs-backuppool-5090test-091606:188079:188514 [1] NCCL INFO [YT-TRACE] [TOPO] path link=4 bw=40 hops=4 gpu=5 to_type=8 to_id=0x38000
jscs-backuppool-5090test-091606:188079:188514 [1] NCCL INFO [YT-TRACE] [TOPO] path link=4 bw=40 hops=4 gpu=5 to_type=8 to_id=0x49000
jscs-backuppool-5090test-091606:188079:188514 [1] NCCL INFO [YT-TRACE] [TOPO] path link=4 bw=40 hops=4 gpu=5 to_type=8 to_id=0x5a000
jscs-backuppool-5090test-091606:188079:188514 [1] NCCL INFO [YT-TRACE] [TOPO] path link=4 bw=40 hops=4 gpu=5 to_type=8 to_id=0xc8000
jscs-backuppool-5090test-091606:188079:188514 [1] NCCL INFO [YT-TRACE] [TOPO] path link=10 bw=25 hops=5 gpu=5 to_type=5 to_id=0x0
jscs-backuppool-5090test-091606:188079:188514 [1] NCCL INFO [YT-TRACE] [TOPO] path link=10 bw=25 hops=5 gpu=5 to_type=5 to_id=0x0
jscs-backuppool-5090test-091606:188079:188514 [1] NCCL INFO [YT-TRACE] [TOPO] path link=10 bw=25 hops=5 gpu=5 to_type=5 to_id=0x0
jscs-backuppool-5090test-091606:188079:188514 [1] NCCL INFO [YT-TRACE] [TOPO] path link=10 bw=25 hops=5 gpu=5 to_type=5 to_id=0x0
jscs-backuppool-5090test-091606:188079:188514 [1] NCCL INFO [YT-TRACE] [TOPO] path link=0 bw=40 hops=5 gpu=5 peer=0
jscs-backuppool-5090test-091606:188079:188514 [1] NCCL INFO [YT-TRACE] [TOPO] path link=0 bw=40 hops=5 gpu=5 peer=1
jscs-backuppool-5090test-091606:188079:188514 [1] NCCL INFO [YT-TRACE] [TOPO] path link=0 bw=40 hops=5 gpu=5 peer=2
jscs-backuppool-5090test-091606:188079:188514 [1] NCCL INFO [YT-TRACE] [TOPO] path link=0 bw=40 hops=5 gpu=5 peer=3
jscs-backuppool-5090test-091606:188079:188514 [1] NCCL INFO [YT-TRACE] [TOPO] path link=0 bw=40 hops=5 gpu=5 peer=7
jscs-backuppool-5090test-091606:188079:188514 [1] NCCL INFO [YT-TRACE] [TOPO] path link=0 bw=5000 hops=1 gpu=6 to_type=8 to_id=0xb8000
jscs-backuppool-5090test-091606:188079:188514 [1] NCCL INFO [YT-TRACE] [TOPO] path link=4 bw=48 hops=2 gpu=6 to_type=3 to_id=0x2
jscs-backuppool-5090test-091606:188079:188514 [1] NCCL INFO [YT-TRACE] [TOPO] path link=4 bw=48 hops=3 gpu=6 to_type=8 to_id=0x98000
jscs-backuppool-5090test-091606:188079:188514 [1] NCCL INFO [YT-TRACE] [TOPO] path link=4 bw=48 hops=3 gpu=6 to_type=8 to_id=0xa8000
jscs-backuppool-5090test-091606:188079:188514 [1] NCCL INFO [YT-TRACE] [TOPO] path link=9 bw=40 hops=3 gpu=6 to_type=3 to_id=0x0
jscs-backuppool-5090test-091606:188079:188514 [1] NCCL INFO [YT-TRACE] [TOPO] path link=9 bw=40 hops=3 gpu=6 to_type=3 to_id=0x1
jscs-backuppool-5090test-091606:188079:188514 [1] NCCL INFO [YT-TRACE] [TOPO] path link=9 bw=40 hops=3 gpu=6 to_type=3 to_id=0x3
jscs-backuppool-5090test-091606:188079:188514 [1] NCCL INFO [YT-TRACE] [TOPO] path link=0 bw=48 hops=4 gpu=6 peer=4
jscs-backuppool-5090test-091606:188079:188514 [1] NCCL INFO [YT-TRACE] [TOPO] path link=0 bw=48 hops=4 gpu=6 peer=5
jscs-backuppool-5090test-091606:188079:188514 [1] NCCL INFO [YT-TRACE] [TOPO] path link=4 bw=40 hops=4 gpu=6 to_type=4 to_id=0x0
jscs-backuppool-5090test-091606:188079:188514 [1] NCCL INFO [YT-TRACE] [TOPO] path link=4 bw=40 hops=4 gpu=6 to_type=8 to_id=0x27000
jscs-backuppool-5090test-091606:188079:188514 [1] NCCL INFO [YT-TRACE] [TOPO] path link=4 bw=40 hops=4 gpu=6 to_type=8 to_id=0x38000
jscs-backuppool-5090test-091606:188079:188514 [1] NCCL INFO [YT-TRACE] [TOPO] path link=4 bw=40 hops=4 gpu=6 to_type=8 to_id=0x49000
jscs-backuppool-5090test-091606:188079:188514 [1] NCCL INFO [YT-TRACE] [TOPO] path link=4 bw=40 hops=4 gpu=6 to_type=8 to_id=0x5a000
jscs-backuppool-5090test-091606:188079:188514 [1] NCCL INFO [YT-TRACE] [TOPO] path link=4 bw=40 hops=4 gpu=6 to_type=8 to_id=0xc8000
jscs-backuppool-5090test-091606:188079:188514 [1] NCCL INFO [YT-TRACE] [TOPO] path link=10 bw=25 hops=5 gpu=6 to_type=5 to_id=0x0
jscs-backuppool-5090test-091606:188079:188514 [1] NCCL INFO [YT-TRACE] [TOPO] path link=10 bw=25 hops=5 gpu=6 to_type=5 to_id=0x0
jscs-backuppool-5090test-091606:188079:188514 [1] NCCL INFO [YT-TRACE] [TOPO] path link=10 bw=25 hops=5 gpu=6 to_type=5 to_id=0x0
jscs-backuppool-5090test-091606:188079:188514 [1] NCCL INFO [YT-TRACE] [TOPO] path link=10 bw=25 hops=5 gpu=6 to_type=5 to_id=0x0
jscs-backuppool-5090test-091606:188079:188514 [1] NCCL INFO [YT-TRACE] [TOPO] path link=0 bw=40 hops=5 gpu=6 peer=0
jscs-backuppool-5090test-091606:188079:188514 [1] NCCL INFO [YT-TRACE] [TOPO] path link=0 bw=40 hops=5 gpu=6 peer=1
jscs-backuppool-5090test-091606:188079:188514 [1] NCCL INFO [YT-TRACE] [TOPO] path link=0 bw=40 hops=5 gpu=6 peer=2
jscs-backuppool-5090test-091606:188079:188514 [1] NCCL INFO [YT-TRACE] [TOPO] path link=0 bw=40 hops=5 gpu=6 peer=3
jscs-backuppool-5090test-091606:188079:188514 [1] NCCL INFO [YT-TRACE] [TOPO] path link=0 bw=40 hops=5 gpu=6 peer=7
jscs-backuppool-5090test-091606:188079:188514 [1] NCCL INFO [YT-TRACE] [TOPO] path link=0 bw=5000 hops=1 gpu=7 to_type=8 to_id=0xc8000
jscs-backuppool-5090test-091606:188079:188514 [1] NCCL INFO [YT-TRACE] [TOPO] path link=4 bw=48 hops=2 gpu=7 to_type=3 to_id=0x3
jscs-backuppool-5090test-091606:188079:188514 [1] NCCL INFO [YT-TRACE] [TOPO] path link=9 bw=40 hops=3 gpu=7 to_type=3 to_id=0x0
jscs-backuppool-5090test-091606:188079:188514 [1] NCCL INFO [YT-TRACE] [TOPO] path link=9 bw=40 hops=3 gpu=7 to_type=3 to_id=0x1
jscs-backuppool-5090test-091606:188079:188514 [1] NCCL INFO [YT-TRACE] [TOPO] path link=9 bw=40 hops=3 gpu=7 to_type=3 to_id=0x2
jscs-backuppool-5090test-091606:188079:188514 [1] NCCL INFO [YT-TRACE] [TOPO] path link=4 bw=40 hops=4 gpu=7 to_type=4 to_id=0x0
jscs-backuppool-5090test-091606:188079:188514 [1] NCCL INFO [YT-TRACE] [TOPO] path link=4 bw=40 hops=4 gpu=7 to_type=8 to_id=0x27000
jscs-backuppool-5090test-091606:188079:188514 [1] NCCL INFO [YT-TRACE] [TOPO] path link=4 bw=40 hops=4 gpu=7 to_type=8 to_id=0x38000
jscs-backuppool-5090test-091606:188079:188514 [1] NCCL INFO [YT-TRACE] [TOPO] path link=4 bw=40 hops=4 gpu=7 to_type=8 to_id=0x49000
jscs-backuppool-5090test-091606:188079:188514 [1] NCCL INFO [YT-TRACE] [TOPO] path link=4 bw=40 hops=4 gpu=7 to_type=8 to_id=0x5a000
jscs-backuppool-5090test-091606:188079:188514 [1] NCCL INFO [YT-TRACE] [TOPO] path link=4 bw=40 hops=4 gpu=7 to_type=8 to_id=0x98000
jscs-backuppool-5090test-091606:188079:188514 [1] NCCL INFO [YT-TRACE] [TOPO] path link=4 bw=40 hops=4 gpu=7 to_type=8 to_id=0xa8000
jscs-backuppool-5090test-091606:188079:188514 [1] NCCL INFO [YT-TRACE] [TOPO] path link=4 bw=40 hops=4 gpu=7 to_type=8 to_id=0xb8000
jscs-backuppool-5090test-091606:188079:188514 [1] NCCL INFO [YT-TRACE] [TOPO] path link=10 bw=25 hops=5 gpu=7 to_type=5 to_id=0x0
jscs-backuppool-5090test-091606:188079:188514 [1] NCCL INFO [YT-TRACE] [TOPO] path link=10 bw=25 hops=5 gpu=7 to_type=5 to_id=0x0
jscs-backuppool-5090test-091606:188079:188514 [1] NCCL INFO [YT-TRACE] [TOPO] path link=10 bw=25 hops=5 gpu=7 to_type=5 to_id=0x0
jscs-backuppool-5090test-091606:188079:188514 [1] NCCL INFO [YT-TRACE] [TOPO] path link=10 bw=25 hops=5 gpu=7 to_type=5 to_id=0x0
jscs-backuppool-5090test-091606:188079:188514 [1] NCCL INFO [YT-TRACE] [TOPO] path link=0 bw=40 hops=5 gpu=7 peer=0
jscs-backuppool-5090test-091606:188079:188514 [1] NCCL INFO [YT-TRACE] [TOPO] path link=0 bw=40 hops=5 gpu=7 peer=1
jscs-backuppool-5090test-091606:188079:188514 [1] NCCL INFO [YT-TRACE] [TOPO] path link=0 bw=40 hops=5 gpu=7 peer=2
jscs-backuppool-5090test-091606:188079:188514 [1] NCCL INFO [YT-TRACE] [TOPO] path link=0 bw=40 hops=5 gpu=7 peer=3
jscs-backuppool-5090test-091606:188079:188514 [1] NCCL INFO [YT-TRACE] [TOPO] path link=0 bw=40 hops=5 gpu=7 peer=4
jscs-backuppool-5090test-091606:188079:188514 [1] NCCL INFO [YT-TRACE] [TOPO] path link=0 bw=40 hops=5 gpu=7 peer=5
jscs-backuppool-5090test-091606:188079:188514 [1] NCCL INFO [YT-TRACE] [TOPO] path link=0 bw=40 hops=5 gpu=7 peer=6
jscs-backuppool-5090test-091606:188079:188513 [0] NCCL INFO [YT-TRACE] [TOPO] path link=0 bw=40 hops=5 gpu=0 peer=5
jscs-backuppool-5090test-091606:188079:188520 [6] NCCL INFO [YT-TRACE] [TOPO] path link=0 bw=40 hops=5 gpu=0 peer=3
jscs-backuppool-5090test-091606:188079:188518 [5] NCCL INFO [YT-TRACE] [TOPO] path link=0 bw=40 hops=5 gpu=0 peer=5
jscs-backuppool-5090test-091606:188079:188516 [3] NCCL INFO [YT-TRACE] [TOPO] path link=0 bw=40 hops=5 gpu=0 peer=4
jscs-backuppool-5090test-091606:188079:188513 [0] NCCL INFO [YT-TRACE] [TOPO] path link=0 bw=40 hops=5 gpu=0 peer=6
jscs-backuppool-5090test-091606:188079:188520 [6] NCCL INFO [YT-TRACE] [TOPO] path link=0 bw=40 hops=5 gpu=0 peer=4
jscs-backuppool-5090test-091606:188079:188518 [5] NCCL INFO [YT-TRACE] [TOPO] path link=0 bw=40 hops=5 gpu=0 peer=6
jscs-backuppool-5090test-091606:188079:188516 [3] NCCL INFO [YT-TRACE] [TOPO] path link=0 bw=40 hops=5 gpu=0 peer=5
jscs-backuppool-5090test-091606:188079:188513 [0] NCCL INFO [YT-TRACE] [TOPO] path link=0 bw=40 hops=5 gpu=0 peer=7
jscs-backuppool-5090test-091606:188079:188513 [0] NCCL INFO [YT-TRACE] [TOPO] path link=0 bw=5000 hops=1 gpu=1 to_type=8 to_id=0x38000
jscs-backuppool-5090test-091606:188079:188513 [0] NCCL INFO [YT-TRACE] [TOPO] path link=4 bw=48 hops=2 gpu=1 to_type=3 to_id=0x0
jscs-backuppool-5090test-091606:188079:188513 [0] NCCL INFO [YT-TRACE] [TOPO] path link=4 bw=48 hops=3 gpu=1 to_type=4 to_id=0x0
jscs-backuppool-5090test-091606:188079:188513 [0] NCCL INFO [YT-TRACE] [TOPO] path link=4 bw=48 hops=3 gpu=1 to_type=8 to_id=0x27000
jscs-backuppool-5090test-091606:188079:188513 [0] NCCL INFO [YT-TRACE] [TOPO] path link=9 bw=40 hops=3 gpu=1 to_type=3 to_id=0x1
jscs-backuppool-5090test-091606:188079:188513 [0] NCCL INFO [YT-TRACE] [TOPO] path link=9 bw=40 hops=3 gpu=1 to_type=3 to_id=0x2
jscs-backuppool-5090test-091606:188079:188513 [0] NCCL INFO [YT-TRACE] [TOPO] path link=9 bw=40 hops=3 gpu=1 to_type=3 to_id=0x3
jscs-backuppool-5090test-091606:188079:188513 [0] NCCL INFO [YT-TRACE] [TOPO] path link=10 bw=25 hops=4 gpu=1 to_type=5 to_id=0x0
jscs-backuppool-5090test-091606:188079:188513 [0] NCCL INFO [YT-TRACE] [TOPO] path link=10 bw=25 hops=4 gpu=1 to_type=5 to_id=0x0
jscs-backuppool-5090test-091606:188079:188513 [0] NCCL INFO [YT-TRACE] [TOPO] path link=10 bw=25 hops=4 gpu=1 to_type=5 to_id=0x0
jscs-backuppool-5090test-091606:188079:188513 [0] NCCL INFO [YT-TRACE] [TOPO] path link=10 bw=25 hops=4 gpu=1 to_type=5 to_id=0x0
jscs-backuppool-5090test-091606:188079:188513 [0] NCCL INFO [YT-TRACE] [TOPO] path link=0 bw=48 hops=4 gpu=1 peer=0
jscs-backuppool-5090test-091606:188079:188513 [0] NCCL INFO [YT-TRACE] [TOPO] path link=4 bw=40 hops=4 gpu=1 to_type=8 to_id=0x49000
jscs-backuppool-5090test-091606:188079:188513 [0] NCCL INFO [YT-TRACE] [TOPO] path link=4 bw=40 hops=4 gpu=1 to_type=8 to_id=0x5a000
jscs-backuppool-5090test-091606:188079:188513 [0] NCCL INFO [YT-TRACE] [TOPO] path link=4 bw=40 hops=4 gpu=1 to_type=8 to_id=0x98000
jscs-backuppool-5090test-091606:188079:188513 [0] NCCL INFO [YT-TRACE] [TOPO] path link=4 bw=40 hops=4 gpu=1 to_type=8 to_id=0xa8000
jscs-backuppool-5090test-091606:188079:188513 [0] NCCL INFO [YT-TRACE] [TOPO] path link=4 bw=40 hops=4 gpu=1 to_type=8 to_id=0xb8000
jscs-backuppool-5090test-091606:188079:188513 [0] NCCL INFO [YT-TRACE] [TOPO] path link=4 bw=40 hops=4 gpu=1 to_type=8 to_id=0xc8000
jscs-backuppool-5090test-091606:188079:188513 [0] NCCL INFO [YT-TRACE] [TOPO] path link=0 bw=40 hops=5 gpu=1 peer=2
jscs-backuppool-5090test-091606:188079:188513 [0] NCCL INFO [YT-TRACE] [TOPO] path link=0 bw=40 hops=5 gpu=1 peer=3
jscs-backuppool-5090test-091606:188079:188513 [0] NCCL INFO [YT-TRACE] [TOPO] path link=0 bw=40 hops=5 gpu=1 peer=4
jscs-backuppool-5090test-091606:188079:188513 [0] NCCL INFO [YT-TRACE] [TOPO] path link=0 bw=40 hops=5 gpu=1 peer=5
jscs-backuppool-5090test-091606:188079:188513 [0] NCCL INFO [YT-TRACE] [TOPO] path link=0 bw=40 hops=5 gpu=1 peer=6
jscs-backuppool-5090test-091606:188079:188513 [0] NCCL INFO [YT-TRACE] [TOPO] path link=0 bw=40 hops=5 gpu=1 peer=7
jscs-backuppool-5090test-091606:188079:188513 [0] NCCL INFO [YT-TRACE] [TOPO] path link=0 bw=5000 hops=1 gpu=2 to_type=8 to_id=0x49000
jscs-backuppool-5090test-091606:188079:188513 [0] NCCL INFO [YT-TRACE] [TOPO] path link=4 bw=48 hops=2 gpu=2 to_type=3 to_id=0x1
jscs-backuppool-5090test-091606:188079:188513 [0] NCCL INFO [YT-TRACE] [TOPO] path link=4 bw=48 hops=3 gpu=2 to_type=8 to_id=0x5a000
jscs-backuppool-5090test-091606:188079:188513 [0] NCCL INFO [YT-TRACE] [TOPO] path link=9 bw=40 hops=3 gpu=2 to_type=3 to_id=0x0
jscs-backuppool-5090test-091606:188079:188513 [0] NCCL INFO [YT-TRACE] [TOPO] path link=9 bw=40 hops=3 gpu=2 to_type=3 to_id=0x2
jscs-backuppool-5090test-091606:188079:188513 [0] NCCL INFO [YT-TRACE] [TOPO] path link=9 bw=40 hops=3 gpu=2 to_type=3 to_id=0x3
jscs-backuppool-5090test-091606:188079:188513 [0] NCCL INFO [YT-TRACE] [TOPO] path link=0 bw=48 hops=4 gpu=2 peer=3
jscs-backuppool-5090test-091606:188079:188513 [0] NCCL INFO [YT-TRACE] [TOPO] path link=4 bw=40 hops=4 gpu=2 to_type=4 to_id=0x0
jscs-backuppool-5090test-091606:188079:188513 [0] NCCL INFO [YT-TRACE] [TOPO] path link=4 bw=40 hops=4 gpu=2 to_type=8 to_id=0x27000
jscs-backuppool-5090test-091606:188079:188513 [0] NCCL INFO [YT-TRACE] [TOPO] path link=4 bw=40 hops=4 gpu=2 to_type=8 to_id=0x38000
jscs-backuppool-5090test-091606:188079:188513 [0] NCCL INFO [YT-TRACE] [TOPO] path link=4 bw=40 hops=4 gpu=2 to_type=8 to_id=0x98000
jscs-backuppool-5090test-091606:188079:188513 [0] NCCL INFO [YT-TRACE] [TOPO] path link=4 bw=40 hops=4 gpu=2 to_type=8 to_id=0xa8000
jscs-backuppool-5090test-091606:188079:188513 [0] NCCL INFO [YT-TRACE] [TOPO] path link=4 bw=40 hops=4 gpu=2 to_type=8 to_id=0xb8000
jscs-backuppool-5090test-091606:188079:188513 [0] NCCL INFO [YT-TRACE] [TOPO] path link=4 bw=40 hops=4 gpu=2 to_type=8 to_id=0xc8000
jscs-backuppool-5090test-091606:188079:188513 [0] NCCL INFO [YT-TRACE] [TOPO] path link=10 bw=25 hops=5 gpu=2 to_type=5 to_id=0x0
jscs-backuppool-5090test-091606:188079:188513 [0] NCCL INFO [YT-TRACE] [TOPO] path link=10 bw=25 hops=5 gpu=2 to_type=5 to_id=0x0
jscs-backuppool-5090test-091606:188079:188513 [0] NCCL INFO [YT-TRACE] [TOPO] path link=10 bw=25 hops=5 gpu=2 to_type=5 to_id=0x0
jscs-backuppool-5090test-091606:188079:188513 [0] NCCL INFO [YT-TRACE] [TOPO] path link=10 bw=25 hops=5 gpu=2 to_type=5 to_id=0x0
jscs-backuppool-5090test-091606:188079:188513 [0] NCCL INFO [YT-TRACE] [TOPO] path link=0 bw=40 hops=5 gpu=2 peer=0
jscs-backuppool-5090test-091606:188079:188513 [0] NCCL INFO [YT-TRACE] [TOPO] path link=0 bw=40 hops=5 gpu=2 peer=1
jscs-backuppool-5090test-091606:188079:188513 [0] NCCL INFO [YT-TRACE] [TOPO] path link=0 bw=40 hops=5 gpu=2 peer=4
jscs-backuppool-5090test-091606:188079:188513 [0] NCCL INFO [YT-TRACE] [TOPO] path link=0 bw=40 hops=5 gpu=2 peer=5
jscs-backuppool-5090test-091606:188079:188513 [0] NCCL INFO [YT-TRACE] [TOPO] path link=0 bw=40 hops=5 gpu=2 peer=6
jscs-backuppool-5090test-091606:188079:188513 [0] NCCL INFO [YT-TRACE] [TOPO] path link=0 bw=40 hops=5 gpu=2 peer=7
jscs-backuppool-5090test-091606:188079:188513 [0] NCCL INFO [YT-TRACE] [TOPO] path link=0 bw=5000 hops=1 gpu=3 to_type=8 to_id=0x5a000
jscs-backuppool-5090test-091606:188079:188513 [0] NCCL INFO [YT-TRACE] [TOPO] path link=4 bw=48 hops=2 gpu=3 to_type=3 to_id=0x1
jscs-backuppool-5090test-091606:188079:188513 [0] NCCL INFO [YT-TRACE] [TOPO] path link=4 bw=48 hops=3 gpu=3 to_type=8 to_id=0x49000
jscs-backuppool-5090test-091606:188079:188513 [0] NCCL INFO [YT-TRACE] [TOPO] path link=9 bw=40 hops=3 gpu=3 to_type=3 to_id=0x0
jscs-backuppool-5090test-091606:188079:188513 [0] NCCL INFO [YT-TRACE] [TOPO] path link=9 bw=40 hops=3 gpu=3 to_type=3 to_id=0x2
jscs-backuppool-5090test-091606:188079:188513 [0] NCCL INFO [YT-TRACE] [TOPO] path link=9 bw=40 hops=3 gpu=3 to_type=3 to_id=0x3
jscs-backuppool-5090test-091606:188079:188513 [0] NCCL INFO [YT-TRACE] [TOPO] path link=0 bw=48 hops=4 gpu=3 peer=2
jscs-backuppool-5090test-091606:188079:188513 [0] NCCL INFO [YT-TRACE] [TOPO] path link=4 bw=40 hops=4 gpu=3 to_type=4 to_id=0x0
jscs-backuppool-5090test-091606:188079:188513 [0] NCCL INFO [YT-TRACE] [TOPO] path link=4 bw=40 hops=4 gpu=3 to_type=8 to_id=0x27000
jscs-backuppool-5090test-091606:188079:188513 [0] NCCL INFO [YT-TRACE] [TOPO] path link=4 bw=40 hops=4 gpu=3 to_type=8 to_id=0x38000
jscs-backuppool-5090test-091606:188079:188513 [0] NCCL INFO [YT-TRACE] [TOPO] path link=4 bw=40 hops=4 gpu=3 to_type=8 to_id=0x98000
jscs-backuppool-5090test-091606:188079:188513 [0] NCCL INFO [YT-TRACE] [TOPO] path link=4 bw=40 hops=4 gpu=3 to_type=8 to_id=0xa8000
jscs-backuppool-5090test-091606:188079:188513 [0] NCCL INFO [YT-TRACE] [TOPO] path link=4 bw=40 hops=4 gpu=3 to_type=8 to_id=0xb8000
jscs-backuppool-5090test-091606:188079:188513 [0] NCCL INFO [YT-TRACE] [TOPO] path link=4 bw=40 hops=4 gpu=3 to_type=8 to_id=0xc8000
jscs-backuppool-5090test-091606:188079:188513 [0] NCCL INFO [YT-TRACE] [TOPO] path link=10 bw=25 hops=5 gpu=3 to_type=5 to_id=0x0
jscs-backuppool-5090test-091606:188079:188513 [0] NCCL INFO [YT-TRACE] [TOPO] path link=10 bw=25 hops=5 gpu=3 to_type=5 to_id=0x0
jscs-backuppool-5090test-091606:188079:188513 [0] NCCL INFO [YT-TRACE] [TOPO] path link=10 bw=25 hops=5 gpu=3 to_type=5 to_id=0x0
jscs-backuppool-5090test-091606:188079:188520 [6] NCCL INFO [YT-TRACE] [TOPO] path link=0 bw=40 hops=5 gpu=0 peer=5
jscs-backuppool-5090test-091606:188079:188513 [0] NCCL INFO [YT-TRACE] [TOPO] path link=10 bw=25 hops=5 gpu=3 to_type=5 to_id=0x0
jscs-backuppool-5090test-091606:188079:188513 [0] NCCL INFO [YT-TRACE] [TOPO] path link=0 bw=40 hops=5 gpu=3 peer=0
jscs-backuppool-5090test-091606:188079:188513 [0] NCCL INFO [YT-TRACE] [TOPO] path link=0 bw=40 hops=5 gpu=3 peer=1
jscs-backuppool-5090test-091606:188079:188513 [0] NCCL INFO [YT-TRACE] [TOPO] path link=0 bw=40 hops=5 gpu=3 peer=4
jscs-backuppool-5090test-091606:188079:188513 [0] NCCL INFO [YT-TRACE] [TOPO] path link=0 bw=40 hops=5 gpu=3 peer=5
jscs-backuppool-5090test-091606:188079:188513 [0] NCCL INFO [YT-TRACE] [TOPO] path link=0 bw=40 hops=5 gpu=3 peer=6
jscs-backuppool-5090test-091606:188079:188513 [0] NCCL INFO [YT-TRACE] [TOPO] path link=0 bw=40 hops=5 gpu=3 peer=7
jscs-backuppool-5090test-091606:188079:188513 [0] NCCL INFO [YT-TRACE] [TOPO] path link=0 bw=5000 hops=1 gpu=4 to_type=8 to_id=0x98000
jscs-backuppool-5090test-091606:188079:188513 [0] NCCL INFO [YT-TRACE] [TOPO] path link=4 bw=48 hops=2 gpu=4 to_type=3 to_id=0x2
jscs-backuppool-5090test-091606:188079:188513 [0] NCCL INFO [YT-TRACE] [TOPO] path link=4 bw=48 hops=3 gpu=4 to_type=8 to_id=0xa8000
jscs-backuppool-5090test-091606:188079:188513 [0] NCCL INFO [YT-TRACE] [TOPO] path link=4 bw=48 hops=3 gpu=4 to_type=8 to_id=0xb8000
jscs-backuppool-5090test-091606:188079:188513 [0] NCCL INFO [YT-TRACE] [TOPO] path link=9 bw=40 hops=3 gpu=4 to_type=3 to_id=0x0
jscs-backuppool-5090test-091606:188079:188513 [0] NCCL INFO [YT-TRACE] [TOPO] path link=9 bw=40 hops=3 gpu=4 to_type=3 to_id=0x1
jscs-backuppool-5090test-091606:188079:188513 [0] NCCL INFO [YT-TRACE] [TOPO] path link=9 bw=40 hops=3 gpu=4 to_type=3 to_id=0x3
jscs-backuppool-5090test-091606:188079:188513 [0] NCCL INFO [YT-TRACE] [TOPO] path link=0 bw=48 hops=4 gpu=4 peer=5
jscs-backuppool-5090test-091606:188079:188513 [0] NCCL INFO [YT-TRACE] [TOPO] path link=0 bw=48 hops=4 gpu=4 peer=6
jscs-backuppool-5090test-091606:188079:188513 [0] NCCL INFO [YT-TRACE] [TOPO] path link=4 bw=40 hops=4 gpu=4 to_type=4 to_id=0x0
jscs-backuppool-5090test-091606:188079:188513 [0] NCCL INFO [YT-TRACE] [TOPO] path link=4 bw=40 hops=4 gpu=4 to_type=8 to_id=0x27000
jscs-backuppool-5090test-091606:188079:188513 [0] NCCL INFO [YT-TRACE] [TOPO] path link=4 bw=40 hops=4 gpu=4 to_type=8 to_id=0x38000
jscs-backuppool-5090test-091606:188079:188513 [0] NCCL INFO [YT-TRACE] [TOPO] path link=4 bw=40 hops=4 gpu=4 to_type=8 to_id=0x49000
jscs-backuppool-5090test-091606:188079:188513 [0] NCCL INFO [YT-TRACE] [TOPO] path link=4 bw=40 hops=4 gpu=4 to_type=8 to_id=0x5a000
jscs-backuppool-5090test-091606:188079:188513 [0] NCCL INFO [YT-TRACE] [TOPO] path link=4 bw=40 hops=4 gpu=4 to_type=8 to_id=0xc8000
jscs-backuppool-5090test-091606:188079:188513 [0] NCCL INFO [YT-TRACE] [TOPO] path link=10 bw=25 hops=5 gpu=4 to_type=5 to_id=0x0
jscs-backuppool-5090test-091606:188079:188513 [0] NCCL INFO [YT-TRACE] [TOPO] path link=10 bw=25 hops=5 gpu=4 to_type=5 to_id=0x0
jscs-backuppool-5090test-091606:188079:188513 [0] NCCL INFO [YT-TRACE] [TOPO] path link=10 bw=25 hops=5 gpu=4 to_type=5 to_id=0x0
jscs-backuppool-5090test-091606:188079:188513 [0] NCCL INFO [YT-TRACE] [TOPO] path link=10 bw=25 hops=5 gpu=4 to_type=5 to_id=0x0
jscs-backuppool-5090test-091606:188079:188513 [0] NCCL INFO [YT-TRACE] [TOPO] path link=0 bw=40 hops=5 gpu=4 peer=0
jscs-backuppool-5090test-091606:188079:188513 [0] NCCL INFO [YT-TRACE] [TOPO] path link=0 bw=40 hops=5 gpu=4 peer=1
jscs-backuppool-5090test-091606:188079:188513 [0] NCCL INFO [YT-TRACE] [TOPO] path link=0 bw=40 hops=5 gpu=4 peer=2
jscs-backuppool-5090test-091606:188079:188518 [5] NCCL INFO [YT-TRACE] [TOPO] path link=0 bw=40 hops=5 gpu=0 peer=7
jscs-backuppool-5090test-091606:188079:188518 [5] NCCL INFO [YT-TRACE] [TOPO] path link=0 bw=5000 hops=1 gpu=1 to_type=8 to_id=0x38000
jscs-backuppool-5090test-091606:188079:188518 [5] NCCL INFO [YT-TRACE] [TOPO] path link=4 bw=48 hops=2 gpu=1 to_type=3 to_id=0x0
jscs-backuppool-5090test-091606:188079:188513 [0] NCCL INFO [YT-TRACE] [TOPO] path link=0 bw=40 hops=5 gpu=4 peer=3
jscs-backuppool-5090test-091606:188079:188513 [0] NCCL INFO [YT-TRACE] [TOPO] path link=0 bw=40 hops=5 gpu=4 peer=7
jscs-backuppool-5090test-091606:188079:188513 [0] NCCL INFO [YT-TRACE] [TOPO] path link=0 bw=5000 hops=1 gpu=5 to_type=8 to_id=0xa8000
jscs-backuppool-5090test-091606:188079:188518 [5] NCCL INFO [YT-TRACE] [TOPO] path link=4 bw=48 hops=3 gpu=1 to_type=4 to_id=0x0
jscs-backuppool-5090test-091606:188079:188518 [5] NCCL INFO [YT-TRACE] [TOPO] path link=4 bw=48 hops=3 gpu=1 to_type=8 to_id=0x27000
jscs-backuppool-5090test-091606:188079:188518 [5] NCCL INFO [YT-TRACE] [TOPO] path link=9 bw=40 hops=3 gpu=1 to_type=3 to_id=0x1
jscs-backuppool-5090test-091606:188079:188513 [0] NCCL INFO [YT-TRACE] [TOPO] path link=4 bw=48 hops=2 gpu=5 to_type=3 to_id=0x2
jscs-backuppool-5090test-091606:188079:188513 [0] NCCL INFO [YT-TRACE] [TOPO] path link=4 bw=48 hops=3 gpu=5 to_type=8 to_id=0x98000
jscs-backuppool-5090test-091606:188079:188513 [0] NCCL INFO [YT-TRACE] [TOPO] path link=4 bw=48 hops=3 gpu=5 to_type=8 to_id=0xb8000
jscs-backuppool-5090test-091606:188079:188518 [5] NCCL INFO [YT-TRACE] [TOPO] path link=9 bw=40 hops=3 gpu=1 to_type=3 to_id=0x2
jscs-backuppool-5090test-091606:188079:188518 [5] NCCL INFO [YT-TRACE] [TOPO] path link=9 bw=40 hops=3 gpu=1 to_type=3 to_id=0x3
jscs-backuppool-5090test-091606:188079:188518 [5] NCCL INFO [YT-TRACE] [TOPO] path link=10 bw=25 hops=4 gpu=1 to_type=5 to_id=0x0
jscs-backuppool-5090test-091606:188079:188513 [0] NCCL INFO [YT-TRACE] [TOPO] path link=9 bw=40 hops=3 gpu=5 to_type=3 to_id=0x0
jscs-backuppool-5090test-091606:188079:188513 [0] NCCL INFO [YT-TRACE] [TOPO] path link=9 bw=40 hops=3 gpu=5 to_type=3 to_id=0x1
jscs-backuppool-5090test-091606:188079:188513 [0] NCCL INFO [YT-TRACE] [TOPO] path link=9 bw=40 hops=3 gpu=5 to_type=3 to_id=0x3
jscs-backuppool-5090test-091606:188079:188518 [5] NCCL INFO [YT-TRACE] [TOPO] path link=10 bw=25 hops=4 gpu=1 to_type=5 to_id=0x0
jscs-backuppool-5090test-091606:188079:188518 [5] NCCL INFO [YT-TRACE] [TOPO] path link=10 bw=25 hops=4 gpu=1 to_type=5 to_id=0x0
jscs-backuppool-5090test-091606:188079:188518 [5] NCCL INFO [YT-TRACE] [TOPO] path link=10 bw=25 hops=4 gpu=1 to_type=5 to_id=0x0
jscs-backuppool-5090test-091606:188079:188516 [3] NCCL INFO [YT-TRACE] [TOPO] path link=0 bw=40 hops=5 gpu=0 peer=6
jscs-backuppool-5090test-091606:188079:188513 [0] NCCL INFO [YT-TRACE] [TOPO] path link=0 bw=48 hops=4 gpu=5 peer=4
jscs-backuppool-5090test-091606:188079:188513 [0] NCCL INFO [YT-TRACE] [TOPO] path link=0 bw=48 hops=4 gpu=5 peer=6
jscs-backuppool-5090test-091606:188079:188513 [0] NCCL INFO [YT-TRACE] [TOPO] path link=4 bw=40 hops=4 gpu=5 to_type=4 to_id=0x0
jscs-backuppool-5090test-091606:188079:188513 [0] NCCL INFO [YT-TRACE] [TOPO] path link=4 bw=40 hops=4 gpu=5 to_type=8 to_id=0x27000
jscs-backuppool-5090test-091606:188079:188513 [0] NCCL INFO [YT-TRACE] [TOPO] path link=4 bw=40 hops=4 gpu=5 to_type=8 to_id=0x38000
jscs-backuppool-5090test-091606:188079:188513 [0] NCCL INFO [YT-TRACE] [TOPO] path link=4 bw=40 hops=4 gpu=5 to_type=8 to_id=0x49000
jscs-backuppool-5090test-091606:188079:188518 [5] NCCL INFO [YT-TRACE] [TOPO] path link=0 bw=48 hops=4 gpu=1 peer=0
jscs-backuppool-5090test-091606:188079:188518 [5] NCCL INFO [YT-TRACE] [TOPO] path link=4 bw=40 hops=4 gpu=1 to_type=8 to_id=0x49000
jscs-backuppool-5090test-091606:188079:188518 [5] NCCL INFO [YT-TRACE] [TOPO] path link=4 bw=40 hops=4 gpu=1 to_type=8 to_id=0x5a000
jscs-backuppool-5090test-091606:188079:188513 [0] NCCL INFO [YT-TRACE] [TOPO] path link=4 bw=40 hops=4 gpu=5 to_type=8 to_id=0x5a000
jscs-backuppool-5090test-091606:188079:188513 [0] NCCL INFO [YT-TRACE] [TOPO] path link=4 bw=40 hops=4 gpu=5 to_type=8 to_id=0xc8000
jscs-backuppool-5090test-091606:188079:188513 [0] NCCL INFO [YT-TRACE] [TOPO] path link=10 bw=25 hops=5 gpu=5 to_type=5 to_id=0x0
jscs-backuppool-5090test-091606:188079:188518 [5] NCCL INFO [YT-TRACE] [TOPO] path link=4 bw=40 hops=4 gpu=1 to_type=8 to_id=0x98000
jscs-backuppool-5090test-091606:188079:188518 [5] NCCL INFO [YT-TRACE] [TOPO] path link=4 bw=40 hops=4 gpu=1 to_type=8 to_id=0xa8000
jscs-backuppool-5090test-091606:188079:188518 [5] NCCL INFO [YT-TRACE] [TOPO] path link=4 bw=40 hops=4 gpu=1 to_type=8 to_id=0xb8000
jscs-backuppool-5090test-091606:188079:188513 [0] NCCL INFO [YT-TRACE] [TOPO] path link=10 bw=25 hops=5 gpu=5 to_type=5 to_id=0x0
jscs-backuppool-5090test-091606:188079:188513 [0] NCCL INFO [YT-TRACE] [TOPO] path link=10 bw=25 hops=5 gpu=5 to_type=5 to_id=0x0
jscs-backuppool-5090test-091606:188079:188513 [0] NCCL INFO [YT-TRACE] [TOPO] path link=10 bw=25 hops=5 gpu=5 to_type=5 to_id=0x0
jscs-backuppool-5090test-091606:188079:188513 [0] NCCL INFO [YT-TRACE] [TOPO] path link=0 bw=40 hops=5 gpu=5 peer=0
jscs-backuppool-5090test-091606:188079:188513 [0] NCCL INFO [YT-TRACE] [TOPO] path link=0 bw=40 hops=5 gpu=5 peer=1
jscs-backuppool-5090test-091606:188079:188513 [0] NCCL INFO [YT-TRACE] [TOPO] path link=0 bw=40 hops=5 gpu=5 peer=2
jscs-backuppool-5090test-091606:188079:188513 [0] NCCL INFO [YT-TRACE] [TOPO] path link=0 bw=40 hops=5 gpu=5 peer=3
jscs-backuppool-5090test-091606:188079:188518 [5] NCCL INFO [YT-TRACE] [TOPO] path link=4 bw=40 hops=4 gpu=1 to_type=8 to_id=0xc8000
jscs-backuppool-5090test-091606:188079:188518 [5] NCCL INFO [YT-TRACE] [TOPO] path link=0 bw=40 hops=5 gpu=1 peer=2
jscs-backuppool-5090test-091606:188079:188518 [5] NCCL INFO [YT-TRACE] [TOPO] path link=0 bw=40 hops=5 gpu=1 peer=3
jscs-backuppool-5090test-091606:188079:188513 [0] NCCL INFO [YT-TRACE] [TOPO] path link=0 bw=40 hops=5 gpu=5 peer=7
jscs-backuppool-5090test-091606:188079:188513 [0] NCCL INFO [YT-TRACE] [TOPO] path link=0 bw=5000 hops=1 gpu=6 to_type=8 to_id=0xb8000
jscs-backuppool-5090test-091606:188079:188513 [0] NCCL INFO [YT-TRACE] [TOPO] path link=4 bw=48 hops=2 gpu=6 to_type=3 to_id=0x2
jscs-backuppool-5090test-091606:188079:188513 [0] NCCL INFO [YT-TRACE] [TOPO] path link=4 bw=48 hops=3 gpu=6 to_type=8 to_id=0x98000
jscs-backuppool-5090test-091606:188079:188513 [0] NCCL INFO [YT-TRACE] [TOPO] path link=4 bw=48 hops=3 gpu=6 to_type=8 to_id=0xa8000
jscs-backuppool-5090test-091606:188079:188513 [0] NCCL INFO [YT-TRACE] [TOPO] path link=9 bw=40 hops=3 gpu=6 to_type=3 to_id=0x0
jscs-backuppool-5090test-091606:188079:188518 [5] NCCL INFO [YT-TRACE] [TOPO] path link=0 bw=40 hops=5 gpu=1 peer=4
jscs-backuppool-5090test-091606:188079:188518 [5] NCCL INFO [YT-TRACE] [TOPO] path link=0 bw=40 hops=5 gpu=1 peer=5
jscs-backuppool-5090test-091606:188079:188518 [5] NCCL INFO [YT-TRACE] [TOPO] path link=0 bw=40 hops=5 gpu=1 peer=6
jscs-backuppool-5090test-091606:188079:188518 [5] NCCL INFO [YT-TRACE] [TOPO] path link=0 bw=40 hops=5 gpu=1 peer=7
jscs-backuppool-5090test-091606:188079:188518 [5] NCCL INFO [YT-TRACE] [TOPO] path link=0 bw=5000 hops=1 gpu=2 to_type=8 to_id=0x49000
jscs-backuppool-5090test-091606:188079:188518 [5] NCCL INFO [YT-TRACE] [TOPO] path link=4 bw=48 hops=2 gpu=2 to_type=3 to_id=0x1
jscs-backuppool-5090test-091606:188079:188518 [5] NCCL INFO [YT-TRACE] [TOPO] path link=4 bw=48 hops=3 gpu=2 to_type=8 to_id=0x5a000
jscs-backuppool-5090test-091606:188079:188518 [5] NCCL INFO [YT-TRACE] [TOPO] path link=9 bw=40 hops=3 gpu=2 to_type=3 to_id=0x0
jscs-backuppool-5090test-091606:188079:188513 [0] NCCL INFO [YT-TRACE] [TOPO] path link=9 bw=40 hops=3 gpu=6 to_type=3 to_id=0x1
jscs-backuppool-5090test-091606:188079:188513 [0] NCCL INFO [YT-TRACE] [TOPO] path link=9 bw=40 hops=3 gpu=6 to_type=3 to_id=0x3
jscs-backuppool-5090test-091606:188079:188513 [0] NCCL INFO [YT-TRACE] [TOPO] path link=0 bw=48 hops=4 gpu=6 peer=4
jscs-backuppool-5090test-091606:188079:188518 [5] NCCL INFO [YT-TRACE] [TOPO] path link=9 bw=40 hops=3 gpu=2 to_type=3 to_id=0x2
jscs-backuppool-5090test-091606:188079:188518 [5] NCCL INFO [YT-TRACE] [TOPO] path link=9 bw=40 hops=3 gpu=2 to_type=3 to_id=0x3
jscs-backuppool-5090test-091606:188079:188518 [5] NCCL INFO [YT-TRACE] [TOPO] path link=0 bw=48 hops=4 gpu=2 peer=3
jscs-backuppool-5090test-091606:188079:188513 [0] NCCL INFO [YT-TRACE] [TOPO] path link=0 bw=48 hops=4 gpu=6 peer=5
jscs-backuppool-5090test-091606:188079:188513 [0] NCCL INFO [YT-TRACE] [TOPO] path link=4 bw=40 hops=4 gpu=6 to_type=4 to_id=0x0
jscs-backuppool-5090test-091606:188079:188513 [0] NCCL INFO [YT-TRACE] [TOPO] path link=4 bw=40 hops=4 gpu=6 to_type=8 to_id=0x27000
jscs-backuppool-5090test-091606:188079:188518 [5] NCCL INFO [YT-TRACE] [TOPO] path link=4 bw=40 hops=4 gpu=2 to_type=4 to_id=0x0
jscs-backuppool-5090test-091606:188079:188518 [5] NCCL INFO [YT-TRACE] [TOPO] path link=4 bw=40 hops=4 gpu=2 to_type=8 to_id=0x27000
jscs-backuppool-5090test-091606:188079:188518 [5] NCCL INFO [YT-TRACE] [TOPO] path link=4 bw=40 hops=4 gpu=2 to_type=8 to_id=0x38000
jscs-backuppool-5090test-091606:188079:188513 [0] NCCL INFO [YT-TRACE] [TOPO] path link=4 bw=40 hops=4 gpu=6 to_type=8 to_id=0x38000
jscs-backuppool-5090test-091606:188079:188513 [0] NCCL INFO [YT-TRACE] [TOPO] path link=4 bw=40 hops=4 gpu=6 to_type=8 to_id=0x49000
jscs-backuppool-5090test-091606:188079:188513 [0] NCCL INFO [YT-TRACE] [TOPO] path link=4 bw=40 hops=4 gpu=6 to_type=8 to_id=0x5a000
jscs-backuppool-5090test-091606:188079:188513 [0] NCCL INFO [YT-TRACE] [TOPO] path link=4 bw=40 hops=4 gpu=6 to_type=8 to_id=0xc8000
jscs-backuppool-5090test-091606:188079:188513 [0] NCCL INFO [YT-TRACE] [TOPO] path link=10 bw=25 hops=5 gpu=6 to_type=5 to_id=0x0
jscs-backuppool-5090test-091606:188079:188518 [5] NCCL INFO [YT-TRACE] [TOPO] path link=4 bw=40 hops=4 gpu=2 to_type=8 to_id=0x98000
jscs-backuppool-5090test-091606:188079:188518 [5] NCCL INFO [YT-TRACE] [TOPO] path link=4 bw=40 hops=4 gpu=2 to_type=8 to_id=0xa8000
jscs-backuppool-5090test-091606:188079:188518 [5] NCCL INFO [YT-TRACE] [TOPO] path link=4 bw=40 hops=4 gpu=2 to_type=8 to_id=0xb8000
jscs-backuppool-5090test-091606:188079:188518 [5] NCCL INFO [YT-TRACE] [TOPO] path link=4 bw=40 hops=4 gpu=2 to_type=8 to_id=0xc8000
jscs-backuppool-5090test-091606:188079:188518 [5] NCCL INFO [YT-TRACE] [TOPO] path link=10 bw=25 hops=5 gpu=2 to_type=5 to_id=0x0
jscs-backuppool-5090test-091606:188079:188518 [5] NCCL INFO [YT-TRACE] [TOPO] path link=10 bw=25 hops=5 gpu=2 to_type=5 to_id=0x0
jscs-backuppool-5090test-091606:188079:188518 [5] NCCL INFO [YT-TRACE] [TOPO] path link=10 bw=25 hops=5 gpu=2 to_type=5 to_id=0x0
jscs-backuppool-5090test-091606:188079:188513 [0] NCCL INFO [YT-TRACE] [TOPO] path link=10 bw=25 hops=5 gpu=6 to_type=5 to_id=0x0
jscs-backuppool-5090test-091606:188079:188513 [0] NCCL INFO [YT-TRACE] [TOPO] path link=10 bw=25 hops=5 gpu=6 to_type=5 to_id=0x0
jscs-backuppool-5090test-091606:188079:188513 [0] NCCL INFO [YT-TRACE] [TOPO] path link=10 bw=25 hops=5 gpu=6 to_type=5 to_id=0x0
jscs-backuppool-5090test-091606:188079:188518 [5] NCCL INFO [YT-TRACE] [TOPO] path link=10 bw=25 hops=5 gpu=2 to_type=5 to_id=0x0
jscs-backuppool-5090test-091606:188079:188518 [5] NCCL INFO [YT-TRACE] [TOPO] path link=0 bw=40 hops=5 gpu=2 peer=0
jscs-backuppool-5090test-091606:188079:188518 [5] NCCL INFO [YT-TRACE] [TOPO] path link=0 bw=40 hops=5 gpu=2 peer=1
jscs-backuppool-5090test-091606:188079:188513 [0] NCCL INFO [YT-TRACE] [TOPO] path link=0 bw=40 hops=5 gpu=6 peer=0
jscs-backuppool-5090test-091606:188079:188513 [0] NCCL INFO [YT-TRACE] [TOPO] path link=0 bw=40 hops=5 gpu=6 peer=1
jscs-backuppool-5090test-091606:188079:188513 [0] NCCL INFO [YT-TRACE] [TOPO] path link=0 bw=40 hops=5 gpu=6 peer=2
jscs-backuppool-5090test-091606:188079:188518 [5] NCCL INFO [YT-TRACE] [TOPO] path link=0 bw=40 hops=5 gpu=2 peer=4
jscs-backuppool-5090test-091606:188079:188518 [5] NCCL INFO [YT-TRACE] [TOPO] path link=0 bw=40 hops=5 gpu=2 peer=5
jscs-backuppool-5090test-091606:188079:188518 [5] NCCL INFO [YT-TRACE] [TOPO] path link=0 bw=40 hops=5 gpu=2 peer=6
jscs-backuppool-5090test-091606:188079:188513 [0] NCCL INFO [YT-TRACE] [TOPO] path link=0 bw=40 hops=5 gpu=6 peer=3
jscs-backuppool-5090test-091606:188079:188513 [0] NCCL INFO [YT-TRACE] [TOPO] path link=0 bw=40 hops=5 gpu=6 peer=7
jscs-backuppool-5090test-091606:188079:188513 [0] NCCL INFO [YT-TRACE] [TOPO] path link=0 bw=5000 hops=1 gpu=7 to_type=8 to_id=0xc8000
jscs-backuppool-5090test-091606:188079:188513 [0] NCCL INFO [YT-TRACE] [TOPO] path link=4 bw=48 hops=2 gpu=7 to_type=3 to_id=0x3
jscs-backuppool-5090test-091606:188079:188513 [0] NCCL INFO [YT-TRACE] [TOPO] path link=9 bw=40 hops=3 gpu=7 to_type=3 to_id=0x0
jscs-backuppool-5090test-091606:188079:188518 [5] NCCL INFO [YT-TRACE] [TOPO] path link=0 bw=40 hops=5 gpu=2 peer=7
jscs-backuppool-5090test-091606:188079:188518 [5] NCCL INFO [YT-TRACE] [TOPO] path link=0 bw=5000 hops=1 gpu=3 to_type=8 to_id=0x5a000
jscs-backuppool-5090test-091606:188079:188513 [0] NCCL INFO [YT-TRACE] [TOPO] path link=9 bw=40 hops=3 gpu=7 to_type=3 to_id=0x1
jscs-backuppool-5090test-091606:188079:188513 [0] NCCL INFO [YT-TRACE] [TOPO] path link=9 bw=40 hops=3 gpu=7 to_type=3 to_id=0x2
jscs-backuppool-5090test-091606:188079:188513 [0] NCCL INFO [YT-TRACE] [TOPO] path link=4 bw=40 hops=4 gpu=7 to_type=4 to_id=0x0
jscs-backuppool-5090test-091606:188079:188518 [5] NCCL INFO [YT-TRACE] [TOPO] path link=4 bw=48 hops=2 gpu=3 to_type=3 to_id=0x1
jscs-backuppool-5090test-091606:188079:188518 [5] NCCL INFO [YT-TRACE] [TOPO] path link=4 bw=48 hops=3 gpu=3 to_type=8 to_id=0x49000
jscs-backuppool-5090test-091606:188079:188518 [5] NCCL INFO [YT-TRACE] [TOPO] path link=9 bw=40 hops=3 gpu=3 to_type=3 to_id=0x0
jscs-backuppool-5090test-091606:188079:188513 [0] NCCL INFO [YT-TRACE] [TOPO] path link=4 bw=40 hops=4 gpu=7 to_type=8 to_id=0x27000
jscs-backuppool-5090test-091606:188079:188513 [0] NCCL INFO [YT-TRACE] [TOPO] path link=4 bw=40 hops=4 gpu=7 to_type=8 to_id=0x38000
jscs-backuppool-5090test-091606:188079:188513 [0] NCCL INFO [YT-TRACE] [TOPO] path link=4 bw=40 hops=4 gpu=7 to_type=8 to_id=0x49000
jscs-backuppool-5090test-091606:188079:188513 [0] NCCL INFO [YT-TRACE] [TOPO] path link=4 bw=40 hops=4 gpu=7 to_type=8 to_id=0x5a000
jscs-backuppool-5090test-091606:188079:188518 [5] NCCL INFO [YT-TRACE] [TOPO] path link=9 bw=40 hops=3 gpu=3 to_type=3 to_id=0x2
jscs-backuppool-5090test-091606:188079:188518 [5] NCCL INFO [YT-TRACE] [TOPO] path link=9 bw=40 hops=3 gpu=3 to_type=3 to_id=0x3
jscs-backuppool-5090test-091606:188079:188518 [5] NCCL INFO [YT-TRACE] [TOPO] path link=0 bw=48 hops=4 gpu=3 peer=2
jscs-backuppool-5090test-091606:188079:188518 [5] NCCL INFO [YT-TRACE] [TOPO] path link=4 bw=40 hops=4 gpu=3 to_type=4 to_id=0x0
jscs-backuppool-5090test-091606:188079:188513 [0] NCCL INFO [YT-TRACE] [TOPO] path link=4 bw=40 hops=4 gpu=7 to_type=8 to_id=0x98000
jscs-backuppool-5090test-091606:188079:188513 [0] NCCL INFO [YT-TRACE] [TOPO] path link=4 bw=40 hops=4 gpu=7 to_type=8 to_id=0xa8000
jscs-backuppool-5090test-091606:188079:188513 [0] NCCL INFO [YT-TRACE] [TOPO] path link=4 bw=40 hops=4 gpu=7 to_type=8 to_id=0xb8000
jscs-backuppool-5090test-091606:188079:188513 [0] NCCL INFO [YT-TRACE] [TOPO] path link=10 bw=25 hops=5 gpu=7 to_type=5 to_id=0x0
jscs-backuppool-5090test-091606:188079:188513 [0] NCCL INFO [YT-TRACE] [TOPO] path link=10 bw=25 hops=5 gpu=7 to_type=5 to_id=0x0
jscs-backuppool-5090test-091606:188079:188513 [0] NCCL INFO [YT-TRACE] [TOPO] path link=10 bw=25 hops=5 gpu=7 to_type=5 to_id=0x0
jscs-backuppool-5090test-091606:188079:188518 [5] NCCL INFO [YT-TRACE] [TOPO] path link=4 bw=40 hops=4 gpu=3 to_type=8 to_id=0x27000
jscs-backuppool-5090test-091606:188079:188518 [5] NCCL INFO [YT-TRACE] [TOPO] path link=4 bw=40 hops=4 gpu=3 to_type=8 to_id=0x38000
jscs-backuppool-5090test-091606:188079:188518 [5] NCCL INFO [YT-TRACE] [TOPO] path link=4 bw=40 hops=4 gpu=3 to_type=8 to_id=0x98000
jscs-backuppool-5090test-091606:188079:188513 [0] NCCL INFO [YT-TRACE] [TOPO] path link=10 bw=25 hops=5 gpu=7 to_type=5 to_id=0x0
jscs-backuppool-5090test-091606:188079:188513 [0] NCCL INFO [YT-TRACE] [TOPO] path link=0 bw=40 hops=5 gpu=7 peer=0
jscs-backuppool-5090test-091606:188079:188513 [0] NCCL INFO [YT-TRACE] [TOPO] path link=0 bw=40 hops=5 gpu=7 peer=1
jscs-backuppool-5090test-091606:188079:188518 [5] NCCL INFO [YT-TRACE] [TOPO] path link=4 bw=40 hops=4 gpu=3 to_type=8 to_id=0xa8000
jscs-backuppool-5090test-091606:188079:188518 [5] NCCL INFO [YT-TRACE] [TOPO] path link=4 bw=40 hops=4 gpu=3 to_type=8 to_id=0xb8000
jscs-backuppool-5090test-091606:188079:188518 [5] NCCL INFO [YT-TRACE] [TOPO] path link=4 bw=40 hops=4 gpu=3 to_type=8 to_id=0xc8000
jscs-backuppool-5090test-091606:188079:188513 [0] NCCL INFO [YT-TRACE] [TOPO] path link=0 bw=40 hops=5 gpu=7 peer=2
jscs-backuppool-5090test-091606:188079:188513 [0] NCCL INFO [YT-TRACE] [TOPO] path link=0 bw=40 hops=5 gpu=7 peer=3
jscs-backuppool-5090test-091606:188079:188513 [0] NCCL INFO [YT-TRACE] [TOPO] path link=0 bw=40 hops=5 gpu=7 peer=4
jscs-backuppool-5090test-091606:188079:188518 [5] NCCL INFO [YT-TRACE] [TOPO] path link=10 bw=25 hops=5 gpu=3 to_type=5 to_id=0x0
jscs-backuppool-5090test-091606:188079:188518 [5] NCCL INFO [YT-TRACE] [TOPO] path link=10 bw=25 hops=5 gpu=3 to_type=5 to_id=0x0
jscs-backuppool-5090test-091606:188079:188518 [5] NCCL INFO [YT-TRACE] [TOPO] path link=10 bw=25 hops=5 gpu=3 to_type=5 to_id=0x0
jscs-backuppool-5090test-091606:188079:188518 [5] NCCL INFO [YT-TRACE] [TOPO] path link=10 bw=25 hops=5 gpu=3 to_type=5 to_id=0x0
jscs-backuppool-5090test-091606:188079:188513 [0] NCCL INFO [YT-TRACE] [TOPO] path link=0 bw=40 hops=5 gpu=7 peer=5
jscs-backuppool-5090test-091606:188079:188520 [6] NCCL INFO [YT-TRACE] [TOPO] path link=0 bw=40 hops=5 gpu=0 peer=6
jscs-backuppool-5090test-091606:188079:188513 [0] NCCL INFO [YT-TRACE] [TOPO] path link=0 bw=40 hops=5 gpu=7 peer=6
jscs-backuppool-5090test-091606:188079:188518 [5] NCCL INFO [YT-TRACE] [TOPO] path link=0 bw=40 hops=5 gpu=3 peer=0
jscs-backuppool-5090test-091606:188079:188518 [5] NCCL INFO [YT-TRACE] [TOPO] path link=0 bw=40 hops=5 gpu=3 peer=1
jscs-backuppool-5090test-091606:188079:188518 [5] NCCL INFO [YT-TRACE] [TOPO] path link=0 bw=40 hops=5 gpu=3 peer=4
jscs-backuppool-5090test-091606:188079:188518 [5] NCCL INFO [YT-TRACE] [TOPO] path link=0 bw=40 hops=5 gpu=3 peer=5
jscs-backuppool-5090test-091606:188079:188518 [5] NCCL INFO [YT-TRACE] [TOPO] path link=0 bw=40 hops=5 gpu=3 peer=6
jscs-backuppool-5090test-091606:188079:188518 [5] NCCL INFO [YT-TRACE] [TOPO] path link=0 bw=40 hops=5 gpu=3 peer=7
jscs-backuppool-5090test-091606:188079:188518 [5] NCCL INFO [YT-TRACE] [TOPO] path link=0 bw=5000 hops=1 gpu=4 to_type=8 to_id=0x98000
jscs-backuppool-5090test-091606:188079:188518 [5] NCCL INFO [YT-TRACE] [TOPO] path link=4 bw=48 hops=2 gpu=4 to_type=3 to_id=0x2
jscs-backuppool-5090test-091606:188079:188518 [5] NCCL INFO [YT-TRACE] [TOPO] path link=4 bw=48 hops=3 gpu=4 to_type=8 to_id=0xa8000
jscs-backuppool-5090test-091606:188079:188518 [5] NCCL INFO [YT-TRACE] [TOPO] path link=4 bw=48 hops=3 gpu=4 to_type=8 to_id=0xb8000
jscs-backuppool-5090test-091606:188079:188518 [5] NCCL INFO [YT-TRACE] [TOPO] path link=9 bw=40 hops=3 gpu=4 to_type=3 to_id=0x0
jscs-backuppool-5090test-091606:188079:188518 [5] NCCL INFO [YT-TRACE] [TOPO] path link=9 bw=40 hops=3 gpu=4 to_type=3 to_id=0x1
jscs-backuppool-5090test-091606:188079:188518 [5] NCCL INFO [YT-TRACE] [TOPO] path link=9 bw=40 hops=3 gpu=4 to_type=3 to_id=0x3
jscs-backuppool-5090test-091606:188079:188518 [5] NCCL INFO [YT-TRACE] [TOPO] path link=0 bw=48 hops=4 gpu=4 peer=5
jscs-backuppool-5090test-091606:188079:188518 [5] NCCL INFO [YT-TRACE] [TOPO] path link=0 bw=48 hops=4 gpu=4 peer=6
jscs-backuppool-5090test-091606:188079:188518 [5] NCCL INFO [YT-TRACE] [TOPO] path link=4 bw=40 hops=4 gpu=4 to_type=4 to_id=0x0
jscs-backuppool-5090test-091606:188079:188518 [5] NCCL INFO [YT-TRACE] [TOPO] path link=4 bw=40 hops=4 gpu=4 to_type=8 to_id=0x27000
jscs-backuppool-5090test-091606:188079:188518 [5] NCCL INFO [YT-TRACE] [TOPO] path link=4 bw=40 hops=4 gpu=4 to_type=8 to_id=0x38000
jscs-backuppool-5090test-091606:188079:188518 [5] NCCL INFO [YT-TRACE] [TOPO] path link=4 bw=40 hops=4 gpu=4 to_type=8 to_id=0x49000
jscs-backuppool-5090test-091606:188079:188518 [5] NCCL INFO [YT-TRACE] [TOPO] path link=4 bw=40 hops=4 gpu=4 to_type=8 to_id=0x5a000
jscs-backuppool-5090test-091606:188079:188518 [5] NCCL INFO [YT-TRACE] [TOPO] path link=4 bw=40 hops=4 gpu=4 to_type=8 to_id=0xc8000
jscs-backuppool-5090test-091606:188079:188518 [5] NCCL INFO [YT-TRACE] [TOPO] path link=10 bw=25 hops=5 gpu=4 to_type=5 to_id=0x0
jscs-backuppool-5090test-091606:188079:188518 [5] NCCL INFO [YT-TRACE] [TOPO] path link=10 bw=25 hops=5 gpu=4 to_type=5 to_id=0x0
jscs-backuppool-5090test-091606:188079:188518 [5] NCCL INFO [YT-TRACE] [TOPO] path link=10 bw=25 hops=5 gpu=4 to_type=5 to_id=0x0
jscs-backuppool-5090test-091606:188079:188518 [5] NCCL INFO [YT-TRACE] [TOPO] path link=10 bw=25 hops=5 gpu=4 to_type=5 to_id=0x0
jscs-backuppool-5090test-091606:188079:188518 [5] NCCL INFO [YT-TRACE] [TOPO] path link=0 bw=40 hops=5 gpu=4 peer=0
jscs-backuppool-5090test-091606:188079:188518 [5] NCCL INFO [YT-TRACE] [TOPO] path link=0 bw=40 hops=5 gpu=4 peer=1
jscs-backuppool-5090test-091606:188079:188518 [5] NCCL INFO [YT-TRACE] [TOPO] path link=0 bw=40 hops=5 gpu=4 peer=2
jscs-backuppool-5090test-091606:188079:188518 [5] NCCL INFO [YT-TRACE] [TOPO] path link=0 bw=40 hops=5 gpu=4 peer=3
jscs-backuppool-5090test-091606:188079:188518 [5] NCCL INFO [YT-TRACE] [TOPO] path link=0 bw=40 hops=5 gpu=4 peer=7
jscs-backuppool-5090test-091606:188079:188518 [5] NCCL INFO [YT-TRACE] [TOPO] path link=0 bw=5000 hops=1 gpu=5 to_type=8 to_id=0xa8000
jscs-backuppool-5090test-091606:188079:188518 [5] NCCL INFO [YT-TRACE] [TOPO] path link=4 bw=48 hops=2 gpu=5 to_type=3 to_id=0x2
jscs-backuppool-5090test-091606:188079:188518 [5] NCCL INFO [YT-TRACE] [TOPO] path link=4 bw=48 hops=3 gpu=5 to_type=8 to_id=0x98000
jscs-backuppool-5090test-091606:188079:188518 [5] NCCL INFO [YT-TRACE] [TOPO] path link=4 bw=48 hops=3 gpu=5 to_type=8 to_id=0xb8000
jscs-backuppool-5090test-091606:188079:188518 [5] NCCL INFO [YT-TRACE] [TOPO] path link=9 bw=40 hops=3 gpu=5 to_type=3 to_id=0x0
jscs-backuppool-5090test-091606:188079:188518 [5] NCCL INFO [YT-TRACE] [TOPO] path link=9 bw=40 hops=3 gpu=5 to_type=3 to_id=0x1
jscs-backuppool-5090test-091606:188079:188518 [5] NCCL INFO [YT-TRACE] [TOPO] path link=9 bw=40 hops=3 gpu=5 to_type=3 to_id=0x3
jscs-backuppool-5090test-091606:188079:188518 [5] NCCL INFO [YT-TRACE] [TOPO] path link=0 bw=48 hops=4 gpu=5 peer=4
jscs-backuppool-5090test-091606:188079:188518 [5] NCCL INFO [YT-TRACE] [TOPO] path link=0 bw=48 hops=4 gpu=5 peer=6
jscs-backuppool-5090test-091606:188079:188518 [5] NCCL INFO [YT-TRACE] [TOPO] path link=4 bw=40 hops=4 gpu=5 to_type=4 to_id=0x0
jscs-backuppool-5090test-091606:188079:188518 [5] NCCL INFO [YT-TRACE] [TOPO] path link=4 bw=40 hops=4 gpu=5 to_type=8 to_id=0x27000
jscs-backuppool-5090test-091606:188079:188518 [5] NCCL INFO [YT-TRACE] [TOPO] path link=4 bw=40 hops=4 gpu=5 to_type=8 to_id=0x38000
jscs-backuppool-5090test-091606:188079:188518 [5] NCCL INFO [YT-TRACE] [TOPO] path link=4 bw=40 hops=4 gpu=5 to_type=8 to_id=0x49000
jscs-backuppool-5090test-091606:188079:188518 [5] NCCL INFO [YT-TRACE] [TOPO] path link=4 bw=40 hops=4 gpu=5 to_type=8 to_id=0x5a000
jscs-backuppool-5090test-091606:188079:188518 [5] NCCL INFO [YT-TRACE] [TOPO] path link=4 bw=40 hops=4 gpu=5 to_type=8 to_id=0xc8000
jscs-backuppool-5090test-091606:188079:188518 [5] NCCL INFO [YT-TRACE] [TOPO] path link=10 bw=25 hops=5 gpu=5 to_type=5 to_id=0x0
jscs-backuppool-5090test-091606:188079:188518 [5] NCCL INFO [YT-TRACE] [TOPO] path link=10 bw=25 hops=5 gpu=5 to_type=5 to_id=0x0
jscs-backuppool-5090test-091606:188079:188518 [5] NCCL INFO [YT-TRACE] [TOPO] path link=10 bw=25 hops=5 gpu=5 to_type=5 to_id=0x0
jscs-backuppool-5090test-091606:188079:188518 [5] NCCL INFO [YT-TRACE] [TOPO] path link=10 bw=25 hops=5 gpu=5 to_type=5 to_id=0x0
jscs-backuppool-5090test-091606:188079:188518 [5] NCCL INFO [YT-TRACE] [TOPO] path link=0 bw=40 hops=5 gpu=5 peer=0
jscs-backuppool-5090test-091606:188079:188518 [5] NCCL INFO [YT-TRACE] [TOPO] path link=0 bw=40 hops=5 gpu=5 peer=1
jscs-backuppool-5090test-091606:188079:188518 [5] NCCL INFO [YT-TRACE] [TOPO] path link=0 bw=40 hops=5 gpu=5 peer=2
jscs-backuppool-5090test-091606:188079:188518 [5] NCCL INFO [YT-TRACE] [TOPO] path link=0 bw=40 hops=5 gpu=5 peer=3
jscs-backuppool-5090test-091606:188079:188518 [5] NCCL INFO [YT-TRACE] [TOPO] path link=0 bw=40 hops=5 gpu=5 peer=7
jscs-backuppool-5090test-091606:188079:188518 [5] NCCL INFO [YT-TRACE] [TOPO] path link=0 bw=5000 hops=1 gpu=6 to_type=8 to_id=0xb8000
jscs-backuppool-5090test-091606:188079:188518 [5] NCCL INFO [YT-TRACE] [TOPO] path link=4 bw=48 hops=2 gpu=6 to_type=3 to_id=0x2
jscs-backuppool-5090test-091606:188079:188518 [5] NCCL INFO [YT-TRACE] [TOPO] path link=4 bw=48 hops=3 gpu=6 to_type=8 to_id=0x98000
jscs-backuppool-5090test-091606:188079:188518 [5] NCCL INFO [YT-TRACE] [TOPO] path link=4 bw=48 hops=3 gpu=6 to_type=8 to_id=0xa8000
jscs-backuppool-5090test-091606:188079:188518 [5] NCCL INFO [YT-TRACE] [TOPO] path link=9 bw=40 hops=3 gpu=6 to_type=3 to_id=0x0
jscs-backuppool-5090test-091606:188079:188518 [5] NCCL INFO [YT-TRACE] [TOPO] path link=9 bw=40 hops=3 gpu=6 to_type=3 to_id=0x1
jscs-backuppool-5090test-091606:188079:188518 [5] NCCL INFO [YT-TRACE] [TOPO] path link=9 bw=40 hops=3 gpu=6 to_type=3 to_id=0x3
jscs-backuppool-5090test-091606:188079:188518 [5] NCCL INFO [YT-TRACE] [TOPO] path link=0 bw=48 hops=4 gpu=6 peer=4
jscs-backuppool-5090test-091606:188079:188518 [5] NCCL INFO [YT-TRACE] [TOPO] path link=0 bw=48 hops=4 gpu=6 peer=5
jscs-backuppool-5090test-091606:188079:188518 [5] NCCL INFO [YT-TRACE] [TOPO] path link=4 bw=40 hops=4 gpu=6 to_type=4 to_id=0x0
jscs-backuppool-5090test-091606:188079:188518 [5] NCCL INFO [YT-TRACE] [TOPO] path link=4 bw=40 hops=4 gpu=6 to_type=8 to_id=0x27000
jscs-backuppool-5090test-091606:188079:188518 [5] NCCL INFO [YT-TRACE] [TOPO] path link=4 bw=40 hops=4 gpu=6 to_type=8 to_id=0x38000
jscs-backuppool-5090test-091606:188079:188518 [5] NCCL INFO [YT-TRACE] [TOPO] path link=4 bw=40 hops=4 gpu=6 to_type=8 to_id=0x49000
jscs-backuppool-5090test-091606:188079:188518 [5] NCCL INFO [YT-TRACE] [TOPO] path link=4 bw=40 hops=4 gpu=6 to_type=8 to_id=0x5a000
jscs-backuppool-5090test-091606:188079:188518 [5] NCCL INFO [YT-TRACE] [TOPO] path link=4 bw=40 hops=4 gpu=6 to_type=8 to_id=0xc8000
jscs-backuppool-5090test-091606:188079:188518 [5] NCCL INFO [YT-TRACE] [TOPO] path link=10 bw=25 hops=5 gpu=6 to_type=5 to_id=0x0
jscs-backuppool-5090test-091606:188079:188518 [5] NCCL INFO [YT-TRACE] [TOPO] path link=10 bw=25 hops=5 gpu=6 to_type=5 to_id=0x0
jscs-backuppool-5090test-091606:188079:188518 [5] NCCL INFO [YT-TRACE] [TOPO] path link=10 bw=25 hops=5 gpu=6 to_type=5 to_id=0x0
jscs-backuppool-5090test-091606:188079:188518 [5] NCCL INFO [YT-TRACE] [TOPO] path link=10 bw=25 hops=5 gpu=6 to_type=5 to_id=0x0
jscs-backuppool-5090test-091606:188079:188518 [5] NCCL INFO [YT-TRACE] [TOPO] path link=0 bw=40 hops=5 gpu=6 peer=0
jscs-backuppool-5090test-091606:188079:188518 [5] NCCL INFO [YT-TRACE] [TOPO] path link=0 bw=40 hops=5 gpu=6 peer=1
jscs-backuppool-5090test-091606:188079:188518 [5] NCCL INFO [YT-TRACE] [TOPO] path link=0 bw=40 hops=5 gpu=6 peer=2
jscs-backuppool-5090test-091606:188079:188518 [5] NCCL INFO [YT-TRACE] [TOPO] path link=0 bw=40 hops=5 gpu=6 peer=3
jscs-backuppool-5090test-091606:188079:188518 [5] NCCL INFO [YT-TRACE] [TOPO] path link=0 bw=40 hops=5 gpu=6 peer=7
jscs-backuppool-5090test-091606:188079:188518 [5] NCCL INFO [YT-TRACE] [TOPO] path link=0 bw=5000 hops=1 gpu=7 to_type=8 to_id=0xc8000
jscs-backuppool-5090test-091606:188079:188518 [5] NCCL INFO [YT-TRACE] [TOPO] path link=4 bw=48 hops=2 gpu=7 to_type=3 to_id=0x3
jscs-backuppool-5090test-091606:188079:188518 [5] NCCL INFO [YT-TRACE] [TOPO] path link=9 bw=40 hops=3 gpu=7 to_type=3 to_id=0x0
jscs-backuppool-5090test-091606:188079:188518 [5] NCCL INFO [YT-TRACE] [TOPO] path link=9 bw=40 hops=3 gpu=7 to_type=3 to_id=0x1
jscs-backuppool-5090test-091606:188079:188518 [5] NCCL INFO [YT-TRACE] [TOPO] path link=9 bw=40 hops=3 gpu=7 to_type=3 to_id=0x2
jscs-backuppool-5090test-091606:188079:188518 [5] NCCL INFO [YT-TRACE] [TOPO] path link=4 bw=40 hops=4 gpu=7 to_type=4 to_id=0x0
jscs-backuppool-5090test-091606:188079:188518 [5] NCCL INFO [YT-TRACE] [TOPO] path link=4 bw=40 hops=4 gpu=7 to_type=8 to_id=0x27000
jscs-backuppool-5090test-091606:188079:188518 [5] NCCL INFO [YT-TRACE] [TOPO] path link=4 bw=40 hops=4 gpu=7 to_type=8 to_id=0x38000
jscs-backuppool-5090test-091606:188079:188518 [5] NCCL INFO [YT-TRACE] [TOPO] path link=4 bw=40 hops=4 gpu=7 to_type=8 to_id=0x49000
jscs-backuppool-5090test-091606:188079:188518 [5] NCCL INFO [YT-TRACE] [TOPO] path link=4 bw=40 hops=4 gpu=7 to_type=8 to_id=0x5a000
jscs-backuppool-5090test-091606:188079:188518 [5] NCCL INFO [YT-TRACE] [TOPO] path link=4 bw=40 hops=4 gpu=7 to_type=8 to_id=0x98000
jscs-backuppool-5090test-091606:188079:188518 [5] NCCL INFO [YT-TRACE] [TOPO] path link=4 bw=40 hops=4 gpu=7 to_type=8 to_id=0xa8000
jscs-backuppool-5090test-091606:188079:188518 [5] NCCL INFO [YT-TRACE] [TOPO] path link=4 bw=40 hops=4 gpu=7 to_type=8 to_id=0xb8000
jscs-backuppool-5090test-091606:188079:188518 [5] NCCL INFO [YT-TRACE] [TOPO] path link=10 bw=25 hops=5 gpu=7 to_type=5 to_id=0x0
jscs-backuppool-5090test-091606:188079:188518 [5] NCCL INFO [YT-TRACE] [TOPO] path link=10 bw=25 hops=5 gpu=7 to_type=5 to_id=0x0
jscs-backuppool-5090test-091606:188079:188518 [5] NCCL INFO [YT-TRACE] [TOPO] path link=10 bw=25 hops=5 gpu=7 to_type=5 to_id=0x0
jscs-backuppool-5090test-091606:188079:188518 [5] NCCL INFO [YT-TRACE] [TOPO] path link=10 bw=25 hops=5 gpu=7 to_type=5 to_id=0x0
jscs-backuppool-5090test-091606:188079:188518 [5] NCCL INFO [YT-TRACE] [TOPO] path link=0 bw=40 hops=5 gpu=7 peer=0
jscs-backuppool-5090test-091606:188079:188516 [3] NCCL INFO [YT-TRACE] [TOPO] path link=0 bw=40 hops=5 gpu=0 peer=7
jscs-backuppool-5090test-091606:188079:188516 [3] NCCL INFO [YT-TRACE] [TOPO] path link=0 bw=5000 hops=1 gpu=1 to_type=8 to_id=0x38000
jscs-backuppool-5090test-091606:188079:188516 [3] NCCL INFO [YT-TRACE] [TOPO] path link=4 bw=48 hops=2 gpu=1 to_type=3 to_id=0x0
jscs-backuppool-5090test-091606:188079:188516 [3] NCCL INFO [YT-TRACE] [TOPO] path link=4 bw=48 hops=3 gpu=1 to_type=4 to_id=0x0
jscs-backuppool-5090test-091606:188079:188518 [5] NCCL INFO [YT-TRACE] [TOPO] path link=0 bw=40 hops=5 gpu=7 peer=1
jscs-backuppool-5090test-091606:188079:188518 [5] NCCL INFO [YT-TRACE] [TOPO] path link=0 bw=40 hops=5 gpu=7 peer=2
jscs-backuppool-5090test-091606:188079:188518 [5] NCCL INFO [YT-TRACE] [TOPO] path link=0 bw=40 hops=5 gpu=7 peer=3
jscs-backuppool-5090test-091606:188079:188518 [5] NCCL INFO [YT-TRACE] [TOPO] path link=0 bw=40 hops=5 gpu=7 peer=4
jscs-backuppool-5090test-091606:188079:188518 [5] NCCL INFO [YT-TRACE] [TOPO] path link=0 bw=40 hops=5 gpu=7 peer=5
jscs-backuppool-5090test-091606:188079:188518 [5] NCCL INFO [YT-TRACE] [TOPO] path link=0 bw=40 hops=5 gpu=7 peer=6
jscs-backuppool-5090test-091606:188079:188516 [3] NCCL INFO [YT-TRACE] [TOPO] path link=4 bw=48 hops=3 gpu=1 to_type=8 to_id=0x27000
jscs-backuppool-5090test-091606:188079:188516 [3] NCCL INFO [YT-TRACE] [TOPO] path link=9 bw=40 hops=3 gpu=1 to_type=3 to_id=0x1
jscs-backuppool-5090test-091606:188079:188516 [3] NCCL INFO [YT-TRACE] [TOPO] path link=9 bw=40 hops=3 gpu=1 to_type=3 to_id=0x2
jscs-backuppool-5090test-091606:188079:188516 [3] NCCL INFO [YT-TRACE] [TOPO] path link=9 bw=40 hops=3 gpu=1 to_type=3 to_id=0x3
jscs-backuppool-5090test-091606:188079:188516 [3] NCCL INFO [YT-TRACE] [TOPO] path link=10 bw=25 hops=4 gpu=1 to_type=5 to_id=0x0
jscs-backuppool-5090test-091606:188079:188516 [3] NCCL INFO [YT-TRACE] [TOPO] path link=10 bw=25 hops=4 gpu=1 to_type=5 to_id=0x0
jscs-backuppool-5090test-091606:188079:188516 [3] NCCL INFO [YT-TRACE] [TOPO] path link=10 bw=25 hops=4 gpu=1 to_type=5 to_id=0x0
jscs-backuppool-5090test-091606:188079:188516 [3] NCCL INFO [YT-TRACE] [TOPO] path link=10 bw=25 hops=4 gpu=1 to_type=5 to_id=0x0
jscs-backuppool-5090test-091606:188079:188516 [3] NCCL INFO [YT-TRACE] [TOPO] path link=0 bw=48 hops=4 gpu=1 peer=0
jscs-backuppool-5090test-091606:188079:188516 [3] NCCL INFO [YT-TRACE] [TOPO] path link=4 bw=40 hops=4 gpu=1 to_type=8 to_id=0x49000
jscs-backuppool-5090test-091606:188079:188516 [3] NCCL INFO [YT-TRACE] [TOPO] path link=4 bw=40 hops=4 gpu=1 to_type=8 to_id=0x5a000
jscs-backuppool-5090test-091606:188079:188516 [3] NCCL INFO [YT-TRACE] [TOPO] path link=4 bw=40 hops=4 gpu=1 to_type=8 to_id=0x98000
jscs-backuppool-5090test-091606:188079:188516 [3] NCCL INFO [YT-TRACE] [TOPO] path link=4 bw=40 hops=4 gpu=1 to_type=8 to_id=0xa8000
jscs-backuppool-5090test-091606:188079:188516 [3] NCCL INFO [YT-TRACE] [TOPO] path link=4 bw=40 hops=4 gpu=1 to_type=8 to_id=0xb8000
jscs-backuppool-5090test-091606:188079:188516 [3] NCCL INFO [YT-TRACE] [TOPO] path link=4 bw=40 hops=4 gpu=1 to_type=8 to_id=0xc8000
jscs-backuppool-5090test-091606:188079:188516 [3] NCCL INFO [YT-TRACE] [TOPO] path link=0 bw=40 hops=5 gpu=1 peer=2
jscs-backuppool-5090test-091606:188079:188516 [3] NCCL INFO [YT-TRACE] [TOPO] path link=0 bw=40 hops=5 gpu=1 peer=3
jscs-backuppool-5090test-091606:188079:188516 [3] NCCL INFO [YT-TRACE] [TOPO] path link=0 bw=40 hops=5 gpu=1 peer=4
jscs-backuppool-5090test-091606:188079:188516 [3] NCCL INFO [YT-TRACE] [TOPO] path link=0 bw=40 hops=5 gpu=1 peer=5
jscs-backuppool-5090test-091606:188079:188516 [3] NCCL INFO [YT-TRACE] [TOPO] path link=0 bw=40 hops=5 gpu=1 peer=6
jscs-backuppool-5090test-091606:188079:188516 [3] NCCL INFO [YT-TRACE] [TOPO] path link=0 bw=40 hops=5 gpu=1 peer=7
jscs-backuppool-5090test-091606:188079:188516 [3] NCCL INFO [YT-TRACE] [TOPO] path link=0 bw=5000 hops=1 gpu=2 to_type=8 to_id=0x49000
jscs-backuppool-5090test-091606:188079:188516 [3] NCCL INFO [YT-TRACE] [TOPO] path link=4 bw=48 hops=2 gpu=2 to_type=3 to_id=0x1
jscs-backuppool-5090test-091606:188079:188516 [3] NCCL INFO [YT-TRACE] [TOPO] path link=4 bw=48 hops=3 gpu=2 to_type=8 to_id=0x5a000
jscs-backuppool-5090test-091606:188079:188516 [3] NCCL INFO [YT-TRACE] [TOPO] path link=9 bw=40 hops=3 gpu=2 to_type=3 to_id=0x0
jscs-backuppool-5090test-091606:188079:188516 [3] NCCL INFO [YT-TRACE] [TOPO] path link=9 bw=40 hops=3 gpu=2 to_type=3 to_id=0x2
jscs-backuppool-5090test-091606:188079:188516 [3] NCCL INFO [YT-TRACE] [TOPO] path link=9 bw=40 hops=3 gpu=2 to_type=3 to_id=0x3
jscs-backuppool-5090test-091606:188079:188516 [3] NCCL INFO [YT-TRACE] [TOPO] path link=0 bw=48 hops=4 gpu=2 peer=3
jscs-backuppool-5090test-091606:188079:188516 [3] NCCL INFO [YT-TRACE] [TOPO] path link=4 bw=40 hops=4 gpu=2 to_type=4 to_id=0x0
jscs-backuppool-5090test-091606:188079:188516 [3] NCCL INFO [YT-TRACE] [TOPO] path link=4 bw=40 hops=4 gpu=2 to_type=8 to_id=0x27000
jscs-backuppool-5090test-091606:188079:188516 [3] NCCL INFO [YT-TRACE] [TOPO] path link=4 bw=40 hops=4 gpu=2 to_type=8 to_id=0x38000
jscs-backuppool-5090test-091606:188079:188516 [3] NCCL INFO [YT-TRACE] [TOPO] path link=4 bw=40 hops=4 gpu=2 to_type=8 to_id=0x98000
jscs-backuppool-5090test-091606:188079:188516 [3] NCCL INFO [YT-TRACE] [TOPO] path link=4 bw=40 hops=4 gpu=2 to_type=8 to_id=0xa8000
jscs-backuppool-5090test-091606:188079:188516 [3] NCCL INFO [YT-TRACE] [TOPO] path link=4 bw=40 hops=4 gpu=2 to_type=8 to_id=0xb8000
jscs-backuppool-5090test-091606:188079:188516 [3] NCCL INFO [YT-TRACE] [TOPO] path link=4 bw=40 hops=4 gpu=2 to_type=8 to_id=0xc8000
jscs-backuppool-5090test-091606:188079:188516 [3] NCCL INFO [YT-TRACE] [TOPO] path link=10 bw=25 hops=5 gpu=2 to_type=5 to_id=0x0
jscs-backuppool-5090test-091606:188079:188516 [3] NCCL INFO [YT-TRACE] [TOPO] path link=10 bw=25 hops=5 gpu=2 to_type=5 to_id=0x0
jscs-backuppool-5090test-091606:188079:188516 [3] NCCL INFO [YT-TRACE] [TOPO] path link=10 bw=25 hops=5 gpu=2 to_type=5 to_id=0x0
jscs-backuppool-5090test-091606:188079:188516 [3] NCCL INFO [YT-TRACE] [TOPO] path link=10 bw=25 hops=5 gpu=2 to_type=5 to_id=0x0
jscs-backuppool-5090test-091606:188079:188516 [3] NCCL INFO [YT-TRACE] [TOPO] path link=0 bw=40 hops=5 gpu=2 peer=0
jscs-backuppool-5090test-091606:188079:188516 [3] NCCL INFO [YT-TRACE] [TOPO] path link=0 bw=40 hops=5 gpu=2 peer=1
jscs-backuppool-5090test-091606:188079:188516 [3] NCCL INFO [YT-TRACE] [TOPO] path link=0 bw=40 hops=5 gpu=2 peer=4
jscs-backuppool-5090test-091606:188079:188516 [3] NCCL INFO [YT-TRACE] [TOPO] path link=0 bw=40 hops=5 gpu=2 peer=5
jscs-backuppool-5090test-091606:188079:188516 [3] NCCL INFO [YT-TRACE] [TOPO] path link=0 bw=40 hops=5 gpu=2 peer=6
jscs-backuppool-5090test-091606:188079:188516 [3] NCCL INFO [YT-TRACE] [TOPO] path link=0 bw=40 hops=5 gpu=2 peer=7
jscs-backuppool-5090test-091606:188079:188516 [3] NCCL INFO [YT-TRACE] [TOPO] path link=0 bw=5000 hops=1 gpu=3 to_type=8 to_id=0x5a000
jscs-backuppool-5090test-091606:188079:188516 [3] NCCL INFO [YT-TRACE] [TOPO] path link=4 bw=48 hops=2 gpu=3 to_type=3 to_id=0x1
jscs-backuppool-5090test-091606:188079:188516 [3] NCCL INFO [YT-TRACE] [TOPO] path link=4 bw=48 hops=3 gpu=3 to_type=8 to_id=0x49000
jscs-backuppool-5090test-091606:188079:188516 [3] NCCL INFO [YT-TRACE] [TOPO] path link=9 bw=40 hops=3 gpu=3 to_type=3 to_id=0x0
jscs-backuppool-5090test-091606:188079:188516 [3] NCCL INFO [YT-TRACE] [TOPO] path link=9 bw=40 hops=3 gpu=3 to_type=3 to_id=0x2
jscs-backuppool-5090test-091606:188079:188516 [3] NCCL INFO [YT-TRACE] [TOPO] path link=9 bw=40 hops=3 gpu=3 to_type=3 to_id=0x3
jscs-backuppool-5090test-091606:188079:188516 [3] NCCL INFO [YT-TRACE] [TOPO] path link=0 bw=48 hops=4 gpu=3 peer=2
jscs-backuppool-5090test-091606:188079:188516 [3] NCCL INFO [YT-TRACE] [TOPO] path link=4 bw=40 hops=4 gpu=3 to_type=4 to_id=0x0
jscs-backuppool-5090test-091606:188079:188516 [3] NCCL INFO [YT-TRACE] [TOPO] path link=4 bw=40 hops=4 gpu=3 to_type=8 to_id=0x27000
jscs-backuppool-5090test-091606:188079:188516 [3] NCCL INFO [YT-TRACE] [TOPO] path link=4 bw=40 hops=4 gpu=3 to_type=8 to_id=0x38000
jscs-backuppool-5090test-091606:188079:188516 [3] NCCL INFO [YT-TRACE] [TOPO] path link=4 bw=40 hops=4 gpu=3 to_type=8 to_id=0x98000
jscs-backuppool-5090test-091606:188079:188516 [3] NCCL INFO [YT-TRACE] [TOPO] path link=4 bw=40 hops=4 gpu=3 to_type=8 to_id=0xa8000
jscs-backuppool-5090test-091606:188079:188516 [3] NCCL INFO [YT-TRACE] [TOPO] path link=4 bw=40 hops=4 gpu=3 to_type=8 to_id=0xb8000
jscs-backuppool-5090test-091606:188079:188516 [3] NCCL INFO [YT-TRACE] [TOPO] path link=4 bw=40 hops=4 gpu=3 to_type=8 to_id=0xc8000
jscs-backuppool-5090test-091606:188079:188516 [3] NCCL INFO [YT-TRACE] [TOPO] path link=10 bw=25 hops=5 gpu=3 to_type=5 to_id=0x0
jscs-backuppool-5090test-091606:188079:188516 [3] NCCL INFO [YT-TRACE] [TOPO] path link=10 bw=25 hops=5 gpu=3 to_type=5 to_id=0x0
jscs-backuppool-5090test-091606:188079:188516 [3] NCCL INFO [YT-TRACE] [TOPO] path link=10 bw=25 hops=5 gpu=3 to_type=5 to_id=0x0
jscs-backuppool-5090test-091606:188079:188516 [3] NCCL INFO [YT-TRACE] [TOPO] path link=10 bw=25 hops=5 gpu=3 to_type=5 to_id=0x0
jscs-backuppool-5090test-091606:188079:188516 [3] NCCL INFO [YT-TRACE] [TOPO] path link=0 bw=40 hops=5 gpu=3 peer=0
jscs-backuppool-5090test-091606:188079:188516 [3] NCCL INFO [YT-TRACE] [TOPO] path link=0 bw=40 hops=5 gpu=3 peer=1
jscs-backuppool-5090test-091606:188079:188516 [3] NCCL INFO [YT-TRACE] [TOPO] path link=0 bw=40 hops=5 gpu=3 peer=4
jscs-backuppool-5090test-091606:188079:188516 [3] NCCL INFO [YT-TRACE] [TOPO] path link=0 bw=40 hops=5 gpu=3 peer=5
jscs-backuppool-5090test-091606:188079:188516 [3] NCCL INFO [YT-TRACE] [TOPO] path link=0 bw=40 hops=5 gpu=3 peer=6
jscs-backuppool-5090test-091606:188079:188516 [3] NCCL INFO [YT-TRACE] [TOPO] path link=0 bw=40 hops=5 gpu=3 peer=7
jscs-backuppool-5090test-091606:188079:188516 [3] NCCL INFO [YT-TRACE] [TOPO] path link=0 bw=5000 hops=1 gpu=4 to_type=8 to_id=0x98000
jscs-backuppool-5090test-091606:188079:188516 [3] NCCL INFO [YT-TRACE] [TOPO] path link=4 bw=48 hops=2 gpu=4 to_type=3 to_id=0x2
jscs-backuppool-5090test-091606:188079:188516 [3] NCCL INFO [YT-TRACE] [TOPO] path link=4 bw=48 hops=3 gpu=4 to_type=8 to_id=0xa8000
jscs-backuppool-5090test-091606:188079:188516 [3] NCCL INFO [YT-TRACE] [TOPO] path link=4 bw=48 hops=3 gpu=4 to_type=8 to_id=0xb8000
jscs-backuppool-5090test-091606:188079:188516 [3] NCCL INFO [YT-TRACE] [TOPO] path link=9 bw=40 hops=3 gpu=4 to_type=3 to_id=0x0
jscs-backuppool-5090test-091606:188079:188516 [3] NCCL INFO [YT-TRACE] [TOPO] path link=9 bw=40 hops=3 gpu=4 to_type=3 to_id=0x1
jscs-backuppool-5090test-091606:188079:188516 [3] NCCL INFO [YT-TRACE] [TOPO] path link=9 bw=40 hops=3 gpu=4 to_type=3 to_id=0x3
jscs-backuppool-5090test-091606:188079:188516 [3] NCCL INFO [YT-TRACE] [TOPO] path link=0 bw=48 hops=4 gpu=4 peer=5
jscs-backuppool-5090test-091606:188079:188516 [3] NCCL INFO [YT-TRACE] [TOPO] path link=0 bw=48 hops=4 gpu=4 peer=6
jscs-backuppool-5090test-091606:188079:188516 [3] NCCL INFO [YT-TRACE] [TOPO] path link=4 bw=40 hops=4 gpu=4 to_type=4 to_id=0x0
jscs-backuppool-5090test-091606:188079:188516 [3] NCCL INFO [YT-TRACE] [TOPO] path link=4 bw=40 hops=4 gpu=4 to_type=8 to_id=0x27000
jscs-backuppool-5090test-091606:188079:188516 [3] NCCL INFO [YT-TRACE] [TOPO] path link=4 bw=40 hops=4 gpu=4 to_type=8 to_id=0x38000
jscs-backuppool-5090test-091606:188079:188516 [3] NCCL INFO [YT-TRACE] [TOPO] path link=4 bw=40 hops=4 gpu=4 to_type=8 to_id=0x49000
jscs-backuppool-5090test-091606:188079:188516 [3] NCCL INFO [YT-TRACE] [TOPO] path link=4 bw=40 hops=4 gpu=4 to_type=8 to_id=0x5a000
jscs-backuppool-5090test-091606:188079:188516 [3] NCCL INFO [YT-TRACE] [TOPO] path link=4 bw=40 hops=4 gpu=4 to_type=8 to_id=0xc8000
jscs-backuppool-5090test-091606:188079:188516 [3] NCCL INFO [YT-TRACE] [TOPO] path link=10 bw=25 hops=5 gpu=4 to_type=5 to_id=0x0
jscs-backuppool-5090test-091606:188079:188516 [3] NCCL INFO [YT-TRACE] [TOPO] path link=10 bw=25 hops=5 gpu=4 to_type=5 to_id=0x0
jscs-backuppool-5090test-091606:188079:188516 [3] NCCL INFO [YT-TRACE] [TOPO] path link=10 bw=25 hops=5 gpu=4 to_type=5 to_id=0x0
jscs-backuppool-5090test-091606:188079:188516 [3] NCCL INFO [YT-TRACE] [TOPO] path link=10 bw=25 hops=5 gpu=4 to_type=5 to_id=0x0
jscs-backuppool-5090test-091606:188079:188516 [3] NCCL INFO [YT-TRACE] [TOPO] path link=0 bw=40 hops=5 gpu=4 peer=0
jscs-backuppool-5090test-091606:188079:188516 [3] NCCL INFO [YT-TRACE] [TOPO] path link=0 bw=40 hops=5 gpu=4 peer=1
jscs-backuppool-5090test-091606:188079:188516 [3] NCCL INFO [YT-TRACE] [TOPO] path link=0 bw=40 hops=5 gpu=4 peer=2
jscs-backuppool-5090test-091606:188079:188516 [3] NCCL INFO [YT-TRACE] [TOPO] path link=0 bw=40 hops=5 gpu=4 peer=3
jscs-backuppool-5090test-091606:188079:188516 [3] NCCL INFO [YT-TRACE] [TOPO] path link=0 bw=40 hops=5 gpu=4 peer=7
jscs-backuppool-5090test-091606:188079:188516 [3] NCCL INFO [YT-TRACE] [TOPO] path link=0 bw=5000 hops=1 gpu=5 to_type=8 to_id=0xa8000
jscs-backuppool-5090test-091606:188079:188516 [3] NCCL INFO [YT-TRACE] [TOPO] path link=4 bw=48 hops=2 gpu=5 to_type=3 to_id=0x2
jscs-backuppool-5090test-091606:188079:188516 [3] NCCL INFO [YT-TRACE] [TOPO] path link=4 bw=48 hops=3 gpu=5 to_type=8 to_id=0x98000
jscs-backuppool-5090test-091606:188079:188516 [3] NCCL INFO [YT-TRACE] [TOPO] path link=4 bw=48 hops=3 gpu=5 to_type=8 to_id=0xb8000
jscs-backuppool-5090test-091606:188079:188516 [3] NCCL INFO [YT-TRACE] [TOPO] path link=9 bw=40 hops=3 gpu=5 to_type=3 to_id=0x0
jscs-backuppool-5090test-091606:188079:188516 [3] NCCL INFO [YT-TRACE] [TOPO] path link=9 bw=40 hops=3 gpu=5 to_type=3 to_id=0x1
jscs-backuppool-5090test-091606:188079:188516 [3] NCCL INFO [YT-TRACE] [TOPO] path link=9 bw=40 hops=3 gpu=5 to_type=3 to_id=0x3
jscs-backuppool-5090test-091606:188079:188516 [3] NCCL INFO [YT-TRACE] [TOPO] path link=0 bw=48 hops=4 gpu=5 peer=4
jscs-backuppool-5090test-091606:188079:188516 [3] NCCL INFO [YT-TRACE] [TOPO] path link=0 bw=48 hops=4 gpu=5 peer=6
jscs-backuppool-5090test-091606:188079:188516 [3] NCCL INFO [YT-TRACE] [TOPO] path link=4 bw=40 hops=4 gpu=5 to_type=4 to_id=0x0
jscs-backuppool-5090test-091606:188079:188516 [3] NCCL INFO [YT-TRACE] [TOPO] path link=4 bw=40 hops=4 gpu=5 to_type=8 to_id=0x27000
jscs-backuppool-5090test-091606:188079:188516 [3] NCCL INFO [YT-TRACE] [TOPO] path link=4 bw=40 hops=4 gpu=5 to_type=8 to_id=0x38000
jscs-backuppool-5090test-091606:188079:188516 [3] NCCL INFO [YT-TRACE] [TOPO] path link=4 bw=40 hops=4 gpu=5 to_type=8 to_id=0x49000
jscs-backuppool-5090test-091606:188079:188516 [3] NCCL INFO [YT-TRACE] [TOPO] path link=4 bw=40 hops=4 gpu=5 to_type=8 to_id=0x5a000
jscs-backuppool-5090test-091606:188079:188516 [3] NCCL INFO [YT-TRACE] [TOPO] path link=4 bw=40 hops=4 gpu=5 to_type=8 to_id=0xc8000
jscs-backuppool-5090test-091606:188079:188516 [3] NCCL INFO [YT-TRACE] [TOPO] path link=10 bw=25 hops=5 gpu=5 to_type=5 to_id=0x0
jscs-backuppool-5090test-091606:188079:188516 [3] NCCL INFO [YT-TRACE] [TOPO] path link=10 bw=25 hops=5 gpu=5 to_type=5 to_id=0x0
jscs-backuppool-5090test-091606:188079:188516 [3] NCCL INFO [YT-TRACE] [TOPO] path link=10 bw=25 hops=5 gpu=5 to_type=5 to_id=0x0
jscs-backuppool-5090test-091606:188079:188516 [3] NCCL INFO [YT-TRACE] [TOPO] path link=10 bw=25 hops=5 gpu=5 to_type=5 to_id=0x0
jscs-backuppool-5090test-091606:188079:188516 [3] NCCL INFO [YT-TRACE] [TOPO] path link=0 bw=40 hops=5 gpu=5 peer=0
jscs-backuppool-5090test-091606:188079:188516 [3] NCCL INFO [YT-TRACE] [TOPO] path link=0 bw=40 hops=5 gpu=5 peer=1
jscs-backuppool-5090test-091606:188079:188516 [3] NCCL INFO [YT-TRACE] [TOPO] path link=0 bw=40 hops=5 gpu=5 peer=2
jscs-backuppool-5090test-091606:188079:188516 [3] NCCL INFO [YT-TRACE] [TOPO] path link=0 bw=40 hops=5 gpu=5 peer=3
jscs-backuppool-5090test-091606:188079:188516 [3] NCCL INFO [YT-TRACE] [TOPO] path link=0 bw=40 hops=5 gpu=5 peer=7
jscs-backuppool-5090test-091606:188079:188516 [3] NCCL INFO [YT-TRACE] [TOPO] path link=0 bw=5000 hops=1 gpu=6 to_type=8 to_id=0xb8000
jscs-backuppool-5090test-091606:188079:188516 [3] NCCL INFO [YT-TRACE] [TOPO] path link=4 bw=48 hops=2 gpu=6 to_type=3 to_id=0x2
jscs-backuppool-5090test-091606:188079:188516 [3] NCCL INFO [YT-TRACE] [TOPO] path link=4 bw=48 hops=3 gpu=6 to_type=8 to_id=0x98000
jscs-backuppool-5090test-091606:188079:188516 [3] NCCL INFO [YT-TRACE] [TOPO] path link=4 bw=48 hops=3 gpu=6 to_type=8 to_id=0xa8000
jscs-backuppool-5090test-091606:188079:188516 [3] NCCL INFO [YT-TRACE] [TOPO] path link=9 bw=40 hops=3 gpu=6 to_type=3 to_id=0x0
jscs-backuppool-5090test-091606:188079:188516 [3] NCCL INFO [YT-TRACE] [TOPO] path link=9 bw=40 hops=3 gpu=6 to_type=3 to_id=0x1
jscs-backuppool-5090test-091606:188079:188516 [3] NCCL INFO [YT-TRACE] [TOPO] path link=9 bw=40 hops=3 gpu=6 to_type=3 to_id=0x3
jscs-backuppool-5090test-091606:188079:188516 [3] NCCL INFO [YT-TRACE] [TOPO] path link=0 bw=48 hops=4 gpu=6 peer=4
jscs-backuppool-5090test-091606:188079:188516 [3] NCCL INFO [YT-TRACE] [TOPO] path link=0 bw=48 hops=4 gpu=6 peer=5
jscs-backuppool-5090test-091606:188079:188516 [3] NCCL INFO [YT-TRACE] [TOPO] path link=4 bw=40 hops=4 gpu=6 to_type=4 to_id=0x0
jscs-backuppool-5090test-091606:188079:188516 [3] NCCL INFO [YT-TRACE] [TOPO] path link=4 bw=40 hops=4 gpu=6 to_type=8 to_id=0x27000
jscs-backuppool-5090test-091606:188079:188516 [3] NCCL INFO [YT-TRACE] [TOPO] path link=4 bw=40 hops=4 gpu=6 to_type=8 to_id=0x38000
jscs-backuppool-5090test-091606:188079:188516 [3] NCCL INFO [YT-TRACE] [TOPO] path link=4 bw=40 hops=4 gpu=6 to_type=8 to_id=0x49000
jscs-backuppool-5090test-091606:188079:188516 [3] NCCL INFO [YT-TRACE] [TOPO] path link=4 bw=40 hops=4 gpu=6 to_type=8 to_id=0x5a000
jscs-backuppool-5090test-091606:188079:188516 [3] NCCL INFO [YT-TRACE] [TOPO] path link=4 bw=40 hops=4 gpu=6 to_type=8 to_id=0xc8000
jscs-backuppool-5090test-091606:188079:188516 [3] NCCL INFO [YT-TRACE] [TOPO] path link=10 bw=25 hops=5 gpu=6 to_type=5 to_id=0x0
jscs-backuppool-5090test-091606:188079:188516 [3] NCCL INFO [YT-TRACE] [TOPO] path link=10 bw=25 hops=5 gpu=6 to_type=5 to_id=0x0
jscs-backuppool-5090test-091606:188079:188516 [3] NCCL INFO [YT-TRACE] [TOPO] path link=10 bw=25 hops=5 gpu=6 to_type=5 to_id=0x0
jscs-backuppool-5090test-091606:188079:188516 [3] NCCL INFO [YT-TRACE] [TOPO] path link=10 bw=25 hops=5 gpu=6 to_type=5 to_id=0x0
jscs-backuppool-5090test-091606:188079:188516 [3] NCCL INFO [YT-TRACE] [TOPO] path link=0 bw=40 hops=5 gpu=6 peer=0
jscs-backuppool-5090test-091606:188079:188516 [3] NCCL INFO [YT-TRACE] [TOPO] path link=0 bw=40 hops=5 gpu=6 peer=1
jscs-backuppool-5090test-091606:188079:188516 [3] NCCL INFO [YT-TRACE] [TOPO] path link=0 bw=40 hops=5 gpu=6 peer=2
jscs-backuppool-5090test-091606:188079:188516 [3] NCCL INFO [YT-TRACE] [TOPO] path link=0 bw=40 hops=5 gpu=6 peer=3
jscs-backuppool-5090test-091606:188079:188516 [3] NCCL INFO [YT-TRACE] [TOPO] path link=0 bw=40 hops=5 gpu=6 peer=7
jscs-backuppool-5090test-091606:188079:188516 [3] NCCL INFO [YT-TRACE] [TOPO] path link=0 bw=5000 hops=1 gpu=7 to_type=8 to_id=0xc8000
jscs-backuppool-5090test-091606:188079:188516 [3] NCCL INFO [YT-TRACE] [TOPO] path link=4 bw=48 hops=2 gpu=7 to_type=3 to_id=0x3
jscs-backuppool-5090test-091606:188079:188516 [3] NCCL INFO [YT-TRACE] [TOPO] path link=9 bw=40 hops=3 gpu=7 to_type=3 to_id=0x0
jscs-backuppool-5090test-091606:188079:188516 [3] NCCL INFO [YT-TRACE] [TOPO] path link=9 bw=40 hops=3 gpu=7 to_type=3 to_id=0x1
jscs-backuppool-5090test-091606:188079:188516 [3] NCCL INFO [YT-TRACE] [TOPO] path link=9 bw=40 hops=3 gpu=7 to_type=3 to_id=0x2
jscs-backuppool-5090test-091606:188079:188516 [3] NCCL INFO [YT-TRACE] [TOPO] path link=4 bw=40 hops=4 gpu=7 to_type=4 to_id=0x0
jscs-backuppool-5090test-091606:188079:188516 [3] NCCL INFO [YT-TRACE] [TOPO] path link=4 bw=40 hops=4 gpu=7 to_type=8 to_id=0x27000
jscs-backuppool-5090test-091606:188079:188516 [3] NCCL INFO [YT-TRACE] [TOPO] path link=4 bw=40 hops=4 gpu=7 to_type=8 to_id=0x38000
jscs-backuppool-5090test-091606:188079:188516 [3] NCCL INFO [YT-TRACE] [TOPO] path link=4 bw=40 hops=4 gpu=7 to_type=8 to_id=0x49000
jscs-backuppool-5090test-091606:188079:188516 [3] NCCL INFO [YT-TRACE] [TOPO] path link=4 bw=40 hops=4 gpu=7 to_type=8 to_id=0x5a000
jscs-backuppool-5090test-091606:188079:188516 [3] NCCL INFO [YT-TRACE] [TOPO] path link=4 bw=40 hops=4 gpu=7 to_type=8 to_id=0x98000
jscs-backuppool-5090test-091606:188079:188516 [3] NCCL INFO [YT-TRACE] [TOPO] path link=4 bw=40 hops=4 gpu=7 to_type=8 to_id=0xa8000
jscs-backuppool-5090test-091606:188079:188516 [3] NCCL INFO [YT-TRACE] [TOPO] path link=4 bw=40 hops=4 gpu=7 to_type=8 to_id=0xb8000
jscs-backuppool-5090test-091606:188079:188516 [3] NCCL INFO [YT-TRACE] [TOPO] path link=10 bw=25 hops=5 gpu=7 to_type=5 to_id=0x0
jscs-backuppool-5090test-091606:188079:188516 [3] NCCL INFO [YT-TRACE] [TOPO] path link=10 bw=25 hops=5 gpu=7 to_type=5 to_id=0x0
jscs-backuppool-5090test-091606:188079:188516 [3] NCCL INFO [YT-TRACE] [TOPO] path link=10 bw=25 hops=5 gpu=7 to_type=5 to_id=0x0
jscs-backuppool-5090test-091606:188079:188516 [3] NCCL INFO [YT-TRACE] [TOPO] path link=10 bw=25 hops=5 gpu=7 to_type=5 to_id=0x0
jscs-backuppool-5090test-091606:188079:188516 [3] NCCL INFO [YT-TRACE] [TOPO] path link=0 bw=40 hops=5 gpu=7 peer=0
jscs-backuppool-5090test-091606:188079:188516 [3] NCCL INFO [YT-TRACE] [TOPO] path link=0 bw=40 hops=5 gpu=7 peer=1
jscs-backuppool-5090test-091606:188079:188516 [3] NCCL INFO [YT-TRACE] [TOPO] path link=0 bw=40 hops=5 gpu=7 peer=2
jscs-backuppool-5090test-091606:188079:188516 [3] NCCL INFO [YT-TRACE] [TOPO] path link=0 bw=40 hops=5 gpu=7 peer=3
jscs-backuppool-5090test-091606:188079:188516 [3] NCCL INFO [YT-TRACE] [TOPO] path link=0 bw=40 hops=5 gpu=7 peer=4
jscs-backuppool-5090test-091606:188079:188520 [6] NCCL INFO [YT-TRACE] [TOPO] path link=0 bw=40 hops=5 gpu=0 peer=7
jscs-backuppool-5090test-091606:188079:188520 [6] NCCL INFO [YT-TRACE] [TOPO] path link=0 bw=5000 hops=1 gpu=1 to_type=8 to_id=0x38000
jscs-backuppool-5090test-091606:188079:188516 [3] NCCL INFO [YT-TRACE] [TOPO] path link=0 bw=40 hops=5 gpu=7 peer=5
jscs-backuppool-5090test-091606:188079:188516 [3] NCCL INFO [YT-TRACE] [TOPO] path link=0 bw=40 hops=5 gpu=7 peer=6
jscs-backuppool-5090test-091606:188079:188520 [6] NCCL INFO [YT-TRACE] [TOPO] path link=4 bw=48 hops=2 gpu=1 to_type=3 to_id=0x0
jscs-backuppool-5090test-091606:188079:188520 [6] NCCL INFO [YT-TRACE] [TOPO] path link=4 bw=48 hops=3 gpu=1 to_type=4 to_id=0x0
jscs-backuppool-5090test-091606:188079:188520 [6] NCCL INFO [YT-TRACE] [TOPO] path link=4 bw=48 hops=3 gpu=1 to_type=8 to_id=0x27000
jscs-backuppool-5090test-091606:188079:188520 [6] NCCL INFO [YT-TRACE] [TOPO] path link=9 bw=40 hops=3 gpu=1 to_type=3 to_id=0x1
jscs-backuppool-5090test-091606:188079:188520 [6] NCCL INFO [YT-TRACE] [TOPO] path link=9 bw=40 hops=3 gpu=1 to_type=3 to_id=0x2
jscs-backuppool-5090test-091606:188079:188520 [6] NCCL INFO [YT-TRACE] [TOPO] path link=9 bw=40 hops=3 gpu=1 to_type=3 to_id=0x3
jscs-backuppool-5090test-091606:188079:188520 [6] NCCL INFO [YT-TRACE] [TOPO] path link=10 bw=25 hops=4 gpu=1 to_type=5 to_id=0x0
jscs-backuppool-5090test-091606:188079:188520 [6] NCCL INFO [YT-TRACE] [TOPO] path link=10 bw=25 hops=4 gpu=1 to_type=5 to_id=0x0
jscs-backuppool-5090test-091606:188079:188520 [6] NCCL INFO [YT-TRACE] [TOPO] path link=10 bw=25 hops=4 gpu=1 to_type=5 to_id=0x0
jscs-backuppool-5090test-091606:188079:188520 [6] NCCL INFO [YT-TRACE] [TOPO] path link=10 bw=25 hops=4 gpu=1 to_type=5 to_id=0x0
jscs-backuppool-5090test-091606:188079:188520 [6] NCCL INFO [YT-TRACE] [TOPO] path link=0 bw=48 hops=4 gpu=1 peer=0
jscs-backuppool-5090test-091606:188079:188520 [6] NCCL INFO [YT-TRACE] [TOPO] path link=4 bw=40 hops=4 gpu=1 to_type=8 to_id=0x49000
jscs-backuppool-5090test-091606:188079:188520 [6] NCCL INFO [YT-TRACE] [TOPO] path link=4 bw=40 hops=4 gpu=1 to_type=8 to_id=0x5a000
jscs-backuppool-5090test-091606:188079:188520 [6] NCCL INFO [YT-TRACE] [TOPO] path link=4 bw=40 hops=4 gpu=1 to_type=8 to_id=0x98000
jscs-backuppool-5090test-091606:188079:188520 [6] NCCL INFO [YT-TRACE] [TOPO] path link=4 bw=40 hops=4 gpu=1 to_type=8 to_id=0xa8000
jscs-backuppool-5090test-091606:188079:188520 [6] NCCL INFO [YT-TRACE] [TOPO] path link=4 bw=40 hops=4 gpu=1 to_type=8 to_id=0xb8000
jscs-backuppool-5090test-091606:188079:188520 [6] NCCL INFO [YT-TRACE] [TOPO] path link=4 bw=40 hops=4 gpu=1 to_type=8 to_id=0xc8000
jscs-backuppool-5090test-091606:188079:188520 [6] NCCL INFO [YT-TRACE] [TOPO] path link=0 bw=40 hops=5 gpu=1 peer=2
jscs-backuppool-5090test-091606:188079:188520 [6] NCCL INFO [YT-TRACE] [TOPO] path link=0 bw=40 hops=5 gpu=1 peer=3
jscs-backuppool-5090test-091606:188079:188520 [6] NCCL INFO [YT-TRACE] [TOPO] path link=0 bw=40 hops=5 gpu=1 peer=4
jscs-backuppool-5090test-091606:188079:188520 [6] NCCL INFO [YT-TRACE] [TOPO] path link=0 bw=40 hops=5 gpu=1 peer=5
jscs-backuppool-5090test-091606:188079:188520 [6] NCCL INFO [YT-TRACE] [TOPO] path link=0 bw=40 hops=5 gpu=1 peer=6
jscs-backuppool-5090test-091606:188079:188520 [6] NCCL INFO [YT-TRACE] [TOPO] path link=0 bw=40 hops=5 gpu=1 peer=7
jscs-backuppool-5090test-091606:188079:188520 [6] NCCL INFO [YT-TRACE] [TOPO] path link=0 bw=5000 hops=1 gpu=2 to_type=8 to_id=0x49000
jscs-backuppool-5090test-091606:188079:188520 [6] NCCL INFO [YT-TRACE] [TOPO] path link=4 bw=48 hops=2 gpu=2 to_type=3 to_id=0x1
jscs-backuppool-5090test-091606:188079:188520 [6] NCCL INFO [YT-TRACE] [TOPO] path link=4 bw=48 hops=3 gpu=2 to_type=8 to_id=0x5a000
jscs-backuppool-5090test-091606:188079:188520 [6] NCCL INFO [YT-TRACE] [TOPO] path link=9 bw=40 hops=3 gpu=2 to_type=3 to_id=0x0
jscs-backuppool-5090test-091606:188079:188520 [6] NCCL INFO [YT-TRACE] [TOPO] path link=9 bw=40 hops=3 gpu=2 to_type=3 to_id=0x2
jscs-backuppool-5090test-091606:188079:188520 [6] NCCL INFO [YT-TRACE] [TOPO] path link=9 bw=40 hops=3 gpu=2 to_type=3 to_id=0x3
jscs-backuppool-5090test-091606:188079:188520 [6] NCCL INFO [YT-TRACE] [TOPO] path link=0 bw=48 hops=4 gpu=2 peer=3
jscs-backuppool-5090test-091606:188079:188520 [6] NCCL INFO [YT-TRACE] [TOPO] path link=4 bw=40 hops=4 gpu=2 to_type=4 to_id=0x0
jscs-backuppool-5090test-091606:188079:188520 [6] NCCL INFO [YT-TRACE] [TOPO] path link=4 bw=40 hops=4 gpu=2 to_type=8 to_id=0x27000
jscs-backuppool-5090test-091606:188079:188520 [6] NCCL INFO [YT-TRACE] [TOPO] path link=4 bw=40 hops=4 gpu=2 to_type=8 to_id=0x38000
jscs-backuppool-5090test-091606:188079:188520 [6] NCCL INFO [YT-TRACE] [TOPO] path link=4 bw=40 hops=4 gpu=2 to_type=8 to_id=0x98000
jscs-backuppool-5090test-091606:188079:188520 [6] NCCL INFO [YT-TRACE] [TOPO] path link=4 bw=40 hops=4 gpu=2 to_type=8 to_id=0xa8000
jscs-backuppool-5090test-091606:188079:188520 [6] NCCL INFO [YT-TRACE] [TOPO] path link=4 bw=40 hops=4 gpu=2 to_type=8 to_id=0xb8000
jscs-backuppool-5090test-091606:188079:188520 [6] NCCL INFO [YT-TRACE] [TOPO] path link=4 bw=40 hops=4 gpu=2 to_type=8 to_id=0xc8000
jscs-backuppool-5090test-091606:188079:188520 [6] NCCL INFO [YT-TRACE] [TOPO] path link=10 bw=25 hops=5 gpu=2 to_type=5 to_id=0x0
jscs-backuppool-5090test-091606:188079:188520 [6] NCCL INFO [YT-TRACE] [TOPO] path link=10 bw=25 hops=5 gpu=2 to_type=5 to_id=0x0
jscs-backuppool-5090test-091606:188079:188520 [6] NCCL INFO [YT-TRACE] [TOPO] path link=10 bw=25 hops=5 gpu=2 to_type=5 to_id=0x0
jscs-backuppool-5090test-091606:188079:188520 [6] NCCL INFO [YT-TRACE] [TOPO] path link=10 bw=25 hops=5 gpu=2 to_type=5 to_id=0x0
jscs-backuppool-5090test-091606:188079:188520 [6] NCCL INFO [YT-TRACE] [TOPO] path link=0 bw=40 hops=5 gpu=2 peer=0
jscs-backuppool-5090test-091606:188079:188520 [6] NCCL INFO [YT-TRACE] [TOPO] path link=0 bw=40 hops=5 gpu=2 peer=1
jscs-backuppool-5090test-091606:188079:188520 [6] NCCL INFO [YT-TRACE] [TOPO] path link=0 bw=40 hops=5 gpu=2 peer=4
jscs-backuppool-5090test-091606:188079:188520 [6] NCCL INFO [YT-TRACE] [TOPO] path link=0 bw=40 hops=5 gpu=2 peer=5
jscs-backuppool-5090test-091606:188079:188520 [6] NCCL INFO [YT-TRACE] [TOPO] path link=0 bw=40 hops=5 gpu=2 peer=6
jscs-backuppool-5090test-091606:188079:188520 [6] NCCL INFO [YT-TRACE] [TOPO] path link=0 bw=40 hops=5 gpu=2 peer=7
jscs-backuppool-5090test-091606:188079:188520 [6] NCCL INFO [YT-TRACE] [TOPO] path link=0 bw=5000 hops=1 gpu=3 to_type=8 to_id=0x5a000
jscs-backuppool-5090test-091606:188079:188520 [6] NCCL INFO [YT-TRACE] [TOPO] path link=4 bw=48 hops=2 gpu=3 to_type=3 to_id=0x1
jscs-backuppool-5090test-091606:188079:188520 [6] NCCL INFO [YT-TRACE] [TOPO] path link=4 bw=48 hops=3 gpu=3 to_type=8 to_id=0x49000
jscs-backuppool-5090test-091606:188079:188520 [6] NCCL INFO [YT-TRACE] [TOPO] path link=9 bw=40 hops=3 gpu=3 to_type=3 to_id=0x0
jscs-backuppool-5090test-091606:188079:188520 [6] NCCL INFO [YT-TRACE] [TOPO] path link=9 bw=40 hops=3 gpu=3 to_type=3 to_id=0x2
jscs-backuppool-5090test-091606:188079:188520 [6] NCCL INFO [YT-TRACE] [TOPO] path link=9 bw=40 hops=3 gpu=3 to_type=3 to_id=0x3
jscs-backuppool-5090test-091606:188079:188520 [6] NCCL INFO [YT-TRACE] [TOPO] path link=0 bw=48 hops=4 gpu=3 peer=2
jscs-backuppool-5090test-091606:188079:188520 [6] NCCL INFO [YT-TRACE] [TOPO] path link=4 bw=40 hops=4 gpu=3 to_type=4 to_id=0x0
jscs-backuppool-5090test-091606:188079:188520 [6] NCCL INFO [YT-TRACE] [TOPO] path link=4 bw=40 hops=4 gpu=3 to_type=8 to_id=0x27000
jscs-backuppool-5090test-091606:188079:188520 [6] NCCL INFO [YT-TRACE] [TOPO] path link=4 bw=40 hops=4 gpu=3 to_type=8 to_id=0x38000
jscs-backuppool-5090test-091606:188079:188520 [6] NCCL INFO [YT-TRACE] [TOPO] path link=4 bw=40 hops=4 gpu=3 to_type=8 to_id=0x98000
jscs-backuppool-5090test-091606:188079:188520 [6] NCCL INFO [YT-TRACE] [TOPO] path link=4 bw=40 hops=4 gpu=3 to_type=8 to_id=0xa8000
jscs-backuppool-5090test-091606:188079:188520 [6] NCCL INFO [YT-TRACE] [TOPO] path link=4 bw=40 hops=4 gpu=3 to_type=8 to_id=0xb8000
jscs-backuppool-5090test-091606:188079:188520 [6] NCCL INFO [YT-TRACE] [TOPO] path link=4 bw=40 hops=4 gpu=3 to_type=8 to_id=0xc8000
jscs-backuppool-5090test-091606:188079:188520 [6] NCCL INFO [YT-TRACE] [TOPO] path link=10 bw=25 hops=5 gpu=3 to_type=5 to_id=0x0
jscs-backuppool-5090test-091606:188079:188520 [6] NCCL INFO [YT-TRACE] [TOPO] path link=10 bw=25 hops=5 gpu=3 to_type=5 to_id=0x0
jscs-backuppool-5090test-091606:188079:188520 [6] NCCL INFO [YT-TRACE] [TOPO] path link=10 bw=25 hops=5 gpu=3 to_type=5 to_id=0x0
jscs-backuppool-5090test-091606:188079:188520 [6] NCCL INFO [YT-TRACE] [TOPO] path link=10 bw=25 hops=5 gpu=3 to_type=5 to_id=0x0
jscs-backuppool-5090test-091606:188079:188520 [6] NCCL INFO [YT-TRACE] [TOPO] path link=0 bw=40 hops=5 gpu=3 peer=0
jscs-backuppool-5090test-091606:188079:188520 [6] NCCL INFO [YT-TRACE] [TOPO] path link=0 bw=40 hops=5 gpu=3 peer=1
jscs-backuppool-5090test-091606:188079:188520 [6] NCCL INFO [YT-TRACE] [TOPO] path link=0 bw=40 hops=5 gpu=3 peer=4
jscs-backuppool-5090test-091606:188079:188520 [6] NCCL INFO [YT-TRACE] [TOPO] path link=0 bw=40 hops=5 gpu=3 peer=5
jscs-backuppool-5090test-091606:188079:188520 [6] NCCL INFO [YT-TRACE] [TOPO] path link=0 bw=40 hops=5 gpu=3 peer=6
jscs-backuppool-5090test-091606:188079:188520 [6] NCCL INFO [YT-TRACE] [TOPO] path link=0 bw=40 hops=5 gpu=3 peer=7
jscs-backuppool-5090test-091606:188079:188520 [6] NCCL INFO [YT-TRACE] [TOPO] path link=0 bw=5000 hops=1 gpu=4 to_type=8 to_id=0x98000
jscs-backuppool-5090test-091606:188079:188520 [6] NCCL INFO [YT-TRACE] [TOPO] path link=4 bw=48 hops=2 gpu=4 to_type=3 to_id=0x2
jscs-backuppool-5090test-091606:188079:188520 [6] NCCL INFO [YT-TRACE] [TOPO] path link=4 bw=48 hops=3 gpu=4 to_type=8 to_id=0xa8000
jscs-backuppool-5090test-091606:188079:188520 [6] NCCL INFO [YT-TRACE] [TOPO] path link=4 bw=48 hops=3 gpu=4 to_type=8 to_id=0xb8000
jscs-backuppool-5090test-091606:188079:188520 [6] NCCL INFO [YT-TRACE] [TOPO] path link=9 bw=40 hops=3 gpu=4 to_type=3 to_id=0x0
jscs-backuppool-5090test-091606:188079:188520 [6] NCCL INFO [YT-TRACE] [TOPO] path link=9 bw=40 hops=3 gpu=4 to_type=3 to_id=0x1
jscs-backuppool-5090test-091606:188079:188520 [6] NCCL INFO [YT-TRACE] [TOPO] path link=9 bw=40 hops=3 gpu=4 to_type=3 to_id=0x3
jscs-backuppool-5090test-091606:188079:188520 [6] NCCL INFO [YT-TRACE] [TOPO] path link=0 bw=48 hops=4 gpu=4 peer=5
jscs-backuppool-5090test-091606:188079:188520 [6] NCCL INFO [YT-TRACE] [TOPO] path link=0 bw=48 hops=4 gpu=4 peer=6
jscs-backuppool-5090test-091606:188079:188520 [6] NCCL INFO [YT-TRACE] [TOPO] path link=4 bw=40 hops=4 gpu=4 to_type=4 to_id=0x0
jscs-backuppool-5090test-091606:188079:188520 [6] NCCL INFO [YT-TRACE] [TOPO] path link=4 bw=40 hops=4 gpu=4 to_type=8 to_id=0x27000
jscs-backuppool-5090test-091606:188079:188520 [6] NCCL INFO [YT-TRACE] [TOPO] path link=4 bw=40 hops=4 gpu=4 to_type=8 to_id=0x38000
jscs-backuppool-5090test-091606:188079:188520 [6] NCCL INFO [YT-TRACE] [TOPO] path link=4 bw=40 hops=4 gpu=4 to_type=8 to_id=0x49000
jscs-backuppool-5090test-091606:188079:188520 [6] NCCL INFO [YT-TRACE] [TOPO] path link=4 bw=40 hops=4 gpu=4 to_type=8 to_id=0x5a000
jscs-backuppool-5090test-091606:188079:188520 [6] NCCL INFO [YT-TRACE] [TOPO] path link=4 bw=40 hops=4 gpu=4 to_type=8 to_id=0xc8000
jscs-backuppool-5090test-091606:188079:188520 [6] NCCL INFO [YT-TRACE] [TOPO] path link=10 bw=25 hops=5 gpu=4 to_type=5 to_id=0x0
jscs-backuppool-5090test-091606:188079:188520 [6] NCCL INFO [YT-TRACE] [TOPO] path link=10 bw=25 hops=5 gpu=4 to_type=5 to_id=0x0
jscs-backuppool-5090test-091606:188079:188520 [6] NCCL INFO [YT-TRACE] [TOPO] path link=10 bw=25 hops=5 gpu=4 to_type=5 to_id=0x0
jscs-backuppool-5090test-091606:188079:188520 [6] NCCL INFO [YT-TRACE] [TOPO] path link=10 bw=25 hops=5 gpu=4 to_type=5 to_id=0x0
jscs-backuppool-5090test-091606:188079:188520 [6] NCCL INFO [YT-TRACE] [TOPO] path link=0 bw=40 hops=5 gpu=4 peer=0
jscs-backuppool-5090test-091606:188079:188520 [6] NCCL INFO [YT-TRACE] [TOPO] path link=0 bw=40 hops=5 gpu=4 peer=1
jscs-backuppool-5090test-091606:188079:188520 [6] NCCL INFO [YT-TRACE] [TOPO] path link=0 bw=40 hops=5 gpu=4 peer=2
jscs-backuppool-5090test-091606:188079:188520 [6] NCCL INFO [YT-TRACE] [TOPO] path link=0 bw=40 hops=5 gpu=4 peer=3
jscs-backuppool-5090test-091606:188079:188520 [6] NCCL INFO [YT-TRACE] [TOPO] path link=0 bw=40 hops=5 gpu=4 peer=7
jscs-backuppool-5090test-091606:188079:188520 [6] NCCL INFO [YT-TRACE] [TOPO] path link=0 bw=5000 hops=1 gpu=5 to_type=8 to_id=0xa8000
jscs-backuppool-5090test-091606:188079:188520 [6] NCCL INFO [YT-TRACE] [TOPO] path link=4 bw=48 hops=2 gpu=5 to_type=3 to_id=0x2
jscs-backuppool-5090test-091606:188079:188520 [6] NCCL INFO [YT-TRACE] [TOPO] path link=4 bw=48 hops=3 gpu=5 to_type=8 to_id=0x98000
jscs-backuppool-5090test-091606:188079:188520 [6] NCCL INFO [YT-TRACE] [TOPO] path link=4 bw=48 hops=3 gpu=5 to_type=8 to_id=0xb8000
jscs-backuppool-5090test-091606:188079:188520 [6] NCCL INFO [YT-TRACE] [TOPO] path link=9 bw=40 hops=3 gpu=5 to_type=3 to_id=0x0
jscs-backuppool-5090test-091606:188079:188520 [6] NCCL INFO [YT-TRACE] [TOPO] path link=9 bw=40 hops=3 gpu=5 to_type=3 to_id=0x1
jscs-backuppool-5090test-091606:188079:188520 [6] NCCL INFO [YT-TRACE] [TOPO] path link=9 bw=40 hops=3 gpu=5 to_type=3 to_id=0x3
jscs-backuppool-5090test-091606:188079:188520 [6] NCCL INFO [YT-TRACE] [TOPO] path link=0 bw=48 hops=4 gpu=5 peer=4
jscs-backuppool-5090test-091606:188079:188520 [6] NCCL INFO [YT-TRACE] [TOPO] path link=0 bw=48 hops=4 gpu=5 peer=6
jscs-backuppool-5090test-091606:188079:188520 [6] NCCL INFO [YT-TRACE] [TOPO] path link=4 bw=40 hops=4 gpu=5 to_type=4 to_id=0x0
jscs-backuppool-5090test-091606:188079:188520 [6] NCCL INFO [YT-TRACE] [TOPO] path link=4 bw=40 hops=4 gpu=5 to_type=8 to_id=0x27000
jscs-backuppool-5090test-091606:188079:188520 [6] NCCL INFO [YT-TRACE] [TOPO] path link=4 bw=40 hops=4 gpu=5 to_type=8 to_id=0x38000
jscs-backuppool-5090test-091606:188079:188520 [6] NCCL INFO [YT-TRACE] [TOPO] path link=4 bw=40 hops=4 gpu=5 to_type=8 to_id=0x49000
jscs-backuppool-5090test-091606:188079:188520 [6] NCCL INFO [YT-TRACE] [TOPO] path link=4 bw=40 hops=4 gpu=5 to_type=8 to_id=0x5a000
jscs-backuppool-5090test-091606:188079:188520 [6] NCCL INFO [YT-TRACE] [TOPO] path link=4 bw=40 hops=4 gpu=5 to_type=8 to_id=0xc8000
jscs-backuppool-5090test-091606:188079:188520 [6] NCCL INFO [YT-TRACE] [TOPO] path link=10 bw=25 hops=5 gpu=5 to_type=5 to_id=0x0
jscs-backuppool-5090test-091606:188079:188520 [6] NCCL INFO [YT-TRACE] [TOPO] path link=10 bw=25 hops=5 gpu=5 to_type=5 to_id=0x0
jscs-backuppool-5090test-091606:188079:188520 [6] NCCL INFO [YT-TRACE] [TOPO] path link=10 bw=25 hops=5 gpu=5 to_type=5 to_id=0x0
jscs-backuppool-5090test-091606:188079:188520 [6] NCCL INFO [YT-TRACE] [TOPO] path link=10 bw=25 hops=5 gpu=5 to_type=5 to_id=0x0
jscs-backuppool-5090test-091606:188079:188520 [6] NCCL INFO [YT-TRACE] [TOPO] path link=0 bw=40 hops=5 gpu=5 peer=0
jscs-backuppool-5090test-091606:188079:188520 [6] NCCL INFO [YT-TRACE] [TOPO] path link=0 bw=40 hops=5 gpu=5 peer=1
jscs-backuppool-5090test-091606:188079:188520 [6] NCCL INFO [YT-TRACE] [TOPO] path link=0 bw=40 hops=5 gpu=5 peer=2
jscs-backuppool-5090test-091606:188079:188520 [6] NCCL INFO [YT-TRACE] [TOPO] path link=0 bw=40 hops=5 gpu=5 peer=3
jscs-backuppool-5090test-091606:188079:188520 [6] NCCL INFO [YT-TRACE] [TOPO] path link=0 bw=40 hops=5 gpu=5 peer=7
jscs-backuppool-5090test-091606:188079:188520 [6] NCCL INFO [YT-TRACE] [TOPO] path link=0 bw=5000 hops=1 gpu=6 to_type=8 to_id=0xb8000
jscs-backuppool-5090test-091606:188079:188520 [6] NCCL INFO [YT-TRACE] [TOPO] path link=4 bw=48 hops=2 gpu=6 to_type=3 to_id=0x2
jscs-backuppool-5090test-091606:188079:188520 [6] NCCL INFO [YT-TRACE] [TOPO] path link=4 bw=48 hops=3 gpu=6 to_type=8 to_id=0x98000
jscs-backuppool-5090test-091606:188079:188520 [6] NCCL INFO [YT-TRACE] [TOPO] path link=4 bw=48 hops=3 gpu=6 to_type=8 to_id=0xa8000
jscs-backuppool-5090test-091606:188079:188520 [6] NCCL INFO [YT-TRACE] [TOPO] path link=9 bw=40 hops=3 gpu=6 to_type=3 to_id=0x0
jscs-backuppool-5090test-091606:188079:188520 [6] NCCL INFO [YT-TRACE] [TOPO] path link=9 bw=40 hops=3 gpu=6 to_type=3 to_id=0x1
jscs-backuppool-5090test-091606:188079:188520 [6] NCCL INFO [YT-TRACE] [TOPO] path link=9 bw=40 hops=3 gpu=6 to_type=3 to_id=0x3
jscs-backuppool-5090test-091606:188079:188520 [6] NCCL INFO [YT-TRACE] [TOPO] path link=0 bw=48 hops=4 gpu=6 peer=4
jscs-backuppool-5090test-091606:188079:188520 [6] NCCL INFO [YT-TRACE] [TOPO] path link=0 bw=48 hops=4 gpu=6 peer=5
jscs-backuppool-5090test-091606:188079:188520 [6] NCCL INFO [YT-TRACE] [TOPO] path link=4 bw=40 hops=4 gpu=6 to_type=4 to_id=0x0
jscs-backuppool-5090test-091606:188079:188520 [6] NCCL INFO [YT-TRACE] [TOPO] path link=4 bw=40 hops=4 gpu=6 to_type=8 to_id=0x27000
jscs-backuppool-5090test-091606:188079:188520 [6] NCCL INFO [YT-TRACE] [TOPO] path link=4 bw=40 hops=4 gpu=6 to_type=8 to_id=0x38000
jscs-backuppool-5090test-091606:188079:188520 [6] NCCL INFO [YT-TRACE] [TOPO] path link=4 bw=40 hops=4 gpu=6 to_type=8 to_id=0x49000
jscs-backuppool-5090test-091606:188079:188520 [6] NCCL INFO [YT-TRACE] [TOPO] path link=4 bw=40 hops=4 gpu=6 to_type=8 to_id=0x5a000
jscs-backuppool-5090test-091606:188079:188520 [6] NCCL INFO [YT-TRACE] [TOPO] path link=4 bw=40 hops=4 gpu=6 to_type=8 to_id=0xc8000
jscs-backuppool-5090test-091606:188079:188520 [6] NCCL INFO [YT-TRACE] [TOPO] path link=10 bw=25 hops=5 gpu=6 to_type=5 to_id=0x0
jscs-backuppool-5090test-091606:188079:188520 [6] NCCL INFO [YT-TRACE] [TOPO] path link=10 bw=25 hops=5 gpu=6 to_type=5 to_id=0x0
jscs-backuppool-5090test-091606:188079:188520 [6] NCCL INFO [YT-TRACE] [TOPO] path link=10 bw=25 hops=5 gpu=6 to_type=5 to_id=0x0
jscs-backuppool-5090test-091606:188079:188520 [6] NCCL INFO [YT-TRACE] [TOPO] path link=10 bw=25 hops=5 gpu=6 to_type=5 to_id=0x0
jscs-backuppool-5090test-091606:188079:188520 [6] NCCL INFO [YT-TRACE] [TOPO] path link=0 bw=40 hops=5 gpu=6 peer=0
jscs-backuppool-5090test-091606:188079:188520 [6] NCCL INFO [YT-TRACE] [TOPO] path link=0 bw=40 hops=5 gpu=6 peer=1
jscs-backuppool-5090test-091606:188079:188520 [6] NCCL INFO [YT-TRACE] [TOPO] path link=0 bw=40 hops=5 gpu=6 peer=2
jscs-backuppool-5090test-091606:188079:188520 [6] NCCL INFO [YT-TRACE] [TOPO] path link=0 bw=40 hops=5 gpu=6 peer=3
jscs-backuppool-5090test-091606:188079:188520 [6] NCCL INFO [YT-TRACE] [TOPO] path link=0 bw=40 hops=5 gpu=6 peer=7
jscs-backuppool-5090test-091606:188079:188520 [6] NCCL INFO [YT-TRACE] [TOPO] path link=0 bw=5000 hops=1 gpu=7 to_type=8 to_id=0xc8000
jscs-backuppool-5090test-091606:188079:188520 [6] NCCL INFO [YT-TRACE] [TOPO] path link=4 bw=48 hops=2 gpu=7 to_type=3 to_id=0x3
jscs-backuppool-5090test-091606:188079:188520 [6] NCCL INFO [YT-TRACE] [TOPO] path link=9 bw=40 hops=3 gpu=7 to_type=3 to_id=0x0
jscs-backuppool-5090test-091606:188079:188520 [6] NCCL INFO [YT-TRACE] [TOPO] path link=9 bw=40 hops=3 gpu=7 to_type=3 to_id=0x1
jscs-backuppool-5090test-091606:188079:188520 [6] NCCL INFO [YT-TRACE] [TOPO] path link=9 bw=40 hops=3 gpu=7 to_type=3 to_id=0x2
jscs-backuppool-5090test-091606:188079:188520 [6] NCCL INFO [YT-TRACE] [TOPO] path link=4 bw=40 hops=4 gpu=7 to_type=4 to_id=0x0
jscs-backuppool-5090test-091606:188079:188520 [6] NCCL INFO [YT-TRACE] [TOPO] path link=4 bw=40 hops=4 gpu=7 to_type=8 to_id=0x27000
jscs-backuppool-5090test-091606:188079:188520 [6] NCCL INFO [YT-TRACE] [TOPO] path link=4 bw=40 hops=4 gpu=7 to_type=8 to_id=0x38000
jscs-backuppool-5090test-091606:188079:188520 [6] NCCL INFO [YT-TRACE] [TOPO] path link=4 bw=40 hops=4 gpu=7 to_type=8 to_id=0x49000
jscs-backuppool-5090test-091606:188079:188520 [6] NCCL INFO [YT-TRACE] [TOPO] path link=4 bw=40 hops=4 gpu=7 to_type=8 to_id=0x5a000
jscs-backuppool-5090test-091606:188079:188520 [6] NCCL INFO [YT-TRACE] [TOPO] path link=4 bw=40 hops=4 gpu=7 to_type=8 to_id=0x98000
jscs-backuppool-5090test-091606:188079:188520 [6] NCCL INFO [YT-TRACE] [TOPO] path link=4 bw=40 hops=4 gpu=7 to_type=8 to_id=0xa8000
jscs-backuppool-5090test-091606:188079:188520 [6] NCCL INFO [YT-TRACE] [TOPO] path link=4 bw=40 hops=4 gpu=7 to_type=8 to_id=0xb8000
jscs-backuppool-5090test-091606:188079:188520 [6] NCCL INFO [YT-TRACE] [TOPO] path link=10 bw=25 hops=5 gpu=7 to_type=5 to_id=0x0
jscs-backuppool-5090test-091606:188079:188520 [6] NCCL INFO [YT-TRACE] [TOPO] path link=10 bw=25 hops=5 gpu=7 to_type=5 to_id=0x0
jscs-backuppool-5090test-091606:188079:188520 [6] NCCL INFO [YT-TRACE] [TOPO] path link=10 bw=25 hops=5 gpu=7 to_type=5 to_id=0x0
jscs-backuppool-5090test-091606:188079:188520 [6] NCCL INFO [YT-TRACE] [TOPO] path link=10 bw=25 hops=5 gpu=7 to_type=5 to_id=0x0
jscs-backuppool-5090test-091606:188079:188520 [6] NCCL INFO [YT-TRACE] [TOPO] path link=0 bw=40 hops=5 gpu=7 peer=0
jscs-backuppool-5090test-091606:188079:188520 [6] NCCL INFO [YT-TRACE] [TOPO] path link=0 bw=40 hops=5 gpu=7 peer=1
jscs-backuppool-5090test-091606:188079:188520 [6] NCCL INFO [YT-TRACE] [TOPO] path link=0 bw=40 hops=5 gpu=7 peer=2
jscs-backuppool-5090test-091606:188079:188520 [6] NCCL INFO [YT-TRACE] [TOPO] path link=0 bw=40 hops=5 gpu=7 peer=3
jscs-backuppool-5090test-091606:188079:188520 [6] NCCL INFO [YT-TRACE] [TOPO] path link=0 bw=40 hops=5 gpu=7 peer=4
jscs-backuppool-5090test-091606:188079:188520 [6] NCCL INFO [YT-TRACE] [TOPO] path link=0 bw=40 hops=5 gpu=7 peer=5
jscs-backuppool-5090test-091606:188079:188520 [6] NCCL INFO [YT-TRACE] [TOPO] path link=0 bw=40 hops=5 gpu=7 peer=6
jscs-backuppool-5090test-091606:188079:188521 [7] NCCL INFO [YT-TRACE] [TOPO] gpu_matrix gpu=0 peer=1 type=8 bw=48 hops=4
jscs-backuppool-5090test-091606:188079:188521 [7] NCCL INFO [YT-TRACE] [TOPO] gpu_matrix gpu=0 peer=2 type=9 bw=40 hops=5
jscs-backuppool-5090test-091606:188079:188521 [7] NCCL INFO [YT-TRACE] [TOPO] gpu_matrix gpu=0 peer=3 type=9 bw=40 hops=5
jscs-backuppool-5090test-091606:188079:188521 [7] NCCL INFO [YT-TRACE] [TOPO] gpu_matrix gpu=0 peer=4 type=9 bw=40 hops=5
jscs-backuppool-5090test-091606:188079:188521 [7] NCCL INFO [YT-TRACE] [TOPO] gpu_matrix gpu=0 peer=5 type=9 bw=40 hops=5
jscs-backuppool-5090test-091606:188079:188521 [7] NCCL INFO [YT-TRACE] [TOPO] gpu_matrix gpu=0 peer=6 type=9 bw=40 hops=5
jscs-backuppool-5090test-091606:188079:188521 [7] NCCL INFO [YT-TRACE] [TOPO] gpu_matrix gpu=0 peer=7 type=9 bw=40 hops=5
jscs-backuppool-5090test-091606:188079:188521 [7] NCCL INFO [YT-TRACE] [TOPO] gpu_matrix gpu=1 peer=2 type=9 bw=40 hops=5
jscs-backuppool-5090test-091606:188079:188521 [7] NCCL INFO [YT-TRACE] [TOPO] gpu_matrix gpu=1 peer=3 type=9 bw=40 hops=5
jscs-backuppool-5090test-091606:188079:188521 [7] NCCL INFO [YT-TRACE] [TOPO] gpu_matrix gpu=1 peer=4 type=9 bw=40 hops=5
jscs-backuppool-5090test-091606:188079:188521 [7] NCCL INFO [YT-TRACE] [TOPO] gpu_matrix gpu=1 peer=5 type=9 bw=40 hops=5
jscs-backuppool-5090test-091606:188079:188521 [7] NCCL INFO [YT-TRACE] [TOPO] gpu_matrix gpu=1 peer=6 type=9 bw=40 hops=5
jscs-backuppool-5090test-091606:188079:188521 [7] NCCL INFO [YT-TRACE] [TOPO] gpu_matrix gpu=1 peer=7 type=9 bw=40 hops=5
jscs-backuppool-5090test-091606:188079:188521 [7] NCCL INFO [YT-TRACE] [TOPO] gpu_matrix gpu=2 peer=3 type=8 bw=48 hops=4
jscs-backuppool-5090test-091606:188079:188521 [7] NCCL INFO [YT-TRACE] [TOPO] gpu_matrix gpu=2 peer=4 type=9 bw=40 hops=5
jscs-backuppool-5090test-091606:188079:188521 [7] NCCL INFO [YT-TRACE] [TOPO] gpu_matrix gpu=2 peer=5 type=9 bw=40 hops=5
jscs-backuppool-5090test-091606:188079:188521 [7] NCCL INFO [YT-TRACE] [TOPO] gpu_matrix gpu=2 peer=6 type=9 bw=40 hops=5
jscs-backuppool-5090test-091606:188079:188521 [7] NCCL INFO [YT-TRACE] [TOPO] gpu_matrix gpu=2 peer=7 type=9 bw=40 hops=5
jscs-backuppool-5090test-091606:188079:188521 [7] NCCL INFO [YT-TRACE] [TOPO] gpu_matrix gpu=3 peer=4 type=9 bw=40 hops=5
jscs-backuppool-5090test-091606:188079:188521 [7] NCCL INFO [YT-TRACE] [TOPO] gpu_matrix gpu=3 peer=5 type=9 bw=40 hops=5
jscs-backuppool-5090test-091606:188079:188521 [7] NCCL INFO [YT-TRACE] [TOPO] gpu_matrix gpu=3 peer=6 type=9 bw=40 hops=5
jscs-backuppool-5090test-091606:188079:188521 [7] NCCL INFO [YT-TRACE] [TOPO] gpu_matrix gpu=3 peer=7 type=9 bw=40 hops=5
jscs-backuppool-5090test-091606:188079:188521 [7] NCCL INFO [YT-TRACE] [TOPO] gpu_matrix gpu=4 peer=5 type=8 bw=48 hops=4
jscs-backuppool-5090test-091606:188079:188521 [7] NCCL INFO [YT-TRACE] [TOPO] gpu_matrix gpu=4 peer=6 type=8 bw=48 hops=4
jscs-backuppool-5090test-091606:188079:188521 [7] NCCL INFO [YT-TRACE] [TOPO] gpu_matrix gpu=4 peer=7 type=9 bw=40 hops=5
jscs-backuppool-5090test-091606:188079:188521 [7] NCCL INFO [YT-TRACE] [TOPO] gpu_matrix gpu=5 peer=6 type=8 bw=48 hops=4
jscs-backuppool-5090test-091606:188079:188521 [7] NCCL INFO [YT-TRACE] [TOPO] gpu_matrix gpu=5 peer=7 type=9 bw=40 hops=5
jscs-backuppool-5090test-091606:188079:188521 [7] NCCL INFO [YT-TRACE] [TOPO] gpu_matrix gpu=6 peer=7 type=9 bw=40 hops=5
jscs-backuppool-5090test-091606:188079:188513 [0] NCCL INFO [YT-TRACE] [TOPO] gpu_matrix gpu=0 peer=1 type=8 bw=48 hops=4
jscs-backuppool-5090test-091606:188079:188513 [0] NCCL INFO [YT-TRACE] [TOPO] gpu_matrix gpu=0 peer=2 type=9 bw=40 hops=5
jscs-backuppool-5090test-091606:188079:188513 [0] NCCL INFO [YT-TRACE] [TOPO] gpu_matrix gpu=0 peer=3 type=9 bw=40 hops=5
jscs-backuppool-5090test-091606:188079:188513 [0] NCCL INFO [YT-TRACE] [TOPO] gpu_matrix gpu=0 peer=4 type=9 bw=40 hops=5
jscs-backuppool-5090test-091606:188079:188513 [0] NCCL INFO [YT-TRACE] [TOPO] gpu_matrix gpu=0 peer=5 type=9 bw=40 hops=5
jscs-backuppool-5090test-091606:188079:188513 [0] NCCL INFO [YT-TRACE] [TOPO] gpu_matrix gpu=0 peer=6 type=9 bw=40 hops=5
jscs-backuppool-5090test-091606:188079:188513 [0] NCCL INFO [YT-TRACE] [TOPO] gpu_matrix gpu=0 peer=7 type=9 bw=40 hops=5
jscs-backuppool-5090test-091606:188079:188513 [0] NCCL INFO [YT-TRACE] [TOPO] gpu_matrix gpu=1 peer=2 type=9 bw=40 hops=5
jscs-backuppool-5090test-091606:188079:188513 [0] NCCL INFO [YT-TRACE] [TOPO] gpu_matrix gpu=1 peer=3 type=9 bw=40 hops=5
jscs-backuppool-5090test-091606:188079:188513 [0] NCCL INFO [YT-TRACE] [TOPO] gpu_matrix gpu=1 peer=4 type=9 bw=40 hops=5
jscs-backuppool-5090test-091606:188079:188513 [0] NCCL INFO [YT-TRACE] [TOPO] gpu_matrix gpu=1 peer=5 type=9 bw=40 hops=5
jscs-backuppool-5090test-091606:188079:188513 [0] NCCL INFO [YT-TRACE] [TOPO] gpu_matrix gpu=1 peer=6 type=9 bw=40 hops=5
jscs-backuppool-5090test-091606:188079:188513 [0] NCCL INFO [YT-TRACE] [TOPO] gpu_matrix gpu=1 peer=7 type=9 bw=40 hops=5
jscs-backuppool-5090test-091606:188079:188513 [0] NCCL INFO [YT-TRACE] [TOPO] gpu_matrix gpu=2 peer=3 type=8 bw=48 hops=4
jscs-backuppool-5090test-091606:188079:188513 [0] NCCL INFO [YT-TRACE] [TOPO] gpu_matrix gpu=2 peer=4 type=9 bw=40 hops=5
jscs-backuppool-5090test-091606:188079:188513 [0] NCCL INFO [YT-TRACE] [TOPO] gpu_matrix gpu=2 peer=5 type=9 bw=40 hops=5
jscs-backuppool-5090test-091606:188079:188513 [0] NCCL INFO [YT-TRACE] [TOPO] gpu_matrix gpu=2 peer=6 type=9 bw=40 hops=5
jscs-backuppool-5090test-091606:188079:188513 [0] NCCL INFO [YT-TRACE] [TOPO] gpu_matrix gpu=2 peer=7 type=9 bw=40 hops=5
jscs-backuppool-5090test-091606:188079:188513 [0] NCCL INFO [YT-TRACE] [TOPO] gpu_matrix gpu=3 peer=4 type=9 bw=40 hops=5
jscs-backuppool-5090test-091606:188079:188513 [0] NCCL INFO [YT-TRACE] [TOPO] gpu_matrix gpu=3 peer=5 type=9 bw=40 hops=5
jscs-backuppool-5090test-091606:188079:188513 [0] NCCL INFO [YT-TRACE] [TOPO] gpu_matrix gpu=3 peer=6 type=9 bw=40 hops=5
jscs-backuppool-5090test-091606:188079:188513 [0] NCCL INFO [YT-TRACE] [TOPO] gpu_matrix gpu=3 peer=7 type=9 bw=40 hops=5
jscs-backuppool-5090test-091606:188079:188513 [0] NCCL INFO [YT-TRACE] [TOPO] gpu_matrix gpu=4 peer=5 type=8 bw=48 hops=4
jscs-backuppool-5090test-091606:188079:188513 [0] NCCL INFO [YT-TRACE] [TOPO] gpu_matrix gpu=4 peer=6 type=8 bw=48 hops=4
jscs-backuppool-5090test-091606:188079:188513 [0] NCCL INFO [YT-TRACE] [TOPO] gpu_matrix gpu=4 peer=7 type=9 bw=40 hops=5
jscs-backuppool-5090test-091606:188079:188513 [0] NCCL INFO [YT-TRACE] [TOPO] gpu_matrix gpu=5 peer=6 type=8 bw=48 hops=4
jscs-backuppool-5090test-091606:188079:188513 [0] NCCL INFO [YT-TRACE] [TOPO] gpu_matrix gpu=5 peer=7 type=9 bw=40 hops=5
jscs-backuppool-5090test-091606:188079:188513 [0] NCCL INFO [YT-TRACE] [TOPO] gpu_matrix gpu=6 peer=7 type=9 bw=40 hops=5
jscs-backuppool-5090test-091606:188079:188517 [4] NCCL INFO [YT-TRACE] [TOPO] gpu_matrix gpu=0 peer=1 type=8 bw=48 hops=4
jscs-backuppool-5090test-091606:188079:188517 [4] NCCL INFO [YT-TRACE] [TOPO] gpu_matrix gpu=0 peer=2 type=9 bw=40 hops=5
jscs-backuppool-5090test-091606:188079:188517 [4] NCCL INFO [YT-TRACE] [TOPO] gpu_matrix gpu=0 peer=3 type=9 bw=40 hops=5
jscs-backuppool-5090test-091606:188079:188517 [4] NCCL INFO [YT-TRACE] [TOPO] gpu_matrix gpu=0 peer=4 type=9 bw=40 hops=5
jscs-backuppool-5090test-091606:188079:188517 [4] NCCL INFO [YT-TRACE] [TOPO] gpu_matrix gpu=0 peer=5 type=9 bw=40 hops=5
jscs-backuppool-5090test-091606:188079:188517 [4] NCCL INFO [YT-TRACE] [TOPO] gpu_matrix gpu=0 peer=6 type=9 bw=40 hops=5
jscs-backuppool-5090test-091606:188079:188517 [4] NCCL INFO [YT-TRACE] [TOPO] gpu_matrix gpu=0 peer=7 type=9 bw=40 hops=5
jscs-backuppool-5090test-091606:188079:188517 [4] NCCL INFO [YT-TRACE] [TOPO] gpu_matrix gpu=1 peer=2 type=9 bw=40 hops=5
jscs-backuppool-5090test-091606:188079:188517 [4] NCCL INFO [YT-TRACE] [TOPO] gpu_matrix gpu=1 peer=3 type=9 bw=40 hops=5
jscs-backuppool-5090test-091606:188079:188517 [4] NCCL INFO [YT-TRACE] [TOPO] gpu_matrix gpu=1 peer=4 type=9 bw=40 hops=5
jscs-backuppool-5090test-091606:188079:188517 [4] NCCL INFO [YT-TRACE] [TOPO] gpu_matrix gpu=1 peer=5 type=9 bw=40 hops=5
jscs-backuppool-5090test-091606:188079:188517 [4] NCCL INFO [YT-TRACE] [TOPO] gpu_matrix gpu=1 peer=6 type=9 bw=40 hops=5
jscs-backuppool-5090test-091606:188079:188517 [4] NCCL INFO [YT-TRACE] [TOPO] gpu_matrix gpu=1 peer=7 type=9 bw=40 hops=5
jscs-backuppool-5090test-091606:188079:188517 [4] NCCL INFO [YT-TRACE] [TOPO] gpu_matrix gpu=2 peer=3 type=8 bw=48 hops=4
jscs-backuppool-5090test-091606:188079:188517 [4] NCCL INFO [YT-TRACE] [TOPO] gpu_matrix gpu=2 peer=4 type=9 bw=40 hops=5
jscs-backuppool-5090test-091606:188079:188517 [4] NCCL INFO [YT-TRACE] [TOPO] gpu_matrix gpu=2 peer=5 type=9 bw=40 hops=5
jscs-backuppool-5090test-091606:188079:188517 [4] NCCL INFO [YT-TRACE] [TOPO] gpu_matrix gpu=2 peer=6 type=9 bw=40 hops=5
jscs-backuppool-5090test-091606:188079:188517 [4] NCCL INFO [YT-TRACE] [TOPO] gpu_matrix gpu=2 peer=7 type=9 bw=40 hops=5
jscs-backuppool-5090test-091606:188079:188517 [4] NCCL INFO [YT-TRACE] [TOPO] gpu_matrix gpu=3 peer=4 type=9 bw=40 hops=5
jscs-backuppool-5090test-091606:188079:188517 [4] NCCL INFO [YT-TRACE] [TOPO] gpu_matrix gpu=3 peer=5 type=9 bw=40 hops=5
jscs-backuppool-5090test-091606:188079:188517 [4] NCCL INFO [YT-TRACE] [TOPO] gpu_matrix gpu=3 peer=6 type=9 bw=40 hops=5
jscs-backuppool-5090test-091606:188079:188517 [4] NCCL INFO [YT-TRACE] [TOPO] gpu_matrix gpu=3 peer=7 type=9 bw=40 hops=5
jscs-backuppool-5090test-091606:188079:188517 [4] NCCL INFO [YT-TRACE] [TOPO] gpu_matrix gpu=4 peer=5 type=8 bw=48 hops=4
jscs-backuppool-5090test-091606:188079:188517 [4] NCCL INFO [YT-TRACE] [TOPO] gpu_matrix gpu=4 peer=6 type=8 bw=48 hops=4
jscs-backuppool-5090test-091606:188079:188517 [4] NCCL INFO [YT-TRACE] [TOPO] gpu_matrix gpu=4 peer=7 type=9 bw=40 hops=5
jscs-backuppool-5090test-091606:188079:188517 [4] NCCL INFO [YT-TRACE] [TOPO] gpu_matrix gpu=5 peer=6 type=8 bw=48 hops=4
jscs-backuppool-5090test-091606:188079:188517 [4] NCCL INFO [YT-TRACE] [TOPO] gpu_matrix gpu=5 peer=7 type=9 bw=40 hops=5
jscs-backuppool-5090test-091606:188079:188517 [4] NCCL INFO [YT-TRACE] [TOPO] gpu_matrix gpu=6 peer=7 type=9 bw=40 hops=5
jscs-backuppool-5090test-091606:188079:188514 [1] NCCL INFO [YT-TRACE] [TOPO] gpu_matrix gpu=0 peer=1 type=8 bw=48 hops=4
jscs-backuppool-5090test-091606:188079:188514 [1] NCCL INFO [YT-TRACE] [TOPO] gpu_matrix gpu=0 peer=2 type=9 bw=40 hops=5
jscs-backuppool-5090test-091606:188079:188514 [1] NCCL INFO [YT-TRACE] [TOPO] gpu_matrix gpu=0 peer=3 type=9 bw=40 hops=5
jscs-backuppool-5090test-091606:188079:188514 [1] NCCL INFO [YT-TRACE] [TOPO] gpu_matrix gpu=0 peer=4 type=9 bw=40 hops=5
jscs-backuppool-5090test-091606:188079:188514 [1] NCCL INFO [YT-TRACE] [TOPO] gpu_matrix gpu=0 peer=5 type=9 bw=40 hops=5
jscs-backuppool-5090test-091606:188079:188514 [1] NCCL INFO [YT-TRACE] [TOPO] gpu_matrix gpu=0 peer=6 type=9 bw=40 hops=5
jscs-backuppool-5090test-091606:188079:188514 [1] NCCL INFO [YT-TRACE] [TOPO] gpu_matrix gpu=0 peer=7 type=9 bw=40 hops=5
jscs-backuppool-5090test-091606:188079:188514 [1] NCCL INFO [YT-TRACE] [TOPO] gpu_matrix gpu=1 peer=2 type=9 bw=40 hops=5
jscs-backuppool-5090test-091606:188079:188514 [1] NCCL INFO [YT-TRACE] [TOPO] gpu_matrix gpu=1 peer=3 type=9 bw=40 hops=5
jscs-backuppool-5090test-091606:188079:188514 [1] NCCL INFO [YT-TRACE] [TOPO] gpu_matrix gpu=1 peer=4 type=9 bw=40 hops=5
jscs-backuppool-5090test-091606:188079:188514 [1] NCCL INFO [YT-TRACE] [TOPO] gpu_matrix gpu=1 peer=5 type=9 bw=40 hops=5
jscs-backuppool-5090test-091606:188079:188514 [1] NCCL INFO [YT-TRACE] [TOPO] gpu_matrix gpu=1 peer=6 type=9 bw=40 hops=5
jscs-backuppool-5090test-091606:188079:188514 [1] NCCL INFO [YT-TRACE] [TOPO] gpu_matrix gpu=1 peer=7 type=9 bw=40 hops=5
jscs-backuppool-5090test-091606:188079:188514 [1] NCCL INFO [YT-TRACE] [TOPO] gpu_matrix gpu=2 peer=3 type=8 bw=48 hops=4
jscs-backuppool-5090test-091606:188079:188514 [1] NCCL INFO [YT-TRACE] [TOPO] gpu_matrix gpu=2 peer=4 type=9 bw=40 hops=5
jscs-backuppool-5090test-091606:188079:188514 [1] NCCL INFO [YT-TRACE] [TOPO] gpu_matrix gpu=2 peer=5 type=9 bw=40 hops=5
jscs-backuppool-5090test-091606:188079:188514 [1] NCCL INFO [YT-TRACE] [TOPO] gpu_matrix gpu=2 peer=6 type=9 bw=40 hops=5
jscs-backuppool-5090test-091606:188079:188514 [1] NCCL INFO [YT-TRACE] [TOPO] gpu_matrix gpu=2 peer=7 type=9 bw=40 hops=5
jscs-backuppool-5090test-091606:188079:188514 [1] NCCL INFO [YT-TRACE] [TOPO] gpu_matrix gpu=3 peer=4 type=9 bw=40 hops=5
jscs-backuppool-5090test-091606:188079:188514 [1] NCCL INFO [YT-TRACE] [TOPO] gpu_matrix gpu=3 peer=5 type=9 bw=40 hops=5
jscs-backuppool-5090test-091606:188079:188514 [1] NCCL INFO [YT-TRACE] [TOPO] gpu_matrix gpu=3 peer=6 type=9 bw=40 hops=5
jscs-backuppool-5090test-091606:188079:188514 [1] NCCL INFO [YT-TRACE] [TOPO] gpu_matrix gpu=3 peer=7 type=9 bw=40 hops=5
jscs-backuppool-5090test-091606:188079:188514 [1] NCCL INFO [YT-TRACE] [TOPO] gpu_matrix gpu=4 peer=5 type=8 bw=48 hops=4
jscs-backuppool-5090test-091606:188079:188514 [1] NCCL INFO [YT-TRACE] [TOPO] gpu_matrix gpu=4 peer=6 type=8 bw=48 hops=4
jscs-backuppool-5090test-091606:188079:188514 [1] NCCL INFO [YT-TRACE] [TOPO] gpu_matrix gpu=4 peer=7 type=9 bw=40 hops=5
jscs-backuppool-5090test-091606:188079:188514 [1] NCCL INFO [YT-TRACE] [TOPO] gpu_matrix gpu=5 peer=6 type=8 bw=48 hops=4
jscs-backuppool-5090test-091606:188079:188514 [1] NCCL INFO [YT-TRACE] [TOPO] gpu_matrix gpu=5 peer=7 type=9 bw=40 hops=5
jscs-backuppool-5090test-091606:188079:188514 [1] NCCL INFO [YT-TRACE] [TOPO] gpu_matrix gpu=6 peer=7 type=9 bw=40 hops=5
jscs-backuppool-5090test-091606:188079:188515 [2] NCCL INFO [YT-TRACE] [TOPO] gpu_matrix gpu=0 peer=1 type=8 bw=48 hops=4
jscs-backuppool-5090test-091606:188079:188515 [2] NCCL INFO [YT-TRACE] [TOPO] gpu_matrix gpu=0 peer=2 type=9 bw=40 hops=5
jscs-backuppool-5090test-091606:188079:188515 [2] NCCL INFO [YT-TRACE] [TOPO] gpu_matrix gpu=0 peer=3 type=9 bw=40 hops=5
jscs-backuppool-5090test-091606:188079:188515 [2] NCCL INFO [YT-TRACE] [TOPO] gpu_matrix gpu=0 peer=4 type=9 bw=40 hops=5
jscs-backuppool-5090test-091606:188079:188515 [2] NCCL INFO [YT-TRACE] [TOPO] gpu_matrix gpu=0 peer=5 type=9 bw=40 hops=5
jscs-backuppool-5090test-091606:188079:188515 [2] NCCL INFO [YT-TRACE] [TOPO] gpu_matrix gpu=0 peer=6 type=9 bw=40 hops=5
jscs-backuppool-5090test-091606:188079:188515 [2] NCCL INFO [YT-TRACE] [TOPO] gpu_matrix gpu=0 peer=7 type=9 bw=40 hops=5
jscs-backuppool-5090test-091606:188079:188515 [2] NCCL INFO [YT-TRACE] [TOPO] gpu_matrix gpu=1 peer=2 type=9 bw=40 hops=5
jscs-backuppool-5090test-091606:188079:188515 [2] NCCL INFO [YT-TRACE] [TOPO] gpu_matrix gpu=1 peer=3 type=9 bw=40 hops=5
jscs-backuppool-5090test-091606:188079:188515 [2] NCCL INFO [YT-TRACE] [TOPO] gpu_matrix gpu=1 peer=4 type=9 bw=40 hops=5
jscs-backuppool-5090test-091606:188079:188515 [2] NCCL INFO [YT-TRACE] [TOPO] gpu_matrix gpu=1 peer=5 type=9 bw=40 hops=5
jscs-backuppool-5090test-091606:188079:188515 [2] NCCL INFO [YT-TRACE] [TOPO] gpu_matrix gpu=1 peer=6 type=9 bw=40 hops=5
jscs-backuppool-5090test-091606:188079:188515 [2] NCCL INFO [YT-TRACE] [TOPO] gpu_matrix gpu=1 peer=7 type=9 bw=40 hops=5
jscs-backuppool-5090test-091606:188079:188515 [2] NCCL INFO [YT-TRACE] [TOPO] gpu_matrix gpu=2 peer=3 type=8 bw=48 hops=4
jscs-backuppool-5090test-091606:188079:188515 [2] NCCL INFO [YT-TRACE] [TOPO] gpu_matrix gpu=2 peer=4 type=9 bw=40 hops=5
jscs-backuppool-5090test-091606:188079:188515 [2] NCCL INFO [YT-TRACE] [TOPO] gpu_matrix gpu=2 peer=5 type=9 bw=40 hops=5
jscs-backuppool-5090test-091606:188079:188515 [2] NCCL INFO [YT-TRACE] [TOPO] gpu_matrix gpu=2 peer=6 type=9 bw=40 hops=5
jscs-backuppool-5090test-091606:188079:188515 [2] NCCL INFO [YT-TRACE] [TOPO] gpu_matrix gpu=2 peer=7 type=9 bw=40 hops=5
jscs-backuppool-5090test-091606:188079:188515 [2] NCCL INFO [YT-TRACE] [TOPO] gpu_matrix gpu=3 peer=4 type=9 bw=40 hops=5
jscs-backuppool-5090test-091606:188079:188515 [2] NCCL INFO [YT-TRACE] [TOPO] gpu_matrix gpu=3 peer=5 type=9 bw=40 hops=5
jscs-backuppool-5090test-091606:188079:188515 [2] NCCL INFO [YT-TRACE] [TOPO] gpu_matrix gpu=3 peer=6 type=9 bw=40 hops=5
jscs-backuppool-5090test-091606:188079:188515 [2] NCCL INFO [YT-TRACE] [TOPO] gpu_matrix gpu=3 peer=7 type=9 bw=40 hops=5
jscs-backuppool-5090test-091606:188079:188515 [2] NCCL INFO [YT-TRACE] [TOPO] gpu_matrix gpu=4 peer=5 type=8 bw=48 hops=4
jscs-backuppool-5090test-091606:188079:188515 [2] NCCL INFO [YT-TRACE] [TOPO] gpu_matrix gpu=4 peer=6 type=8 bw=48 hops=4
jscs-backuppool-5090test-091606:188079:188515 [2] NCCL INFO [YT-TRACE] [TOPO] gpu_matrix gpu=4 peer=7 type=9 bw=40 hops=5
jscs-backuppool-5090test-091606:188079:188515 [2] NCCL INFO [YT-TRACE] [TOPO] gpu_matrix gpu=5 peer=6 type=8 bw=48 hops=4
jscs-backuppool-5090test-091606:188079:188515 [2] NCCL INFO [YT-TRACE] [TOPO] gpu_matrix gpu=5 peer=7 type=9 bw=40 hops=5
jscs-backuppool-5090test-091606:188079:188515 [2] NCCL INFO [YT-TRACE] [TOPO] gpu_matrix gpu=6 peer=7 type=9 bw=40 hops=5
jscs-backuppool-5090test-091606:188079:188518 [5] NCCL INFO [YT-TRACE] [TOPO] gpu_matrix gpu=0 peer=1 type=8 bw=48 hops=4
jscs-backuppool-5090test-091606:188079:188518 [5] NCCL INFO [YT-TRACE] [TOPO] gpu_matrix gpu=0 peer=2 type=9 bw=40 hops=5
jscs-backuppool-5090test-091606:188079:188518 [5] NCCL INFO [YT-TRACE] [TOPO] gpu_matrix gpu=0 peer=3 type=9 bw=40 hops=5
jscs-backuppool-5090test-091606:188079:188518 [5] NCCL INFO [YT-TRACE] [TOPO] gpu_matrix gpu=0 peer=4 type=9 bw=40 hops=5
jscs-backuppool-5090test-091606:188079:188518 [5] NCCL INFO [YT-TRACE] [TOPO] gpu_matrix gpu=0 peer=5 type=9 bw=40 hops=5
jscs-backuppool-5090test-091606:188079:188518 [5] NCCL INFO [YT-TRACE] [TOPO] gpu_matrix gpu=0 peer=6 type=9 bw=40 hops=5
jscs-backuppool-5090test-091606:188079:188518 [5] NCCL INFO [YT-TRACE] [TOPO] gpu_matrix gpu=0 peer=7 type=9 bw=40 hops=5
jscs-backuppool-5090test-091606:188079:188518 [5] NCCL INFO [YT-TRACE] [TOPO] gpu_matrix gpu=1 peer=2 type=9 bw=40 hops=5
jscs-backuppool-5090test-091606:188079:188518 [5] NCCL INFO [YT-TRACE] [TOPO] gpu_matrix gpu=1 peer=3 type=9 bw=40 hops=5
jscs-backuppool-5090test-091606:188079:188518 [5] NCCL INFO [YT-TRACE] [TOPO] gpu_matrix gpu=1 peer=4 type=9 bw=40 hops=5
jscs-backuppool-5090test-091606:188079:188518 [5] NCCL INFO [YT-TRACE] [TOPO] gpu_matrix gpu=1 peer=5 type=9 bw=40 hops=5
jscs-backuppool-5090test-091606:188079:188518 [5] NCCL INFO [YT-TRACE] [TOPO] gpu_matrix gpu=1 peer=6 type=9 bw=40 hops=5
jscs-backuppool-5090test-091606:188079:188518 [5] NCCL INFO [YT-TRACE] [TOPO] gpu_matrix gpu=1 peer=7 type=9 bw=40 hops=5
jscs-backuppool-5090test-091606:188079:188518 [5] NCCL INFO [YT-TRACE] [TOPO] gpu_matrix gpu=2 peer=3 type=8 bw=48 hops=4
jscs-backuppool-5090test-091606:188079:188518 [5] NCCL INFO [YT-TRACE] [TOPO] gpu_matrix gpu=2 peer=4 type=9 bw=40 hops=5
jscs-backuppool-5090test-091606:188079:188518 [5] NCCL INFO [YT-TRACE] [TOPO] gpu_matrix gpu=2 peer=5 type=9 bw=40 hops=5
jscs-backuppool-5090test-091606:188079:188518 [5] NCCL INFO [YT-TRACE] [TOPO] gpu_matrix gpu=2 peer=6 type=9 bw=40 hops=5
jscs-backuppool-5090test-091606:188079:188518 [5] NCCL INFO [YT-TRACE] [TOPO] gpu_matrix gpu=2 peer=7 type=9 bw=40 hops=5
jscs-backuppool-5090test-091606:188079:188518 [5] NCCL INFO [YT-TRACE] [TOPO] gpu_matrix gpu=3 peer=4 type=9 bw=40 hops=5
jscs-backuppool-5090test-091606:188079:188518 [5] NCCL INFO [YT-TRACE] [TOPO] gpu_matrix gpu=3 peer=5 type=9 bw=40 hops=5
jscs-backuppool-5090test-091606:188079:188518 [5] NCCL INFO [YT-TRACE] [TOPO] gpu_matrix gpu=3 peer=6 type=9 bw=40 hops=5
jscs-backuppool-5090test-091606:188079:188518 [5] NCCL INFO [YT-TRACE] [TOPO] gpu_matrix gpu=3 peer=7 type=9 bw=40 hops=5
jscs-backuppool-5090test-091606:188079:188518 [5] NCCL INFO [YT-TRACE] [TOPO] gpu_matrix gpu=4 peer=5 type=8 bw=48 hops=4
jscs-backuppool-5090test-091606:188079:188518 [5] NCCL INFO [YT-TRACE] [TOPO] gpu_matrix gpu=4 peer=6 type=8 bw=48 hops=4
jscs-backuppool-5090test-091606:188079:188518 [5] NCCL INFO [YT-TRACE] [TOPO] gpu_matrix gpu=4 peer=7 type=9 bw=40 hops=5
jscs-backuppool-5090test-091606:188079:188518 [5] NCCL INFO [YT-TRACE] [TOPO] gpu_matrix gpu=5 peer=6 type=8 bw=48 hops=4
jscs-backuppool-5090test-091606:188079:188518 [5] NCCL INFO [YT-TRACE] [TOPO] gpu_matrix gpu=5 peer=7 type=9 bw=40 hops=5
jscs-backuppool-5090test-091606:188079:188518 [5] NCCL INFO [YT-TRACE] [TOPO] gpu_matrix gpu=6 peer=7 type=9 bw=40 hops=5
jscs-backuppool-5090test-091606:188079:188516 [3] NCCL INFO [YT-TRACE] [TOPO] gpu_matrix gpu=0 peer=1 type=8 bw=48 hops=4
jscs-backuppool-5090test-091606:188079:188516 [3] NCCL INFO [YT-TRACE] [TOPO] gpu_matrix gpu=0 peer=2 type=9 bw=40 hops=5
jscs-backuppool-5090test-091606:188079:188516 [3] NCCL INFO [YT-TRACE] [TOPO] gpu_matrix gpu=0 peer=3 type=9 bw=40 hops=5
jscs-backuppool-5090test-091606:188079:188516 [3] NCCL INFO [YT-TRACE] [TOPO] gpu_matrix gpu=0 peer=4 type=9 bw=40 hops=5
jscs-backuppool-5090test-091606:188079:188516 [3] NCCL INFO [YT-TRACE] [TOPO] gpu_matrix gpu=0 peer=5 type=9 bw=40 hops=5
jscs-backuppool-5090test-091606:188079:188516 [3] NCCL INFO [YT-TRACE] [TOPO] gpu_matrix gpu=0 peer=6 type=9 bw=40 hops=5
jscs-backuppool-5090test-091606:188079:188516 [3] NCCL INFO [YT-TRACE] [TOPO] gpu_matrix gpu=0 peer=7 type=9 bw=40 hops=5
jscs-backuppool-5090test-091606:188079:188516 [3] NCCL INFO [YT-TRACE] [TOPO] gpu_matrix gpu=1 peer=2 type=9 bw=40 hops=5
jscs-backuppool-5090test-091606:188079:188516 [3] NCCL INFO [YT-TRACE] [TOPO] gpu_matrix gpu=1 peer=3 type=9 bw=40 hops=5
jscs-backuppool-5090test-091606:188079:188516 [3] NCCL INFO [YT-TRACE] [TOPO] gpu_matrix gpu=1 peer=4 type=9 bw=40 hops=5
jscs-backuppool-5090test-091606:188079:188516 [3] NCCL INFO [YT-TRACE] [TOPO] gpu_matrix gpu=1 peer=5 type=9 bw=40 hops=5
jscs-backuppool-5090test-091606:188079:188516 [3] NCCL INFO [YT-TRACE] [TOPO] gpu_matrix gpu=1 peer=6 type=9 bw=40 hops=5
jscs-backuppool-5090test-091606:188079:188516 [3] NCCL INFO [YT-TRACE] [TOPO] gpu_matrix gpu=1 peer=7 type=9 bw=40 hops=5
jscs-backuppool-5090test-091606:188079:188516 [3] NCCL INFO [YT-TRACE] [TOPO] gpu_matrix gpu=2 peer=3 type=8 bw=48 hops=4
jscs-backuppool-5090test-091606:188079:188516 [3] NCCL INFO [YT-TRACE] [TOPO] gpu_matrix gpu=2 peer=4 type=9 bw=40 hops=5
jscs-backuppool-5090test-091606:188079:188516 [3] NCCL INFO [YT-TRACE] [TOPO] gpu_matrix gpu=2 peer=5 type=9 bw=40 hops=5
jscs-backuppool-5090test-091606:188079:188516 [3] NCCL INFO [YT-TRACE] [TOPO] gpu_matrix gpu=2 peer=6 type=9 bw=40 hops=5
jscs-backuppool-5090test-091606:188079:188516 [3] NCCL INFO [YT-TRACE] [TOPO] gpu_matrix gpu=2 peer=7 type=9 bw=40 hops=5
jscs-backuppool-5090test-091606:188079:188516 [3] NCCL INFO [YT-TRACE] [TOPO] gpu_matrix gpu=3 peer=4 type=9 bw=40 hops=5
jscs-backuppool-5090test-091606:188079:188516 [3] NCCL INFO [YT-TRACE] [TOPO] gpu_matrix gpu=3 peer=5 type=9 bw=40 hops=5
jscs-backuppool-5090test-091606:188079:188516 [3] NCCL INFO [YT-TRACE] [TOPO] gpu_matrix gpu=3 peer=6 type=9 bw=40 hops=5
jscs-backuppool-5090test-091606:188079:188516 [3] NCCL INFO [YT-TRACE] [TOPO] gpu_matrix gpu=3 peer=7 type=9 bw=40 hops=5
jscs-backuppool-5090test-091606:188079:188516 [3] NCCL INFO [YT-TRACE] [TOPO] gpu_matrix gpu=4 peer=5 type=8 bw=48 hops=4
jscs-backuppool-5090test-091606:188079:188516 [3] NCCL INFO [YT-TRACE] [TOPO] gpu_matrix gpu=4 peer=6 type=8 bw=48 hops=4
jscs-backuppool-5090test-091606:188079:188516 [3] NCCL INFO [YT-TRACE] [TOPO] gpu_matrix gpu=4 peer=7 type=9 bw=40 hops=5
jscs-backuppool-5090test-091606:188079:188516 [3] NCCL INFO [YT-TRACE] [TOPO] gpu_matrix gpu=5 peer=6 type=8 bw=48 hops=4
jscs-backuppool-5090test-091606:188079:188516 [3] NCCL INFO [YT-TRACE] [TOPO] gpu_matrix gpu=5 peer=7 type=9 bw=40 hops=5
jscs-backuppool-5090test-091606:188079:188516 [3] NCCL INFO [YT-TRACE] [TOPO] gpu_matrix gpu=6 peer=7 type=9 bw=40 hops=5
jscs-backuppool-5090test-091606:188079:188520 [6] NCCL INFO [YT-TRACE] [TOPO] gpu_matrix gpu=0 peer=1 type=8 bw=48 hops=4
jscs-backuppool-5090test-091606:188079:188520 [6] NCCL INFO [YT-TRACE] [TOPO] gpu_matrix gpu=0 peer=2 type=9 bw=40 hops=5
jscs-backuppool-5090test-091606:188079:188520 [6] NCCL INFO [YT-TRACE] [TOPO] gpu_matrix gpu=0 peer=3 type=9 bw=40 hops=5
jscs-backuppool-5090test-091606:188079:188520 [6] NCCL INFO [YT-TRACE] [TOPO] gpu_matrix gpu=0 peer=4 type=9 bw=40 hops=5
jscs-backuppool-5090test-091606:188079:188520 [6] NCCL INFO [YT-TRACE] [TOPO] gpu_matrix gpu=0 peer=5 type=9 bw=40 hops=5
jscs-backuppool-5090test-091606:188079:188520 [6] NCCL INFO [YT-TRACE] [TOPO] gpu_matrix gpu=0 peer=6 type=9 bw=40 hops=5
jscs-backuppool-5090test-091606:188079:188520 [6] NCCL INFO [YT-TRACE] [TOPO] gpu_matrix gpu=0 peer=7 type=9 bw=40 hops=5
jscs-backuppool-5090test-091606:188079:188520 [6] NCCL INFO [YT-TRACE] [TOPO] gpu_matrix gpu=1 peer=2 type=9 bw=40 hops=5
jscs-backuppool-5090test-091606:188079:188520 [6] NCCL INFO [YT-TRACE] [TOPO] gpu_matrix gpu=1 peer=3 type=9 bw=40 hops=5
jscs-backuppool-5090test-091606:188079:188520 [6] NCCL INFO [YT-TRACE] [TOPO] gpu_matrix gpu=1 peer=4 type=9 bw=40 hops=5
jscs-backuppool-5090test-091606:188079:188520 [6] NCCL INFO [YT-TRACE] [TOPO] gpu_matrix gpu=1 peer=5 type=9 bw=40 hops=5
jscs-backuppool-5090test-091606:188079:188520 [6] NCCL INFO [YT-TRACE] [TOPO] gpu_matrix gpu=1 peer=6 type=9 bw=40 hops=5
jscs-backuppool-5090test-091606:188079:188520 [6] NCCL INFO [YT-TRACE] [TOPO] gpu_matrix gpu=1 peer=7 type=9 bw=40 hops=5
jscs-backuppool-5090test-091606:188079:188520 [6] NCCL INFO [YT-TRACE] [TOPO] gpu_matrix gpu=2 peer=3 type=8 bw=48 hops=4
jscs-backuppool-5090test-091606:188079:188520 [6] NCCL INFO [YT-TRACE] [TOPO] gpu_matrix gpu=2 peer=4 type=9 bw=40 hops=5
jscs-backuppool-5090test-091606:188079:188520 [6] NCCL INFO [YT-TRACE] [TOPO] gpu_matrix gpu=2 peer=5 type=9 bw=40 hops=5
jscs-backuppool-5090test-091606:188079:188520 [6] NCCL INFO [YT-TRACE] [TOPO] gpu_matrix gpu=2 peer=6 type=9 bw=40 hops=5
jscs-backuppool-5090test-091606:188079:188520 [6] NCCL INFO [YT-TRACE] [TOPO] gpu_matrix gpu=2 peer=7 type=9 bw=40 hops=5
jscs-backuppool-5090test-091606:188079:188520 [6] NCCL INFO [YT-TRACE] [TOPO] gpu_matrix gpu=3 peer=4 type=9 bw=40 hops=5
jscs-backuppool-5090test-091606:188079:188520 [6] NCCL INFO [YT-TRACE] [TOPO] gpu_matrix gpu=3 peer=5 type=9 bw=40 hops=5
jscs-backuppool-5090test-091606:188079:188520 [6] NCCL INFO [YT-TRACE] [TOPO] gpu_matrix gpu=3 peer=6 type=9 bw=40 hops=5
jscs-backuppool-5090test-091606:188079:188520 [6] NCCL INFO [YT-TRACE] [TOPO] gpu_matrix gpu=3 peer=7 type=9 bw=40 hops=5
jscs-backuppool-5090test-091606:188079:188520 [6] NCCL INFO [YT-TRACE] [TOPO] gpu_matrix gpu=4 peer=5 type=8 bw=48 hops=4
jscs-backuppool-5090test-091606:188079:188520 [6] NCCL INFO [YT-TRACE] [TOPO] gpu_matrix gpu=4 peer=6 type=8 bw=48 hops=4
jscs-backuppool-5090test-091606:188079:188520 [6] NCCL INFO [YT-TRACE] [TOPO] gpu_matrix gpu=4 peer=7 type=9 bw=40 hops=5
jscs-backuppool-5090test-091606:188079:188520 [6] NCCL INFO [YT-TRACE] [TOPO] gpu_matrix gpu=5 peer=6 type=8 bw=48 hops=4
jscs-backuppool-5090test-091606:188079:188520 [6] NCCL INFO [YT-TRACE] [TOPO] gpu_matrix gpu=5 peer=7 type=9 bw=40 hops=5
jscs-backuppool-5090test-091606:188079:188520 [6] NCCL INFO [YT-TRACE] [TOPO] gpu_matrix gpu=6 peer=7 type=9 bw=40 hops=5
jscs-backuppool-5090test-091606:188079:188515 [2] NCCL INFO [YT-TRACE] [TOPO] path link=0 bw=5000 hops=1 gpu=0 to_type=8 to_id=0x27000
jscs-backuppool-5090test-091606:188079:188515 [2] NCCL INFO [YT-TRACE] [TOPO] path link=4 bw=48 hops=2 gpu=0 to_type=3 to_id=0x0
jscs-backuppool-5090test-091606:188079:188515 [2] NCCL INFO [YT-TRACE] [TOPO] path link=4 bw=48 hops=3 gpu=0 to_type=4 to_id=0x0
jscs-backuppool-5090test-091606:188079:188515 [2] NCCL INFO [YT-TRACE] [TOPO] path link=4 bw=48 hops=3 gpu=0 to_type=8 to_id=0x38000
jscs-backuppool-5090test-091606:188079:188515 [2] NCCL INFO [YT-TRACE] [TOPO] path link=9 bw=40 hops=3 gpu=0 to_type=3 to_id=0x1
jscs-backuppool-5090test-091606:188079:188515 [2] NCCL INFO [YT-TRACE] [TOPO] path link=9 bw=40 hops=3 gpu=0 to_type=3 to_id=0x2
jscs-backuppool-5090test-091606:188079:188515 [2] NCCL INFO [YT-TRACE] [TOPO] path link=9 bw=40 hops=3 gpu=0 to_type=3 to_id=0x3
jscs-backuppool-5090test-091606:188079:188515 [2] NCCL INFO [YT-TRACE] [TOPO] path link=10 bw=25 hops=4 gpu=0 to_type=5 to_id=0x0
jscs-backuppool-5090test-091606:188079:188515 [2] NCCL INFO [YT-TRACE] [TOPO] path link=10 bw=25 hops=4 gpu=0 to_type=5 to_id=0x0
jscs-backuppool-5090test-091606:188079:188515 [2] NCCL INFO [YT-TRACE] [TOPO] path link=10 bw=25 hops=4 gpu=0 to_type=5 to_id=0x0
jscs-backuppool-5090test-091606:188079:188515 [2] NCCL INFO [YT-TRACE] [TOPO] path link=10 bw=25 hops=4 gpu=0 to_type=5 to_id=0x0
jscs-backuppool-5090test-091606:188079:188515 [2] NCCL INFO [YT-TRACE] [TOPO] path link=0 bw=48 hops=4 gpu=0 peer=1
jscs-backuppool-5090test-091606:188079:188515 [2] NCCL INFO [YT-TRACE] [TOPO] path link=4 bw=40 hops=4 gpu=0 to_type=8 to_id=0x49000
jscs-backuppool-5090test-091606:188079:188515 [2] NCCL INFO [YT-TRACE] [TOPO] path link=4 bw=40 hops=4 gpu=0 to_type=8 to_id=0x5a000
jscs-backuppool-5090test-091606:188079:188515 [2] NCCL INFO [YT-TRACE] [TOPO] path link=4 bw=40 hops=4 gpu=0 to_type=8 to_id=0x98000
jscs-backuppool-5090test-091606:188079:188515 [2] NCCL INFO [YT-TRACE] [TOPO] path link=4 bw=40 hops=4 gpu=0 to_type=8 to_id=0xa8000
jscs-backuppool-5090test-091606:188079:188515 [2] NCCL INFO [YT-TRACE] [TOPO] path link=4 bw=40 hops=4 gpu=0 to_type=8 to_id=0xb8000
jscs-backuppool-5090test-091606:188079:188515 [2] NCCL INFO [YT-TRACE] [TOPO] path link=4 bw=40 hops=4 gpu=0 to_type=8 to_id=0xc8000
jscs-backuppool-5090test-091606:188079:188515 [2] NCCL INFO [YT-TRACE] [TOPO] path link=0 bw=40 hops=5 gpu=0 peer=2
jscs-backuppool-5090test-091606:188079:188515 [2] NCCL INFO [YT-TRACE] [TOPO] path link=0 bw=40 hops=5 gpu=0 peer=3
jscs-backuppool-5090test-091606:188079:188515 [2] NCCL INFO [YT-TRACE] [TOPO] path link=0 bw=40 hops=5 gpu=0 peer=4
jscs-backuppool-5090test-091606:188079:188515 [2] NCCL INFO [YT-TRACE] [TOPO] path link=0 bw=40 hops=5 gpu=0 peer=5
jscs-backuppool-5090test-091606:188079:188515 [2] NCCL INFO [YT-TRACE] [TOPO] path link=0 bw=40 hops=5 gpu=0 peer=6
jscs-backuppool-5090test-091606:188079:188515 [2] NCCL INFO [YT-TRACE] [TOPO] path link=0 bw=40 hops=5 gpu=0 peer=7
jscs-backuppool-5090test-091606:188079:188515 [2] NCCL INFO [YT-TRACE] [TOPO] path link=0 bw=5000 hops=1 gpu=1 to_type=8 to_id=0x38000
jscs-backuppool-5090test-091606:188079:188515 [2] NCCL INFO [YT-TRACE] [TOPO] path link=4 bw=48 hops=2 gpu=1 to_type=3 to_id=0x0
jscs-backuppool-5090test-091606:188079:188515 [2] NCCL INFO [YT-TRACE] [TOPO] path link=4 bw=48 hops=3 gpu=1 to_type=4 to_id=0x0
jscs-backuppool-5090test-091606:188079:188515 [2] NCCL INFO [YT-TRACE] [TOPO] path link=4 bw=48 hops=3 gpu=1 to_type=8 to_id=0x27000
jscs-backuppool-5090test-091606:188079:188515 [2] NCCL INFO [YT-TRACE] [TOPO] path link=9 bw=40 hops=3 gpu=1 to_type=3 to_id=0x1
jscs-backuppool-5090test-091606:188079:188515 [2] NCCL INFO [YT-TRACE] [TOPO] path link=9 bw=40 hops=3 gpu=1 to_type=3 to_id=0x2
jscs-backuppool-5090test-091606:188079:188515 [2] NCCL INFO [YT-TRACE] [TOPO] path link=9 bw=40 hops=3 gpu=1 to_type=3 to_id=0x3
jscs-backuppool-5090test-091606:188079:188515 [2] NCCL INFO [YT-TRACE] [TOPO] path link=10 bw=25 hops=4 gpu=1 to_type=5 to_id=0x0
jscs-backuppool-5090test-091606:188079:188515 [2] NCCL INFO [YT-TRACE] [TOPO] path link=10 bw=25 hops=4 gpu=1 to_type=5 to_id=0x0
jscs-backuppool-5090test-091606:188079:188515 [2] NCCL INFO [YT-TRACE] [TOPO] path link=10 bw=25 hops=4 gpu=1 to_type=5 to_id=0x0
jscs-backuppool-5090test-091606:188079:188515 [2] NCCL INFO [YT-TRACE] [TOPO] path link=10 bw=25 hops=4 gpu=1 to_type=5 to_id=0x0
jscs-backuppool-5090test-091606:188079:188515 [2] NCCL INFO [YT-TRACE] [TOPO] path link=0 bw=48 hops=4 gpu=1 peer=0
jscs-backuppool-5090test-091606:188079:188515 [2] NCCL INFO [YT-TRACE] [TOPO] path link=4 bw=40 hops=4 gpu=1 to_type=8 to_id=0x49000
jscs-backuppool-5090test-091606:188079:188515 [2] NCCL INFO [YT-TRACE] [TOPO] path link=4 bw=40 hops=4 gpu=1 to_type=8 to_id=0x5a000
jscs-backuppool-5090test-091606:188079:188515 [2] NCCL INFO [YT-TRACE] [TOPO] path link=4 bw=40 hops=4 gpu=1 to_type=8 to_id=0x98000
jscs-backuppool-5090test-091606:188079:188515 [2] NCCL INFO [YT-TRACE] [TOPO] path link=4 bw=40 hops=4 gpu=1 to_type=8 to_id=0xa8000
jscs-backuppool-5090test-091606:188079:188515 [2] NCCL INFO [YT-TRACE] [TOPO] path link=4 bw=40 hops=4 gpu=1 to_type=8 to_id=0xb8000
jscs-backuppool-5090test-091606:188079:188515 [2] NCCL INFO [YT-TRACE] [TOPO] path link=4 bw=40 hops=4 gpu=1 to_type=8 to_id=0xc8000
jscs-backuppool-5090test-091606:188079:188515 [2] NCCL INFO [YT-TRACE] [TOPO] path link=0 bw=40 hops=5 gpu=1 peer=2
jscs-backuppool-5090test-091606:188079:188515 [2] NCCL INFO [YT-TRACE] [TOPO] path link=0 bw=40 hops=5 gpu=1 peer=3
jscs-backuppool-5090test-091606:188079:188515 [2] NCCL INFO [YT-TRACE] [TOPO] path link=0 bw=40 hops=5 gpu=1 peer=4
jscs-backuppool-5090test-091606:188079:188515 [2] NCCL INFO [YT-TRACE] [TOPO] path link=0 bw=40 hops=5 gpu=1 peer=5
jscs-backuppool-5090test-091606:188079:188515 [2] NCCL INFO [YT-TRACE] [TOPO] path link=0 bw=40 hops=5 gpu=1 peer=6
jscs-backuppool-5090test-091606:188079:188515 [2] NCCL INFO [YT-TRACE] [TOPO] path link=0 bw=40 hops=5 gpu=1 peer=7
jscs-backuppool-5090test-091606:188079:188515 [2] NCCL INFO [YT-TRACE] [TOPO] path link=0 bw=5000 hops=1 gpu=2 to_type=8 to_id=0x49000
jscs-backuppool-5090test-091606:188079:188515 [2] NCCL INFO [YT-TRACE] [TOPO] path link=4 bw=48 hops=2 gpu=2 to_type=3 to_id=0x1
jscs-backuppool-5090test-091606:188079:188515 [2] NCCL INFO [YT-TRACE] [TOPO] path link=4 bw=48 hops=3 gpu=2 to_type=8 to_id=0x5a000
jscs-backuppool-5090test-091606:188079:188515 [2] NCCL INFO [YT-TRACE] [TOPO] path link=9 bw=40 hops=3 gpu=2 to_type=3 to_id=0x0
jscs-backuppool-5090test-091606:188079:188515 [2] NCCL INFO [YT-TRACE] [TOPO] path link=9 bw=40 hops=3 gpu=2 to_type=3 to_id=0x2
jscs-backuppool-5090test-091606:188079:188515 [2] NCCL INFO [YT-TRACE] [TOPO] path link=9 bw=40 hops=3 gpu=2 to_type=3 to_id=0x3
jscs-backuppool-5090test-091606:188079:188515 [2] NCCL INFO [YT-TRACE] [TOPO] path link=0 bw=48 hops=4 gpu=2 peer=3
jscs-backuppool-5090test-091606:188079:188515 [2] NCCL INFO [YT-TRACE] [TOPO] path link=4 bw=40 hops=4 gpu=2 to_type=4 to_id=0x0
jscs-backuppool-5090test-091606:188079:188515 [2] NCCL INFO [YT-TRACE] [TOPO] path link=4 bw=40 hops=4 gpu=2 to_type=8 to_id=0x27000
jscs-backuppool-5090test-091606:188079:188515 [2] NCCL INFO [YT-TRACE] [TOPO] path link=4 bw=40 hops=4 gpu=2 to_type=8 to_id=0x38000
jscs-backuppool-5090test-091606:188079:188515 [2] NCCL INFO [YT-TRACE] [TOPO] path link=4 bw=40 hops=4 gpu=2 to_type=8 to_id=0x98000
jscs-backuppool-5090test-091606:188079:188515 [2] NCCL INFO [YT-TRACE] [TOPO] path link=4 bw=40 hops=4 gpu=2 to_type=8 to_id=0xa8000
jscs-backuppool-5090test-091606:188079:188515 [2] NCCL INFO [YT-TRACE] [TOPO] path link=4 bw=40 hops=4 gpu=2 to_type=8 to_id=0xb8000
jscs-backuppool-5090test-091606:188079:188515 [2] NCCL INFO [YT-TRACE] [TOPO] path link=4 bw=40 hops=4 gpu=2 to_type=8 to_id=0xc8000
jscs-backuppool-5090test-091606:188079:188515 [2] NCCL INFO [YT-TRACE] [TOPO] path link=10 bw=25 hops=5 gpu=2 to_type=5 to_id=0x0
jscs-backuppool-5090test-091606:188079:188515 [2] NCCL INFO [YT-TRACE] [TOPO] path link=10 bw=25 hops=5 gpu=2 to_type=5 to_id=0x0
jscs-backuppool-5090test-091606:188079:188515 [2] NCCL INFO [YT-TRACE] [TOPO] path link=10 bw=25 hops=5 gpu=2 to_type=5 to_id=0x0
jscs-backuppool-5090test-091606:188079:188515 [2] NCCL INFO [YT-TRACE] [TOPO] path link=10 bw=25 hops=5 gpu=2 to_type=5 to_id=0x0
jscs-backuppool-5090test-091606:188079:188515 [2] NCCL INFO [YT-TRACE] [TOPO] path link=0 bw=40 hops=5 gpu=2 peer=0
jscs-backuppool-5090test-091606:188079:188515 [2] NCCL INFO [YT-TRACE] [TOPO] path link=0 bw=40 hops=5 gpu=2 peer=1
jscs-backuppool-5090test-091606:188079:188515 [2] NCCL INFO [YT-TRACE] [TOPO] path link=0 bw=40 hops=5 gpu=2 peer=4
jscs-backuppool-5090test-091606:188079:188515 [2] NCCL INFO [YT-TRACE] [TOPO] path link=0 bw=40 hops=5 gpu=2 peer=5
jscs-backuppool-5090test-091606:188079:188515 [2] NCCL INFO [YT-TRACE] [TOPO] path link=0 bw=40 hops=5 gpu=2 peer=6
jscs-backuppool-5090test-091606:188079:188515 [2] NCCL INFO [YT-TRACE] [TOPO] path link=0 bw=40 hops=5 gpu=2 peer=7
jscs-backuppool-5090test-091606:188079:188515 [2] NCCL INFO [YT-TRACE] [TOPO] path link=0 bw=5000 hops=1 gpu=3 to_type=8 to_id=0x5a000
jscs-backuppool-5090test-091606:188079:188515 [2] NCCL INFO [YT-TRACE] [TOPO] path link=4 bw=48 hops=2 gpu=3 to_type=3 to_id=0x1
jscs-backuppool-5090test-091606:188079:188515 [2] NCCL INFO [YT-TRACE] [TOPO] path link=4 bw=48 hops=3 gpu=3 to_type=8 to_id=0x49000
jscs-backuppool-5090test-091606:188079:188515 [2] NCCL INFO [YT-TRACE] [TOPO] path link=9 bw=40 hops=3 gpu=3 to_type=3 to_id=0x0
jscs-backuppool-5090test-091606:188079:188515 [2] NCCL INFO [YT-TRACE] [TOPO] path link=9 bw=40 hops=3 gpu=3 to_type=3 to_id=0x2
jscs-backuppool-5090test-091606:188079:188515 [2] NCCL INFO [YT-TRACE] [TOPO] path link=9 bw=40 hops=3 gpu=3 to_type=3 to_id=0x3
jscs-backuppool-5090test-091606:188079:188515 [2] NCCL INFO [YT-TRACE] [TOPO] path link=0 bw=48 hops=4 gpu=3 peer=2
jscs-backuppool-5090test-091606:188079:188515 [2] NCCL INFO [YT-TRACE] [TOPO] path link=4 bw=40 hops=4 gpu=3 to_type=4 to_id=0x0
jscs-backuppool-5090test-091606:188079:188515 [2] NCCL INFO [YT-TRACE] [TOPO] path link=4 bw=40 hops=4 gpu=3 to_type=8 to_id=0x27000
jscs-backuppool-5090test-091606:188079:188515 [2] NCCL INFO [YT-TRACE] [TOPO] path link=4 bw=40 hops=4 gpu=3 to_type=8 to_id=0x38000
jscs-backuppool-5090test-091606:188079:188515 [2] NCCL INFO [YT-TRACE] [TOPO] path link=4 bw=40 hops=4 gpu=3 to_type=8 to_id=0x98000
jscs-backuppool-5090test-091606:188079:188515 [2] NCCL INFO [YT-TRACE] [TOPO] path link=4 bw=40 hops=4 gpu=3 to_type=8 to_id=0xa8000
jscs-backuppool-5090test-091606:188079:188515 [2] NCCL INFO [YT-TRACE] [TOPO] path link=4 bw=40 hops=4 gpu=3 to_type=8 to_id=0xb8000
jscs-backuppool-5090test-091606:188079:188515 [2] NCCL INFO [YT-TRACE] [TOPO] path link=4 bw=40 hops=4 gpu=3 to_type=8 to_id=0xc8000
jscs-backuppool-5090test-091606:188079:188515 [2] NCCL INFO [YT-TRACE] [TOPO] path link=10 bw=25 hops=5 gpu=3 to_type=5 to_id=0x0
jscs-backuppool-5090test-091606:188079:188515 [2] NCCL INFO [YT-TRACE] [TOPO] path link=10 bw=25 hops=5 gpu=3 to_type=5 to_id=0x0
jscs-backuppool-5090test-091606:188079:188515 [2] NCCL INFO [YT-TRACE] [TOPO] path link=10 bw=25 hops=5 gpu=3 to_type=5 to_id=0x0
jscs-backuppool-5090test-091606:188079:188515 [2] NCCL INFO [YT-TRACE] [TOPO] path link=10 bw=25 hops=5 gpu=3 to_type=5 to_id=0x0
jscs-backuppool-5090test-091606:188079:188515 [2] NCCL INFO [YT-TRACE] [TOPO] path link=0 bw=40 hops=5 gpu=3 peer=0
jscs-backuppool-5090test-091606:188079:188515 [2] NCCL INFO [YT-TRACE] [TOPO] path link=0 bw=40 hops=5 gpu=3 peer=1
jscs-backuppool-5090test-091606:188079:188515 [2] NCCL INFO [YT-TRACE] [TOPO] path link=0 bw=40 hops=5 gpu=3 peer=4
jscs-backuppool-5090test-091606:188079:188515 [2] NCCL INFO [YT-TRACE] [TOPO] path link=0 bw=40 hops=5 gpu=3 peer=5
jscs-backuppool-5090test-091606:188079:188515 [2] NCCL INFO [YT-TRACE] [TOPO] path link=0 bw=40 hops=5 gpu=3 peer=6
jscs-backuppool-5090test-091606:188079:188515 [2] NCCL INFO [YT-TRACE] [TOPO] path link=0 bw=40 hops=5 gpu=3 peer=7
jscs-backuppool-5090test-091606:188079:188515 [2] NCCL INFO [YT-TRACE] [TOPO] path link=0 bw=5000 hops=1 gpu=4 to_type=8 to_id=0x98000
jscs-backuppool-5090test-091606:188079:188515 [2] NCCL INFO [YT-TRACE] [TOPO] path link=4 bw=48 hops=2 gpu=4 to_type=3 to_id=0x2
jscs-backuppool-5090test-091606:188079:188515 [2] NCCL INFO [YT-TRACE] [TOPO] path link=4 bw=48 hops=3 gpu=4 to_type=8 to_id=0xa8000
jscs-backuppool-5090test-091606:188079:188515 [2] NCCL INFO [YT-TRACE] [TOPO] path link=4 bw=48 hops=3 gpu=4 to_type=8 to_id=0xb8000
jscs-backuppool-5090test-091606:188079:188515 [2] NCCL INFO [YT-TRACE] [TOPO] path link=9 bw=40 hops=3 gpu=4 to_type=3 to_id=0x0
jscs-backuppool-5090test-091606:188079:188515 [2] NCCL INFO [YT-TRACE] [TOPO] path link=9 bw=40 hops=3 gpu=4 to_type=3 to_id=0x1
jscs-backuppool-5090test-091606:188079:188515 [2] NCCL INFO [YT-TRACE] [TOPO] path link=9 bw=40 hops=3 gpu=4 to_type=3 to_id=0x3
jscs-backuppool-5090test-091606:188079:188515 [2] NCCL INFO [YT-TRACE] [TOPO] path link=0 bw=48 hops=4 gpu=4 peer=5
jscs-backuppool-5090test-091606:188079:188515 [2] NCCL INFO [YT-TRACE] [TOPO] path link=0 bw=48 hops=4 gpu=4 peer=6
jscs-backuppool-5090test-091606:188079:188515 [2] NCCL INFO [YT-TRACE] [TOPO] path link=4 bw=40 hops=4 gpu=4 to_type=4 to_id=0x0
jscs-backuppool-5090test-091606:188079:188515 [2] NCCL INFO [YT-TRACE] [TOPO] path link=4 bw=40 hops=4 gpu=4 to_type=8 to_id=0x27000
jscs-backuppool-5090test-091606:188079:188515 [2] NCCL INFO [YT-TRACE] [TOPO] path link=4 bw=40 hops=4 gpu=4 to_type=8 to_id=0x38000
jscs-backuppool-5090test-091606:188079:188515 [2] NCCL INFO [YT-TRACE] [TOPO] path link=4 bw=40 hops=4 gpu=4 to_type=8 to_id=0x49000
jscs-backuppool-5090test-091606:188079:188515 [2] NCCL INFO [YT-TRACE] [TOPO] path link=4 bw=40 hops=4 gpu=4 to_type=8 to_id=0x5a000
jscs-backuppool-5090test-091606:188079:188515 [2] NCCL INFO [YT-TRACE] [TOPO] path link=4 bw=40 hops=4 gpu=4 to_type=8 to_id=0xc8000
jscs-backuppool-5090test-091606:188079:188515 [2] NCCL INFO [YT-TRACE] [TOPO] path link=10 bw=25 hops=5 gpu=4 to_type=5 to_id=0x0
jscs-backuppool-5090test-091606:188079:188515 [2] NCCL INFO [YT-TRACE] [TOPO] path link=10 bw=25 hops=5 gpu=4 to_type=5 to_id=0x0
jscs-backuppool-5090test-091606:188079:188515 [2] NCCL INFO [YT-TRACE] [TOPO] path link=10 bw=25 hops=5 gpu=4 to_type=5 to_id=0x0
jscs-backuppool-5090test-091606:188079:188515 [2] NCCL INFO [YT-TRACE] [TOPO] path link=10 bw=25 hops=5 gpu=4 to_type=5 to_id=0x0
jscs-backuppool-5090test-091606:188079:188515 [2] NCCL INFO [YT-TRACE] [TOPO] path link=0 bw=40 hops=5 gpu=4 peer=0
jscs-backuppool-5090test-091606:188079:188515 [2] NCCL INFO [YT-TRACE] [TOPO] path link=0 bw=40 hops=5 gpu=4 peer=1
jscs-backuppool-5090test-091606:188079:188515 [2] NCCL INFO [YT-TRACE] [TOPO] path link=0 bw=40 hops=5 gpu=4 peer=2
jscs-backuppool-5090test-091606:188079:188515 [2] NCCL INFO [YT-TRACE] [TOPO] path link=0 bw=40 hops=5 gpu=4 peer=3
jscs-backuppool-5090test-091606:188079:188515 [2] NCCL INFO [YT-TRACE] [TOPO] path link=0 bw=40 hops=5 gpu=4 peer=7
jscs-backuppool-5090test-091606:188079:188515 [2] NCCL INFO [YT-TRACE] [TOPO] path link=0 bw=5000 hops=1 gpu=5 to_type=8 to_id=0xa8000
jscs-backuppool-5090test-091606:188079:188515 [2] NCCL INFO [YT-TRACE] [TOPO] path link=4 bw=48 hops=2 gpu=5 to_type=3 to_id=0x2
jscs-backuppool-5090test-091606:188079:188515 [2] NCCL INFO [YT-TRACE] [TOPO] path link=4 bw=48 hops=3 gpu=5 to_type=8 to_id=0x98000
jscs-backuppool-5090test-091606:188079:188515 [2] NCCL INFO [YT-TRACE] [TOPO] path link=4 bw=48 hops=3 gpu=5 to_type=8 to_id=0xb8000
jscs-backuppool-5090test-091606:188079:188515 [2] NCCL INFO [YT-TRACE] [TOPO] path link=9 bw=40 hops=3 gpu=5 to_type=3 to_id=0x0
jscs-backuppool-5090test-091606:188079:188515 [2] NCCL INFO [YT-TRACE] [TOPO] path link=9 bw=40 hops=3 gpu=5 to_type=3 to_id=0x1
jscs-backuppool-5090test-091606:188079:188515 [2] NCCL INFO [YT-TRACE] [TOPO] path link=9 bw=40 hops=3 gpu=5 to_type=3 to_id=0x3
jscs-backuppool-5090test-091606:188079:188515 [2] NCCL INFO [YT-TRACE] [TOPO] path link=0 bw=48 hops=4 gpu=5 peer=4
jscs-backuppool-5090test-091606:188079:188515 [2] NCCL INFO [YT-TRACE] [TOPO] path link=0 bw=48 hops=4 gpu=5 peer=6
jscs-backuppool-5090test-091606:188079:188515 [2] NCCL INFO [YT-TRACE] [TOPO] path link=4 bw=40 hops=4 gpu=5 to_type=4 to_id=0x0
jscs-backuppool-5090test-091606:188079:188515 [2] NCCL INFO [YT-TRACE] [TOPO] path link=4 bw=40 hops=4 gpu=5 to_type=8 to_id=0x27000
jscs-backuppool-5090test-091606:188079:188515 [2] NCCL INFO [YT-TRACE] [TOPO] path link=4 bw=40 hops=4 gpu=5 to_type=8 to_id=0x38000
jscs-backuppool-5090test-091606:188079:188515 [2] NCCL INFO [YT-TRACE] [TOPO] path link=4 bw=40 hops=4 gpu=5 to_type=8 to_id=0x49000
jscs-backuppool-5090test-091606:188079:188515 [2] NCCL INFO [YT-TRACE] [TOPO] path link=4 bw=40 hops=4 gpu=5 to_type=8 to_id=0x5a000
jscs-backuppool-5090test-091606:188079:188515 [2] NCCL INFO [YT-TRACE] [TOPO] path link=4 bw=40 hops=4 gpu=5 to_type=8 to_id=0xc8000
jscs-backuppool-5090test-091606:188079:188515 [2] NCCL INFO [YT-TRACE] [TOPO] path link=10 bw=25 hops=5 gpu=5 to_type=5 to_id=0x0
jscs-backuppool-5090test-091606:188079:188515 [2] NCCL INFO [YT-TRACE] [TOPO] path link=10 bw=25 hops=5 gpu=5 to_type=5 to_id=0x0
jscs-backuppool-5090test-091606:188079:188515 [2] NCCL INFO [YT-TRACE] [TOPO] path link=10 bw=25 hops=5 gpu=5 to_type=5 to_id=0x0
jscs-backuppool-5090test-091606:188079:188515 [2] NCCL INFO [YT-TRACE] [TOPO] path link=10 bw=25 hops=5 gpu=5 to_type=5 to_id=0x0
jscs-backuppool-5090test-091606:188079:188515 [2] NCCL INFO [YT-TRACE] [TOPO] path link=0 bw=40 hops=5 gpu=5 peer=0
jscs-backuppool-5090test-091606:188079:188515 [2] NCCL INFO [YT-TRACE] [TOPO] path link=0 bw=40 hops=5 gpu=5 peer=1
jscs-backuppool-5090test-091606:188079:188515 [2] NCCL INFO [YT-TRACE] [TOPO] path link=0 bw=40 hops=5 gpu=5 peer=2
jscs-backuppool-5090test-091606:188079:188515 [2] NCCL INFO [YT-TRACE] [TOPO] path link=0 bw=40 hops=5 gpu=5 peer=3
jscs-backuppool-5090test-091606:188079:188515 [2] NCCL INFO [YT-TRACE] [TOPO] path link=0 bw=40 hops=5 gpu=5 peer=7
jscs-backuppool-5090test-091606:188079:188515 [2] NCCL INFO [YT-TRACE] [TOPO] path link=0 bw=5000 hops=1 gpu=6 to_type=8 to_id=0xb8000
jscs-backuppool-5090test-091606:188079:188515 [2] NCCL INFO [YT-TRACE] [TOPO] path link=4 bw=48 hops=2 gpu=6 to_type=3 to_id=0x2
jscs-backuppool-5090test-091606:188079:188515 [2] NCCL INFO [YT-TRACE] [TOPO] path link=4 bw=48 hops=3 gpu=6 to_type=8 to_id=0x98000
jscs-backuppool-5090test-091606:188079:188515 [2] NCCL INFO [YT-TRACE] [TOPO] path link=4 bw=48 hops=3 gpu=6 to_type=8 to_id=0xa8000
jscs-backuppool-5090test-091606:188079:188515 [2] NCCL INFO [YT-TRACE] [TOPO] path link=9 bw=40 hops=3 gpu=6 to_type=3 to_id=0x0
jscs-backuppool-5090test-091606:188079:188515 [2] NCCL INFO [YT-TRACE] [TOPO] path link=9 bw=40 hops=3 gpu=6 to_type=3 to_id=0x1
jscs-backuppool-5090test-091606:188079:188515 [2] NCCL INFO [YT-TRACE] [TOPO] path link=9 bw=40 hops=3 gpu=6 to_type=3 to_id=0x3
jscs-backuppool-5090test-091606:188079:188515 [2] NCCL INFO [YT-TRACE] [TOPO] path link=0 bw=48 hops=4 gpu=6 peer=4
jscs-backuppool-5090test-091606:188079:188515 [2] NCCL INFO [YT-TRACE] [TOPO] path link=0 bw=48 hops=4 gpu=6 peer=5
jscs-backuppool-5090test-091606:188079:188515 [2] NCCL INFO [YT-TRACE] [TOPO] path link=4 bw=40 hops=4 gpu=6 to_type=4 to_id=0x0
jscs-backuppool-5090test-091606:188079:188515 [2] NCCL INFO [YT-TRACE] [TOPO] path link=4 bw=40 hops=4 gpu=6 to_type=8 to_id=0x27000
jscs-backuppool-5090test-091606:188079:188515 [2] NCCL INFO [YT-TRACE] [TOPO] path link=4 bw=40 hops=4 gpu=6 to_type=8 to_id=0x38000
jscs-backuppool-5090test-091606:188079:188515 [2] NCCL INFO [YT-TRACE] [TOPO] path link=4 bw=40 hops=4 gpu=6 to_type=8 to_id=0x49000
jscs-backuppool-5090test-091606:188079:188515 [2] NCCL INFO [YT-TRACE] [TOPO] path link=4 bw=40 hops=4 gpu=6 to_type=8 to_id=0x5a000
jscs-backuppool-5090test-091606:188079:188515 [2] NCCL INFO [YT-TRACE] [TOPO] path link=4 bw=40 hops=4 gpu=6 to_type=8 to_id=0xc8000
jscs-backuppool-5090test-091606:188079:188515 [2] NCCL INFO [YT-TRACE] [TOPO] path link=10 bw=25 hops=5 gpu=6 to_type=5 to_id=0x0
jscs-backuppool-5090test-091606:188079:188515 [2] NCCL INFO [YT-TRACE] [TOPO] path link=10 bw=25 hops=5 gpu=6 to_type=5 to_id=0x0
jscs-backuppool-5090test-091606:188079:188515 [2] NCCL INFO [YT-TRACE] [TOPO] path link=10 bw=25 hops=5 gpu=6 to_type=5 to_id=0x0
jscs-backuppool-5090test-091606:188079:188515 [2] NCCL INFO [YT-TRACE] [TOPO] path link=10 bw=25 hops=5 gpu=6 to_type=5 to_id=0x0
jscs-backuppool-5090test-091606:188079:188515 [2] NCCL INFO [YT-TRACE] [TOPO] path link=0 bw=40 hops=5 gpu=6 peer=0
jscs-backuppool-5090test-091606:188079:188515 [2] NCCL INFO [YT-TRACE] [TOPO] path link=0 bw=40 hops=5 gpu=6 peer=1
jscs-backuppool-5090test-091606:188079:188515 [2] NCCL INFO [YT-TRACE] [TOPO] path link=0 bw=40 hops=5 gpu=6 peer=2
jscs-backuppool-5090test-091606:188079:188515 [2] NCCL INFO [YT-TRACE] [TOPO] path link=0 bw=40 hops=5 gpu=6 peer=3
jscs-backuppool-5090test-091606:188079:188515 [2] NCCL INFO [YT-TRACE] [TOPO] path link=0 bw=40 hops=5 gpu=6 peer=7
jscs-backuppool-5090test-091606:188079:188515 [2] NCCL INFO [YT-TRACE] [TOPO] path link=0 bw=5000 hops=1 gpu=7 to_type=8 to_id=0xc8000
jscs-backuppool-5090test-091606:188079:188515 [2] NCCL INFO [YT-TRACE] [TOPO] path link=4 bw=48 hops=2 gpu=7 to_type=3 to_id=0x3
jscs-backuppool-5090test-091606:188079:188515 [2] NCCL INFO [YT-TRACE] [TOPO] path link=9 bw=40 hops=3 gpu=7 to_type=3 to_id=0x0
jscs-backuppool-5090test-091606:188079:188515 [2] NCCL INFO [YT-TRACE] [TOPO] path link=9 bw=40 hops=3 gpu=7 to_type=3 to_id=0x1
jscs-backuppool-5090test-091606:188079:188515 [2] NCCL INFO [YT-TRACE] [TOPO] path link=9 bw=40 hops=3 gpu=7 to_type=3 to_id=0x2
jscs-backuppool-5090test-091606:188079:188515 [2] NCCL INFO [YT-TRACE] [TOPO] path link=4 bw=40 hops=4 gpu=7 to_type=4 to_id=0x0
jscs-backuppool-5090test-091606:188079:188515 [2] NCCL INFO [YT-TRACE] [TOPO] path link=4 bw=40 hops=4 gpu=7 to_type=8 to_id=0x27000
jscs-backuppool-5090test-091606:188079:188515 [2] NCCL INFO [YT-TRACE] [TOPO] path link=4 bw=40 hops=4 gpu=7 to_type=8 to_id=0x38000
jscs-backuppool-5090test-091606:188079:188515 [2] NCCL INFO [YT-TRACE] [TOPO] path link=4 bw=40 hops=4 gpu=7 to_type=8 to_id=0x49000
jscs-backuppool-5090test-091606:188079:188515 [2] NCCL INFO [YT-TRACE] [TOPO] path link=4 bw=40 hops=4 gpu=7 to_type=8 to_id=0x5a000
jscs-backuppool-5090test-091606:188079:188515 [2] NCCL INFO [YT-TRACE] [TOPO] path link=4 bw=40 hops=4 gpu=7 to_type=8 to_id=0x98000
jscs-backuppool-5090test-091606:188079:188515 [2] NCCL INFO [YT-TRACE] [TOPO] path link=4 bw=40 hops=4 gpu=7 to_type=8 to_id=0xa8000
jscs-backuppool-5090test-091606:188079:188515 [2] NCCL INFO [YT-TRACE] [TOPO] path link=4 bw=40 hops=4 gpu=7 to_type=8 to_id=0xb8000
jscs-backuppool-5090test-091606:188079:188515 [2] NCCL INFO [YT-TRACE] [TOPO] path link=10 bw=25 hops=5 gpu=7 to_type=5 to_id=0x0
jscs-backuppool-5090test-091606:188079:188515 [2] NCCL INFO [YT-TRACE] [TOPO] path link=10 bw=25 hops=5 gpu=7 to_type=5 to_id=0x0
jscs-backuppool-5090test-091606:188079:188515 [2] NCCL INFO [YT-TRACE] [TOPO] path link=10 bw=25 hops=5 gpu=7 to_type=5 to_id=0x0
jscs-backuppool-5090test-091606:188079:188515 [2] NCCL INFO [YT-TRACE] [TOPO] path link=10 bw=25 hops=5 gpu=7 to_type=5 to_id=0x0
jscs-backuppool-5090test-091606:188079:188515 [2] NCCL INFO [YT-TRACE] [TOPO] path link=0 bw=40 hops=5 gpu=7 peer=0
jscs-backuppool-5090test-091606:188079:188515 [2] NCCL INFO [YT-TRACE] [TOPO] path link=0 bw=40 hops=5 gpu=7 peer=1
jscs-backuppool-5090test-091606:188079:188515 [2] NCCL INFO [YT-TRACE] [TOPO] path link=0 bw=40 hops=5 gpu=7 peer=2
jscs-backuppool-5090test-091606:188079:188515 [2] NCCL INFO [YT-TRACE] [TOPO] path link=0 bw=40 hops=5 gpu=7 peer=3
jscs-backuppool-5090test-091606:188079:188515 [2] NCCL INFO [YT-TRACE] [TOPO] path link=0 bw=40 hops=5 gpu=7 peer=4
jscs-backuppool-5090test-091606:188079:188515 [2] NCCL INFO [YT-TRACE] [TOPO] path link=0 bw=40 hops=5 gpu=7 peer=5
jscs-backuppool-5090test-091606:188079:188515 [2] NCCL INFO [YT-TRACE] [TOPO] path link=0 bw=40 hops=5 gpu=7 peer=6
jscs-backuppool-5090test-091606:188079:188515 [2] NCCL INFO [YT-TRACE] [TOPO] gpu_matrix gpu=0 peer=1 type=8 bw=48 hops=4
jscs-backuppool-5090test-091606:188079:188515 [2] NCCL INFO [YT-TRACE] [TOPO] gpu_matrix gpu=0 peer=2 type=9 bw=40 hops=5
jscs-backuppool-5090test-091606:188079:188515 [2] NCCL INFO [YT-TRACE] [TOPO] gpu_matrix gpu=0 peer=3 type=9 bw=40 hops=5
jscs-backuppool-5090test-091606:188079:188515 [2] NCCL INFO [YT-TRACE] [TOPO] gpu_matrix gpu=0 peer=4 type=9 bw=40 hops=5
jscs-backuppool-5090test-091606:188079:188515 [2] NCCL INFO [YT-TRACE] [TOPO] gpu_matrix gpu=0 peer=5 type=9 bw=40 hops=5
jscs-backuppool-5090test-091606:188079:188515 [2] NCCL INFO [YT-TRACE] [TOPO] gpu_matrix gpu=0 peer=6 type=9 bw=40 hops=5
jscs-backuppool-5090test-091606:188079:188515 [2] NCCL INFO [YT-TRACE] [TOPO] gpu_matrix gpu=0 peer=7 type=9 bw=40 hops=5
jscs-backuppool-5090test-091606:188079:188515 [2] NCCL INFO [YT-TRACE] [TOPO] gpu_matrix gpu=1 peer=2 type=9 bw=40 hops=5
jscs-backuppool-5090test-091606:188079:188515 [2] NCCL INFO [YT-TRACE] [TOPO] gpu_matrix gpu=1 peer=3 type=9 bw=40 hops=5
jscs-backuppool-5090test-091606:188079:188515 [2] NCCL INFO [YT-TRACE] [TOPO] gpu_matrix gpu=1 peer=4 type=9 bw=40 hops=5
jscs-backuppool-5090test-091606:188079:188515 [2] NCCL INFO [YT-TRACE] [TOPO] gpu_matrix gpu=1 peer=5 type=9 bw=40 hops=5
jscs-backuppool-5090test-091606:188079:188515 [2] NCCL INFO [YT-TRACE] [TOPO] gpu_matrix gpu=1 peer=6 type=9 bw=40 hops=5
jscs-backuppool-5090test-091606:188079:188515 [2] NCCL INFO [YT-TRACE] [TOPO] gpu_matrix gpu=1 peer=7 type=9 bw=40 hops=5
jscs-backuppool-5090test-091606:188079:188515 [2] NCCL INFO [YT-TRACE] [TOPO] gpu_matrix gpu=2 peer=3 type=8 bw=48 hops=4
jscs-backuppool-5090test-091606:188079:188515 [2] NCCL INFO [YT-TRACE] [TOPO] gpu_matrix gpu=2 peer=4 type=9 bw=40 hops=5
jscs-backuppool-5090test-091606:188079:188515 [2] NCCL INFO [YT-TRACE] [TOPO] gpu_matrix gpu=2 peer=5 type=9 bw=40 hops=5
jscs-backuppool-5090test-091606:188079:188515 [2] NCCL INFO [YT-TRACE] [TOPO] gpu_matrix gpu=2 peer=6 type=9 bw=40 hops=5
jscs-backuppool-5090test-091606:188079:188515 [2] NCCL INFO [YT-TRACE] [TOPO] gpu_matrix gpu=2 peer=7 type=9 bw=40 hops=5
jscs-backuppool-5090test-091606:188079:188515 [2] NCCL INFO [YT-TRACE] [TOPO] gpu_matrix gpu=3 peer=4 type=9 bw=40 hops=5
jscs-backuppool-5090test-091606:188079:188515 [2] NCCL INFO [YT-TRACE] [TOPO] gpu_matrix gpu=3 peer=5 type=9 bw=40 hops=5
jscs-backuppool-5090test-091606:188079:188515 [2] NCCL INFO [YT-TRACE] [TOPO] gpu_matrix gpu=3 peer=6 type=9 bw=40 hops=5
jscs-backuppool-5090test-091606:188079:188515 [2] NCCL INFO [YT-TRACE] [TOPO] gpu_matrix gpu=3 peer=7 type=9 bw=40 hops=5
jscs-backuppool-5090test-091606:188079:188515 [2] NCCL INFO [YT-TRACE] [TOPO] gpu_matrix gpu=4 peer=5 type=8 bw=48 hops=4
jscs-backuppool-5090test-091606:188079:188515 [2] NCCL INFO [YT-TRACE] [TOPO] gpu_matrix gpu=4 peer=6 type=8 bw=48 hops=4
jscs-backuppool-5090test-091606:188079:188515 [2] NCCL INFO [YT-TRACE] [TOPO] gpu_matrix gpu=4 peer=7 type=9 bw=40 hops=5
jscs-backuppool-5090test-091606:188079:188515 [2] NCCL INFO [YT-TRACE] [TOPO] gpu_matrix gpu=5 peer=6 type=8 bw=48 hops=4
jscs-backuppool-5090test-091606:188079:188515 [2] NCCL INFO [YT-TRACE] [TOPO] gpu_matrix gpu=5 peer=7 type=9 bw=40 hops=5
jscs-backuppool-5090test-091606:188079:188515 [2] NCCL INFO [YT-TRACE] [TOPO] gpu_matrix gpu=6 peer=7 type=9 bw=40 hops=5
