jscs-backuppool-5090test-091606:1385395:1385834 [7] NCCL INFO [YT-TRACE] [SRC] pci_sysfs path=/sys/devices/pci0000:c7/0000:c7:01.0/0000:c8:00.0/class class=0x030000
jscs-backuppool-5090test-091606:1385395:1385829 [2] NCCL INFO [YT-TRACE] [SRC] pci_sysfs path=/sys/devices/pci0000:48/0000:48:01.0/0000:49:00.0/class class=0x030000
jscs-backuppool-5090test-091606:1385395:1385831 [4] NCCL INFO [YT-TRACE] [SRC] pci_sysfs path=/sys/devices/pci0000:97/0000:97:01.0/0000:98:00.0/class class=0x030000
jscs-backuppool-5090test-091606:1385395:1385830 [3] NCCL INFO [YT-TRACE] [SRC] pci_sysfs path=/sys/devices/pci0000:59/0000:59:01.0/0000:5a:00.0/class class=0x030000
jscs-backuppool-5090test-091606:1385395:1385827 [0] NCCL INFO [YT-TRACE] [SRC] pci_sysfs path=/sys/devices/pci0000:26/0000:26:01.0/0000:27:00.0/class class=0x030000
jscs-backuppool-5090test-091606:1385395:1385833 [6] NCCL INFO [YT-TRACE] [SRC] pci_sysfs path=/sys/devices/pci0000:b7/0000:b7:01.0/0000:b8:00.0/class class=0x030000
jscs-backuppool-5090test-091606:1385395:1385831 [4] NCCL INFO [YT-TRACE] [SRC] pci_nvml vendor=0x10de
jscs-backuppool-5090test-091606:1385395:1385828 [1] NCCL INFO [YT-TRACE] [SRC] pci_sysfs path=/sys/devices/pci0000:37/0000:37:01.0/0000:38:00.0/class class=0x030000
jscs-backuppool-5090test-091606:1385395:1385832 [5] NCCL INFO [YT-TRACE] [SRC] pci_sysfs path=/sys/devices/pci0000:a7/0000:a7:01.0/0000:a8:00.0/class class=0x030000
jscs-backuppool-5090test-091606:1385395:1385834 [7] NCCL INFO [YT-TRACE] [SRC] pci_nvml vendor=0x10de
jscs-backuppool-5090test-091606:1385395:1385833 [6] NCCL INFO [YT-TRACE] [SRC] pci_nvml vendor=0x10de
jscs-backuppool-5090test-091606:1385395:1385829 [2] NCCL INFO [YT-TRACE] [SRC] pci_nvml vendor=0x10de
jscs-backuppool-5090test-091606:1385395:1385830 [3] NCCL INFO [YT-TRACE] [SRC] pci_nvml vendor=0x10de
jscs-backuppool-5090test-091606:1385395:1385827 [0] NCCL INFO [YT-TRACE] [SRC] pci_nvml vendor=0x10de
jscs-backuppool-5090test-091606:1385395:1385827 [0] NCCL INFO [YT-TRACE] [SRC] pci_nvml device=0x2b85
jscs-backuppool-5090test-091606:1385395:1385827 [0] NCCL INFO [YT-TRACE] [SRC] pci_nvml subsystem_vendor=0x10de
jscs-backuppool-5090test-091606:1385395:1385832 [5] NCCL INFO [YT-TRACE] [SRC] pci_nvml vendor=0x10de
jscs-backuppool-5090test-091606:1385395:1385832 [5] NCCL INFO [YT-TRACE] [SRC] pci_nvml device=0x2b85
jscs-backuppool-5090test-091606:1385395:1385832 [5] NCCL INFO [YT-TRACE] [SRC] pci_nvml subsystem_vendor=0x10de
jscs-backuppool-5090test-091606:1385395:1385829 [2] NCCL INFO [YT-TRACE] [SRC] pci_nvml device=0x2b85
jscs-backuppool-5090test-091606:1385395:1385828 [1] NCCL INFO [YT-TRACE] [SRC] pci_nvml vendor=0x10de
jscs-backuppool-5090test-091606:1385395:1385830 [3] NCCL INFO [YT-TRACE] [SRC] pci_nvml device=0x2b85
jscs-backuppool-5090test-091606:1385395:1385830 [3] NCCL INFO [YT-TRACE] [SRC] pci_nvml subsystem_vendor=0x10de
jscs-backuppool-5090test-091606:1385395:1385830 [3] NCCL INFO [YT-TRACE] [SRC] pci_nvml subsystem_device=0x5309
jscs-backuppool-5090test-091606:1385395:1385827 [0] NCCL INFO [YT-TRACE] [SRC] pci_nvml subsystem_device=0x5309
jscs-backuppool-5090test-091606:1385395:1385831 [4] NCCL INFO [YT-TRACE] [SRC] pci_nvml device=0x2b85
jscs-backuppool-5090test-091606:1385395:1385830 [3] NCCL INFO [YT-TRACE] [SRC] pci_link_speed nvml busid=0000:5a:00.0 link_speed=32.0 GT/s PCIe
jscs-backuppool-5090test-091606:1385395:1385832 [5] NCCL INFO [YT-TRACE] [SRC] pci_nvml subsystem_device=0x5309
jscs-backuppool-5090test-091606:1385395:1385830 [3] NCCL INFO [YT-TRACE] [SRC] cpu_affinity numa=1 affinity=00000000,0000ffff,ff000000,00000000,0000ffff,ff000000
jscs-backuppool-5090test-091606:1385395:1385830 [3] NCCL INFO [YT-TRACE] [SRC] cpu_cpuid vendor=GenuineIntel
jscs-backuppool-5090test-091606:1385395:1385830 [3] NCCL INFO [YT-TRACE] [SRC] cpu_cpuid family=6 model=207
jscs-backuppool-5090test-091606:1385395:1385830 [3] NCCL INFO [YT-TRACE] [SCAN] cpu numa=1 arch=x86_64 vendor=GenuineIntel family=6 model=207 affinity=00000000,0000ffff,ff000000,00000000,0000ffff,ff000000
jscs-backuppool-5090test-091606:1385395:1385830 [3] NCCL INFO [YT-TRACE] [SCAN] pci busid=0000:5a:00.0 class=0x030000 vendor=0x10de device=0x2b85 subven=0x10de subdev=0x5309 link=32.0 GT/s PCIe width=16
jscs-backuppool-5090test-091606:1385395:1385832 [5] NCCL INFO [YT-TRACE] [SRC] pci_link_speed nvml busid=0000:a8:00.0 link_speed=32.0 GT/s PCIe
jscs-backuppool-5090test-091606:1385395:1385834 [7] NCCL INFO [YT-TRACE] [SRC] pci_nvml device=0x2b85
jscs-backuppool-5090test-091606:1385395:1385832 [5] NCCL INFO [YT-TRACE] [SRC] cpu_affinity numa=2 affinity=000000ff,ffff0000,00000000,000000ff,ffff0000,00000000
jscs-backuppool-5090test-091606:1385395:1385832 [5] NCCL INFO [YT-TRACE] [SRC] cpu_cpuid vendor=GenuineIntel
jscs-backuppool-5090test-091606:1385395:1385832 [5] NCCL INFO [YT-TRACE] [SRC] cpu_cpuid family=6 model=207
jscs-backuppool-5090test-091606:1385395:1385832 [5] NCCL INFO [YT-TRACE] [SCAN] cpu numa=2 arch=x86_64 vendor=GenuineIntel family=6 model=207 affinity=000000ff,ffff0000,00000000,000000ff,ffff0000,00000000
jscs-backuppool-5090test-091606:1385395:1385832 [5] NCCL INFO [YT-TRACE] [SCAN] pci busid=0000:a8:00.0 class=0x030000 vendor=0x10de device=0x2b85 subven=0x10de subdev=0x5309 link=32.0 GT/s PCIe width=16
jscs-backuppool-5090test-091606:1385395:1385827 [0] NCCL INFO [YT-TRACE] [SRC] pci_link_speed nvml busid=0000:27:00.0 link_speed=32.0 GT/s PCIe
jscs-backuppool-5090test-091606:1385395:1385831 [4] NCCL INFO [YT-TRACE] [SRC] pci_nvml subsystem_vendor=0x10de
jscs-backuppool-5090test-091606:1385395:1385831 [4] NCCL INFO [YT-TRACE] [SRC] pci_nvml subsystem_device=0x5309
jscs-backuppool-5090test-091606:1385395:1385831 [4] NCCL INFO [YT-TRACE] [SRC] pci_link_speed nvml busid=0000:98:00.0 link_speed=32.0 GT/s PCIe
jscs-backuppool-5090test-091606:1385395:1385830 [3] NCCL INFO [YT-TRACE] [SRC] gpu_dev nvml dev=3
jscs-backuppool-5090test-091606:1385395:1385830 [3] NCCL INFO [YT-TRACE] [SRC] gpu_sm nvml dev=3 sm=120
jscs-backuppool-5090test-091606:1385395:1385830 [3] NCCL INFO [YT-TRACE] [SCAN] gpu dev=3 sm=120 busid=0000:5a:00.0
jscs-backuppool-5090test-091606:1385395:1385828 [1] NCCL INFO [YT-TRACE] [SRC] pci_nvml device=0x2b85
jscs-backuppool-5090test-091606:1385395:1385831 [4] NCCL INFO [YT-TRACE] [SRC] cpu_affinity numa=2 affinity=000000ff,ffff0000,00000000,000000ff,ffff0000,00000000
jscs-backuppool-5090test-091606:1385395:1385831 [4] NCCL INFO [YT-TRACE] [SRC] cpu_cpuid vendor=GenuineIntel
jscs-backuppool-5090test-091606:1385395:1385831 [4] NCCL INFO [YT-TRACE] [SRC] cpu_cpuid family=6 model=207
jscs-backuppool-5090test-091606:1385395:1385831 [4] NCCL INFO [YT-TRACE] [SCAN] cpu numa=2 arch=x86_64 vendor=GenuineIntel family=6 model=207 affinity=000000ff,ffff0000,00000000,000000ff,ffff0000,00000000
jscs-backuppool-5090test-091606:1385395:1385831 [4] NCCL INFO [YT-TRACE] [SCAN] pci busid=0000:98:00.0 class=0x030000 vendor=0x10de device=0x2b85 subven=0x10de subdev=0x5309 link=32.0 GT/s PCIe width=16
jscs-backuppool-5090test-091606:1385395:1385831 [4] NCCL INFO [YT-TRACE] [SRC] gpu_dev nvml dev=4
jscs-backuppool-5090test-091606:1385395:1385831 [4] NCCL INFO [YT-TRACE] [SRC] gpu_sm nvml dev=4 sm=120
jscs-backuppool-5090test-091606:1385395:1385831 [4] NCCL INFO [YT-TRACE] [SCAN] gpu dev=4 sm=120 busid=0000:98:00.0
jscs-backuppool-5090test-091606:1385395:1385829 [2] NCCL INFO [YT-TRACE] [SRC] pci_nvml subsystem_vendor=0x10de
jscs-backuppool-5090test-091606:1385395:1385829 [2] NCCL INFO [YT-TRACE] [SRC] pci_nvml subsystem_device=0x5309
jscs-backuppool-5090test-091606:1385395:1385834 [7] NCCL INFO [YT-TRACE] [SRC] pci_nvml subsystem_vendor=0x10de
jscs-backuppool-5090test-091606:1385395:1385827 [0] NCCL INFO [YT-TRACE] [SRC] cpu_affinity numa=0 affinity=00000000,00000000,00ffffff,00000000,00000000,00ffffff
jscs-backuppool-5090test-091606:1385395:1385827 [0] NCCL INFO [YT-TRACE] [SRC] cpu_cpuid vendor=GenuineIntel
jscs-backuppool-5090test-091606:1385395:1385827 [0] NCCL INFO [YT-TRACE] [SRC] cpu_cpuid family=6 model=207
jscs-backuppool-5090test-091606:1385395:1385827 [0] NCCL INFO [YT-TRACE] [SCAN] cpu numa=0 arch=x86_64 vendor=GenuineIntel family=6 model=207 affinity=00000000,00000000,00ffffff,00000000,00000000,00ffffff
jscs-backuppool-5090test-091606:1385395:1385827 [0] NCCL INFO [YT-TRACE] [SCAN] pci busid=0000:27:00.0 class=0x030000 vendor=0x10de device=0x2b85 subven=0x10de subdev=0x5309 link=32.0 GT/s PCIe width=16
jscs-backuppool-5090test-091606:1385395:1385829 [2] NCCL INFO [YT-TRACE] [SRC] pci_link_speed nvml busid=0000:49:00.0 link_speed=32.0 GT/s PCIe
jscs-backuppool-5090test-091606:1385395:1385830 [3] NCCL INFO [YT-TRACE] [RANK] gpu rank=3 gdr=0 mlopart=-1
jscs-backuppool-5090test-091606:1385395:1385831 [4] NCCL INFO [YT-TRACE] [RANK] gpu rank=4 gdr=0 mlopart=-1
jscs-backuppool-5090test-091606:1385395:1385828 [1] NCCL INFO [YT-TRACE] [SRC] pci_nvml subsystem_vendor=0x10de
jscs-backuppool-5090test-091606:1385395:1385828 [1] NCCL INFO [YT-TRACE] [SRC] pci_nvml subsystem_device=0x5309
jscs-backuppool-5090test-091606:1385395:1385832 [5] NCCL INFO [YT-TRACE] [SRC] gpu_dev nvml dev=5
jscs-backuppool-5090test-091606:1385395:1385832 [5] NCCL INFO [YT-TRACE] [SRC] gpu_sm nvml dev=5 sm=120
jscs-backuppool-5090test-091606:1385395:1385832 [5] NCCL INFO [YT-TRACE] [SCAN] gpu dev=5 sm=120 busid=0000:a8:00.0
jscs-backuppool-5090test-091606:1385395:1385828 [1] NCCL INFO [YT-TRACE] [SRC] pci_link_speed nvml busid=0000:38:00.0 link_speed=32.0 GT/s PCIe
jscs-backuppool-5090test-091606:1385395:1385828 [1] NCCL INFO [YT-TRACE] [SRC] cpu_affinity numa=0 affinity=00000000,00000000,00ffffff,00000000,00000000,00ffffff
jscs-backuppool-5090test-091606:1385395:1385828 [1] NCCL INFO [YT-TRACE] [SRC] cpu_cpuid vendor=GenuineIntel
jscs-backuppool-5090test-091606:1385395:1385828 [1] NCCL INFO [YT-TRACE] [SRC] cpu_cpuid family=6 model=207
jscs-backuppool-5090test-091606:1385395:1385828 [1] NCCL INFO [YT-TRACE] [SCAN] cpu numa=0 arch=x86_64 vendor=GenuineIntel family=6 model=207 affinity=00000000,00000000,00ffffff,00000000,00000000,00ffffff
jscs-backuppool-5090test-091606:1385395:1385828 [1] NCCL INFO [YT-TRACE] [SCAN] pci busid=0000:38:00.0 class=0x030000 vendor=0x10de device=0x2b85 subven=0x10de subdev=0x5309 link=32.0 GT/s PCIe width=16
jscs-backuppool-5090test-091606:1385395:1385834 [7] NCCL INFO [YT-TRACE] [SRC] pci_nvml subsystem_device=0x5309
jscs-backuppool-5090test-091606:1385395:1385833 [6] NCCL INFO [YT-TRACE] [SRC] pci_nvml device=0x2b85
jscs-backuppool-5090test-091606:1385395:1385829 [2] NCCL INFO [YT-TRACE] [SRC] cpu_affinity numa=1 affinity=00000000,0000ffff,ff000000,00000000,0000ffff,ff000000
jscs-backuppool-5090test-091606:1385395:1385829 [2] NCCL INFO [YT-TRACE] [SRC] cpu_cpuid vendor=GenuineIntel
jscs-backuppool-5090test-091606:1385395:1385829 [2] NCCL INFO [YT-TRACE] [SRC] cpu_cpuid family=6 model=207
jscs-backuppool-5090test-091606:1385395:1385828 [1] NCCL INFO [YT-TRACE] [SRC] gpu_dev nvml dev=1
jscs-backuppool-5090test-091606:1385395:1385829 [2] NCCL INFO [YT-TRACE] [SCAN] cpu numa=1 arch=x86_64 vendor=GenuineIntel family=6 model=207 affinity=00000000,0000ffff,ff000000,00000000,0000ffff,ff000000
jscs-backuppool-5090test-091606:1385395:1385829 [2] NCCL INFO [YT-TRACE] [SCAN] pci busid=0000:49:00.0 class=0x030000 vendor=0x10de device=0x2b85 subven=0x10de subdev=0x5309 link=32.0 GT/s PCIe width=16
jscs-backuppool-5090test-091606:1385395:1385828 [1] NCCL INFO [YT-TRACE] [SRC] gpu_sm nvml dev=1 sm=120
jscs-backuppool-5090test-091606:1385395:1385828 [1] NCCL INFO [YT-TRACE] [SCAN] gpu dev=1 sm=120 busid=0000:38:00.0
jscs-backuppool-5090test-091606:1385395:1385834 [7] NCCL INFO [YT-TRACE] [SRC] pci_link_speed nvml busid=0000:c8:00.0 link_speed=32.0 GT/s PCIe
jscs-backuppool-5090test-091606:1385395:1385834 [7] NCCL INFO [YT-TRACE] [SRC] cpu_affinity numa=3 affinity=ffffff00,00000000,00000000,ffffff00,00000000,00000000
jscs-backuppool-5090test-091606:1385395:1385834 [7] NCCL INFO [YT-TRACE] [SRC] cpu_cpuid vendor=GenuineIntel
jscs-backuppool-5090test-091606:1385395:1385834 [7] NCCL INFO [YT-TRACE] [SRC] cpu_cpuid family=6 model=207
jscs-backuppool-5090test-091606:1385395:1385834 [7] NCCL INFO [YT-TRACE] [SCAN] cpu numa=3 arch=x86_64 vendor=GenuineIntel family=6 model=207 affinity=ffffff00,00000000,00000000,ffffff00,00000000,00000000
jscs-backuppool-5090test-091606:1385395:1385834 [7] NCCL INFO [YT-TRACE] [SCAN] pci busid=0000:c8:00.0 class=0x030000 vendor=0x10de device=0x2b85 subven=0x10de subdev=0x5309 link=32.0 GT/s PCIe width=16
jscs-backuppool-5090test-091606:1385395:1385832 [5] NCCL INFO [YT-TRACE] [RANK] gpu rank=5 gdr=0 mlopart=-1
jscs-backuppool-5090test-091606:1385395:1385828 [1] NCCL INFO [YT-TRACE] [RANK] gpu rank=1 gdr=0 mlopart=-1
jscs-backuppool-5090test-091606:1385395:1385829 [2] NCCL INFO [YT-TRACE] [SRC] gpu_dev nvml dev=2
jscs-backuppool-5090test-091606:1385395:1385829 [2] NCCL INFO [YT-TRACE] [SRC] gpu_sm nvml dev=2 sm=120
jscs-backuppool-5090test-091606:1385395:1385829 [2] NCCL INFO [YT-TRACE] [SCAN] gpu dev=2 sm=120 busid=0000:49:00.0
jscs-backuppool-5090test-091606:1385395:1385834 [7] NCCL INFO [YT-TRACE] [SRC] gpu_dev nvml dev=7
jscs-backuppool-5090test-091606:1385395:1385834 [7] NCCL INFO [YT-TRACE] [SRC] gpu_sm nvml dev=7 sm=120
jscs-backuppool-5090test-091606:1385395:1385834 [7] NCCL INFO [YT-TRACE] [SCAN] gpu dev=7 sm=120 busid=0000:c8:00.0
jscs-backuppool-5090test-091606:1385395:1385829 [2] NCCL INFO [YT-TRACE] [RANK] gpu rank=2 gdr=0 mlopart=-1
jscs-backuppool-5090test-091606:1385395:1385833 [6] NCCL INFO [YT-TRACE] [SRC] pci_nvml subsystem_vendor=0x10de
jscs-backuppool-5090test-091606:1385395:1385827 [0] NCCL INFO [YT-TRACE] [SRC] gpu_dev nvml dev=0
jscs-backuppool-5090test-091606:1385395:1385827 [0] NCCL INFO [YT-TRACE] [SRC] gpu_sm nvml dev=0 sm=120
jscs-backuppool-5090test-091606:1385395:1385827 [0] NCCL INFO [YT-TRACE] [SCAN] gpu dev=0 sm=120 busid=0000:27:00.0
jscs-backuppool-5090test-091606:1385395:1385834 [7] NCCL INFO [YT-TRACE] [RANK] gpu rank=7 gdr=0 mlopart=-1
jscs-backuppool-5090test-091606:1385395:1385827 [0] NCCL INFO [YT-TRACE] [RANK] gpu rank=0 gdr=0 mlopart=-1
jscs-backuppool-5090test-091606:1385395:1385833 [6] NCCL INFO [YT-TRACE] [SRC] pci_nvml subsystem_device=0x5309
jscs-backuppool-5090test-091606:1385395:1385833 [6] NCCL INFO [YT-TRACE] [SRC] pci_link_speed nvml busid=0000:b8:00.0 link_speed=32.0 GT/s PCIe
jscs-backuppool-5090test-091606:1385395:1385833 [6] NCCL INFO [YT-TRACE] [SRC] cpu_affinity numa=2 affinity=000000ff,ffff0000,00000000,000000ff,ffff0000,00000000
jscs-backuppool-5090test-091606:1385395:1385833 [6] NCCL INFO [YT-TRACE] [SRC] cpu_cpuid vendor=GenuineIntel
jscs-backuppool-5090test-091606:1385395:1385833 [6] NCCL INFO [YT-TRACE] [SRC] cpu_cpuid family=6 model=207
jscs-backuppool-5090test-091606:1385395:1385833 [6] NCCL INFO [YT-TRACE] [SCAN] cpu numa=2 arch=x86_64 vendor=GenuineIntel family=6 model=207 affinity=000000ff,ffff0000,00000000,000000ff,ffff0000,00000000
jscs-backuppool-5090test-091606:1385395:1385833 [6] NCCL INFO [YT-TRACE] [SCAN] pci busid=0000:b8:00.0 class=0x030000 vendor=0x10de device=0x2b85 subven=0x10de subdev=0x5309 link=32.0 GT/s PCIe width=16
jscs-backuppool-5090test-091606:1385395:1385833 [6] NCCL INFO [YT-TRACE] [SRC] gpu_dev nvml dev=6
jscs-backuppool-5090test-091606:1385395:1385833 [6] NCCL INFO [YT-TRACE] [SRC] gpu_sm nvml dev=6 sm=120
jscs-backuppool-5090test-091606:1385395:1385833 [6] NCCL INFO [YT-TRACE] [SCAN] gpu dev=6 sm=120 busid=0000:b8:00.0
jscs-backuppool-5090test-091606:1385395:1385833 [6] NCCL INFO [YT-TRACE] [RANK] gpu rank=6 gdr=0 mlopart=-1
jscs-backuppool-5090test-091606:1385395:1385830 [3] NCCL INFO [YT-TRACE] [TOPO] node from_type=8 from_id=0x27000 from_dev=-1 from_rank=-1 from_cc=-1 from_gdr=-1 from_nlinks=1
jscs-backuppool-5090test-091606:1385395:1385830 [3] NCCL INFO [YT-TRACE] [TOPO] node to_type=3 to_id=0x0 to_dev=-1 to_rank=-1 to_cc=-1 to_gdr=-1 to_nlinks=0
jscs-backuppool-5090test-091606:1385395:1385830 [3] NCCL INFO [YT-TRACE] [TOPO] link from_type=8 from_id=0x27000 to_type=3 to_id=0x0 link_type=4 bw=48 total_bw=48
jscs-backuppool-5090test-091606:1385395:1385830 [3] NCCL INFO [YT-TRACE] [TOPO] node from_type=3 from_id=0x0 from_dev=-1 from_rank=-1 from_cc=-1 from_gdr=-1 from_nlinks=1
jscs-backuppool-5090test-091606:1385395:1385830 [3] NCCL INFO [YT-TRACE] [TOPO] node to_type=8 to_id=0x27000 to_dev=-1 to_rank=-1 to_cc=-1 to_gdr=-1 to_nlinks=1
jscs-backuppool-5090test-091606:1385395:1385830 [3] NCCL INFO [YT-TRACE] [TOPO] link from_type=3 from_id=0x0 to_type=8 to_id=0x27000 link_type=4 bw=48 total_bw=48
jscs-backuppool-5090test-091606:1385395:1385830 [3] NCCL INFO [YT-TRACE] [TOPO] node from_type=8 from_id=0x27000 from_dev=-1 from_rank=-1 from_cc=-1 from_gdr=-1 from_nlinks=2
jscs-backuppool-5090test-091606:1385395:1385830 [3] NCCL INFO [YT-TRACE] [TOPO] node to_type=0 to_id=0x27000 to_dev=0 to_rank=0 to_cc=120 to_gdr=0 to_nlinks=0
jscs-backuppool-5090test-091606:1385395:1385830 [3] NCCL INFO [YT-TRACE] [TOPO] link from_type=8 from_id=0x27000 to_type=0 to_id=0x27000 link_type=0 bw=5000 total_bw=5000
jscs-backuppool-5090test-091606:1385395:1385830 [3] NCCL INFO [YT-TRACE] [TOPO] node from_type=0 from_id=0x27000 from_dev=0 from_rank=0 from_cc=120 from_gdr=0 from_nlinks=1
jscs-backuppool-5090test-091606:1385395:1385830 [3] NCCL INFO [YT-TRACE] [TOPO] node to_type=8 to_id=0x27000 to_dev=-1 to_rank=-1 to_cc=-1 to_gdr=-1 to_nlinks=2
jscs-backuppool-5090test-091606:1385395:1385830 [3] NCCL INFO [YT-TRACE] [TOPO] link from_type=0 from_id=0x27000 to_type=8 to_id=0x27000 link_type=0 bw=5000 total_bw=5000
jscs-backuppool-5090test-091606:1385395:1385830 [3] NCCL INFO [YT-TRACE] [TOPO] node from_type=3 from_id=0x0 from_dev=-1 from_rank=-1 from_cc=-1 from_gdr=-1 from_nlinks=2
jscs-backuppool-5090test-091606:1385395:1385830 [3] NCCL INFO [YT-TRACE] [TOPO] node to_type=4 to_id=0x0 to_dev=-1 to_rank=-1 to_cc=-1 to_gdr=-1 to_nlinks=0
jscs-backuppool-5090test-091606:1385395:1385830 [3] NCCL INFO [YT-TRACE] [TOPO] link from_type=3 from_id=0x0 to_type=4 to_id=0x0 link_type=4 bw=5000 total_bw=5000
jscs-backuppool-5090test-091606:1385395:1385830 [3] NCCL INFO [YT-TRACE] [TOPO] node from_type=4 from_id=0x0 from_dev=-1 from_rank=-1 from_cc=-1 from_gdr=-1 from_nlinks=1
jscs-backuppool-5090test-091606:1385395:1385830 [3] NCCL INFO [YT-TRACE] [TOPO] node to_type=3 to_id=0x0 to_dev=-1 to_rank=-1 to_cc=-1 to_gdr=-1 to_nlinks=2
jscs-backuppool-5090test-091606:1385395:1385830 [3] NCCL INFO [YT-TRACE] [TOPO] link from_type=4 from_id=0x0 to_type=3 to_id=0x0 link_type=4 bw=5000 total_bw=5000
jscs-backuppool-5090test-091606:1385395:1385830 [3] NCCL INFO [YT-TRACE] [TOPO] node from_type=4 from_id=0x0 from_dev=-1 from_rank=-1 from_cc=-1 from_gdr=-1 from_nlinks=2
jscs-backuppool-5090test-091606:1385395:1385830 [3] NCCL INFO [YT-TRACE] [TOPO] node to_type=5 to_id=0x0 to_dev=-1 to_rank=-1 to_cc=-1 to_gdr=-1 to_nlinks=0
jscs-backuppool-5090test-091606:1385395:1385830 [3] NCCL INFO [YT-TRACE] [TOPO] link from_type=4 from_id=0x0 to_type=5 to_id=0x0 link_type=10 bw=25 total_bw=25
jscs-backuppool-5090test-091606:1385395:1385830 [3] NCCL INFO [YT-TRACE] [TOPO] node from_type=5 from_id=0x0 from_dev=-1 from_rank=-1 from_cc=-1 from_gdr=-1 from_nlinks=1
jscs-backuppool-5090test-091606:1385395:1385830 [3] NCCL INFO [YT-TRACE] [TOPO] node to_type=4 to_id=0x0 to_dev=-1 to_rank=-1 to_cc=-1 to_gdr=-1 to_nlinks=2
jscs-backuppool-5090test-091606:1385395:1385830 [3] NCCL INFO [YT-TRACE] [TOPO] link from_type=5 from_id=0x0 to_type=4 to_id=0x0 link_type=10 bw=25 total_bw=25
jscs-backuppool-5090test-091606:1385395:1385830 [3] NCCL INFO [YT-TRACE] [TOPO] node from_type=8 from_id=0x38000 from_dev=-1 from_rank=-1 from_cc=-1 from_gdr=-1 from_nlinks=1
jscs-backuppool-5090test-091606:1385395:1385830 [3] NCCL INFO [YT-TRACE] [TOPO] node to_type=3 to_id=0x0 to_dev=-1 to_rank=-1 to_cc=-1 to_gdr=-1 to_nlinks=2
jscs-backuppool-5090test-091606:1385395:1385830 [3] NCCL INFO [YT-TRACE] [TOPO] link from_type=8 from_id=0x38000 to_type=3 to_id=0x0 link_type=4 bw=48 total_bw=48
jscs-backuppool-5090test-091606:1385395:1385830 [3] NCCL INFO [YT-TRACE] [TOPO] node from_type=3 from_id=0x0 from_dev=-1 from_rank=-1 from_cc=-1 from_gdr=-1 from_nlinks=3
jscs-backuppool-5090test-091606:1385395:1385830 [3] NCCL INFO [YT-TRACE] [TOPO] node to_type=8 to_id=0x38000 to_dev=-1 to_rank=-1 to_cc=-1 to_gdr=-1 to_nlinks=1
jscs-backuppool-5090test-091606:1385395:1385830 [3] NCCL INFO [YT-TRACE] [TOPO] link from_type=3 from_id=0x0 to_type=8 to_id=0x38000 link_type=4 bw=48 total_bw=48
jscs-backuppool-5090test-091606:1385395:1385830 [3] NCCL INFO [YT-TRACE] [TOPO] node from_type=8 from_id=0x38000 from_dev=-1 from_rank=-1 from_cc=-1 from_gdr=-1 from_nlinks=2
jscs-backuppool-5090test-091606:1385395:1385830 [3] NCCL INFO [YT-TRACE] [TOPO] node to_type=0 to_id=0x38000 to_dev=1 to_rank=1 to_cc=120 to_gdr=0 to_nlinks=0
jscs-backuppool-5090test-091606:1385395:1385830 [3] NCCL INFO [YT-TRACE] [TOPO] link from_type=8 from_id=0x38000 to_type=0 to_id=0x38000 link_type=0 bw=5000 total_bw=5000
jscs-backuppool-5090test-091606:1385395:1385830 [3] NCCL INFO [YT-TRACE] [TOPO] node from_type=0 from_id=0x38000 from_dev=1 from_rank=1 from_cc=120 from_gdr=0 from_nlinks=1
jscs-backuppool-5090test-091606:1385395:1385830 [3] NCCL INFO [YT-TRACE] [TOPO] node to_type=8 to_id=0x38000 to_dev=-1 to_rank=-1 to_cc=-1 to_gdr=-1 to_nlinks=2
jscs-backuppool-5090test-091606:1385395:1385830 [3] NCCL INFO [YT-TRACE] [TOPO] link from_type=0 from_id=0x38000 to_type=8 to_id=0x38000 link_type=0 bw=5000 total_bw=5000
jscs-backuppool-5090test-091606:1385395:1385830 [3] NCCL INFO [YT-TRACE] [TOPO] node from_type=8 from_id=0x49000 from_dev=-1 from_rank=-1 from_cc=-1 from_gdr=-1 from_nlinks=1
jscs-backuppool-5090test-091606:1385395:1385830 [3] NCCL INFO [YT-TRACE] [TOPO] node to_type=3 to_id=0x1 to_dev=-1 to_rank=-1 to_cc=-1 to_gdr=-1 to_nlinks=0
jscs-backuppool-5090test-091606:1385395:1385830 [3] NCCL INFO [YT-TRACE] [TOPO] link from_type=8 from_id=0x49000 to_type=3 to_id=0x1 link_type=4 bw=48 total_bw=48
jscs-backuppool-5090test-091606:1385395:1385830 [3] NCCL INFO [YT-TRACE] [TOPO] node from_type=3 from_id=0x1 from_dev=-1 from_rank=-1 from_cc=-1 from_gdr=-1 from_nlinks=1
jscs-backuppool-5090test-091606:1385395:1385830 [3] NCCL INFO [YT-TRACE] [TOPO] node to_type=8 to_id=0x49000 to_dev=-1 to_rank=-1 to_cc=-1 to_gdr=-1 to_nlinks=1
jscs-backuppool-5090test-091606:1385395:1385830 [3] NCCL INFO [YT-TRACE] [TOPO] link from_type=3 from_id=0x1 to_type=8 to_id=0x49000 link_type=4 bw=48 total_bw=48
jscs-backuppool-5090test-091606:1385395:1385830 [3] NCCL INFO [YT-TRACE] [TOPO] node from_type=8 from_id=0x49000 from_dev=-1 from_rank=-1 from_cc=-1 from_gdr=-1 from_nlinks=2
jscs-backuppool-5090test-091606:1385395:1385830 [3] NCCL INFO [YT-TRACE] [TOPO] node to_type=0 to_id=0x49000 to_dev=2 to_rank=2 to_cc=120 to_gdr=0 to_nlinks=0
jscs-backuppool-5090test-091606:1385395:1385830 [3] NCCL INFO [YT-TRACE] [TOPO] link from_type=8 from_id=0x49000 to_type=0 to_id=0x49000 link_type=0 bw=5000 total_bw=5000
jscs-backuppool-5090test-091606:1385395:1385830 [3] NCCL INFO [YT-TRACE] [TOPO] node from_type=0 from_id=0x49000 from_dev=2 from_rank=2 from_cc=120 from_gdr=0 from_nlinks=1
jscs-backuppool-5090test-091606:1385395:1385830 [3] NCCL INFO [YT-TRACE] [TOPO] node to_type=8 to_id=0x49000 to_dev=-1 to_rank=-1 to_cc=-1 to_gdr=-1 to_nlinks=2
jscs-backuppool-5090test-091606:1385395:1385830 [3] NCCL INFO [YT-TRACE] [TOPO] link from_type=0 from_id=0x49000 to_type=8 to_id=0x49000 link_type=0 bw=5000 total_bw=5000
jscs-backuppool-5090test-091606:1385395:1385830 [3] NCCL INFO [YT-TRACE] [TOPO] node from_type=4 from_id=0x0 from_dev=-1 from_rank=-1 from_cc=-1 from_gdr=-1 from_nlinks=3
jscs-backuppool-5090test-091606:1385395:1385830 [3] NCCL INFO [YT-TRACE] [TOPO] node to_type=5 to_id=0x0 to_dev=-1 to_rank=-1 to_cc=-1 to_gdr=-1 to_nlinks=0
jscs-backuppool-5090test-091606:1385395:1385830 [3] NCCL INFO [YT-TRACE] [TOPO] link from_type=4 from_id=0x0 to_type=5 to_id=0x0 link_type=10 bw=25 total_bw=25
jscs-backuppool-5090test-091606:1385395:1385830 [3] NCCL INFO [YT-TRACE] [TOPO] node from_type=5 from_id=0x0 from_dev=-1 from_rank=-1 from_cc=-1 from_gdr=-1 from_nlinks=1
jscs-backuppool-5090test-091606:1385395:1385830 [3] NCCL INFO [YT-TRACE] [TOPO] node to_type=4 to_id=0x0 to_dev=-1 to_rank=-1 to_cc=-1 to_gdr=-1 to_nlinks=3
jscs-backuppool-5090test-091606:1385395:1385830 [3] NCCL INFO [YT-TRACE] [TOPO] link from_type=5 from_id=0x0 to_type=4 to_id=0x0 link_type=10 bw=25 total_bw=25
jscs-backuppool-5090test-091606:1385395:1385830 [3] NCCL INFO [YT-TRACE] [TOPO] node from_type=8 from_id=0x5a000 from_dev=-1 from_rank=-1 from_cc=-1 from_gdr=-1 from_nlinks=1
jscs-backuppool-5090test-091606:1385395:1385830 [3] NCCL INFO [YT-TRACE] [TOPO] node to_type=3 to_id=0x1 to_dev=-1 to_rank=-1 to_cc=-1 to_gdr=-1 to_nlinks=1
jscs-backuppool-5090test-091606:1385395:1385830 [3] NCCL INFO [YT-TRACE] [TOPO] link from_type=8 from_id=0x5a000 to_type=3 to_id=0x1 link_type=4 bw=48 total_bw=48
jscs-backuppool-5090test-091606:1385395:1385830 [3] NCCL INFO [YT-TRACE] [TOPO] node from_type=3 from_id=0x1 from_dev=-1 from_rank=-1 from_cc=-1 from_gdr=-1 from_nlinks=2
jscs-backuppool-5090test-091606:1385395:1385830 [3] NCCL INFO [YT-TRACE] [TOPO] node to_type=8 to_id=0x5a000 to_dev=-1 to_rank=-1 to_cc=-1 to_gdr=-1 to_nlinks=1
jscs-backuppool-5090test-091606:1385395:1385830 [3] NCCL INFO [YT-TRACE] [TOPO] link from_type=3 from_id=0x1 to_type=8 to_id=0x5a000 link_type=4 bw=48 total_bw=48
jscs-backuppool-5090test-091606:1385395:1385830 [3] NCCL INFO [YT-TRACE] [TOPO] node from_type=8 from_id=0x5a000 from_dev=-1 from_rank=-1 from_cc=-1 from_gdr=-1 from_nlinks=2
jscs-backuppool-5090test-091606:1385395:1385830 [3] NCCL INFO [YT-TRACE] [TOPO] node to_type=0 to_id=0x5a000 to_dev=3 to_rank=3 to_cc=120 to_gdr=0 to_nlinks=0
jscs-backuppool-5090test-091606:1385395:1385830 [3] NCCL INFO [YT-TRACE] [TOPO] link from_type=8 from_id=0x5a000 to_type=0 to_id=0x5a000 link_type=0 bw=5000 total_bw=5000
jscs-backuppool-5090test-091606:1385395:1385830 [3] NCCL INFO [YT-TRACE] [TOPO] node from_type=0 from_id=0x5a000 from_dev=3 from_rank=3 from_cc=120 from_gdr=0 from_nlinks=1
jscs-backuppool-5090test-091606:1385395:1385830 [3] NCCL INFO [YT-TRACE] [TOPO] node to_type=8 to_id=0x5a000 to_dev=-1 to_rank=-1 to_cc=-1 to_gdr=-1 to_nlinks=2
jscs-backuppool-5090test-091606:1385395:1385830 [3] NCCL INFO [YT-TRACE] [TOPO] link from_type=0 from_id=0x5a000 to_type=8 to_id=0x5a000 link_type=0 bw=5000 total_bw=5000
jscs-backuppool-5090test-091606:1385395:1385830 [3] NCCL INFO [YT-TRACE] [TOPO] node from_type=8 from_id=0x98000 from_dev=-1 from_rank=-1 from_cc=-1 from_gdr=-1 from_nlinks=1
jscs-backuppool-5090test-091606:1385395:1385830 [3] NCCL INFO [YT-TRACE] [TOPO] node to_type=3 to_id=0x2 to_dev=-1 to_rank=-1 to_cc=-1 to_gdr=-1 to_nlinks=0
jscs-backuppool-5090test-091606:1385395:1385830 [3] NCCL INFO [YT-TRACE] [TOPO] link from_type=8 from_id=0x98000 to_type=3 to_id=0x2 link_type=4 bw=48 total_bw=48
jscs-backuppool-5090test-091606:1385395:1385830 [3] NCCL INFO [YT-TRACE] [TOPO] node from_type=3 from_id=0x2 from_dev=-1 from_rank=-1 from_cc=-1 from_gdr=-1 from_nlinks=1
jscs-backuppool-5090test-091606:1385395:1385830 [3] NCCL INFO [YT-TRACE] [TOPO] node to_type=8 to_id=0x98000 to_dev=-1 to_rank=-1 to_cc=-1 to_gdr=-1 to_nlinks=1
jscs-backuppool-5090test-091606:1385395:1385830 [3] NCCL INFO [YT-TRACE] [TOPO] link from_type=3 from_id=0x2 to_type=8 to_id=0x98000 link_type=4 bw=48 total_bw=48
jscs-backuppool-5090test-091606:1385395:1385830 [3] NCCL INFO [YT-TRACE] [TOPO] node from_type=8 from_id=0x98000 from_dev=-1 from_rank=-1 from_cc=-1 from_gdr=-1 from_nlinks=2
jscs-backuppool-5090test-091606:1385395:1385830 [3] NCCL INFO [YT-TRACE] [TOPO] node to_type=0 to_id=0x98000 to_dev=4 to_rank=4 to_cc=120 to_gdr=0 to_nlinks=0
jscs-backuppool-5090test-091606:1385395:1385830 [3] NCCL INFO [YT-TRACE] [TOPO] link from_type=8 from_id=0x98000 to_type=0 to_id=0x98000 link_type=0 bw=5000 total_bw=5000
jscs-backuppool-5090test-091606:1385395:1385830 [3] NCCL INFO [YT-TRACE] [TOPO] node from_type=0 from_id=0x98000 from_dev=4 from_rank=4 from_cc=120 from_gdr=0 from_nlinks=1
jscs-backuppool-5090test-091606:1385395:1385830 [3] NCCL INFO [YT-TRACE] [TOPO] node to_type=8 to_id=0x98000 to_dev=-1 to_rank=-1 to_cc=-1 to_gdr=-1 to_nlinks=2
jscs-backuppool-5090test-091606:1385395:1385830 [3] NCCL INFO [YT-TRACE] [TOPO] link from_type=0 from_id=0x98000 to_type=8 to_id=0x98000 link_type=0 bw=5000 total_bw=5000
jscs-backuppool-5090test-091606:1385395:1385830 [3] NCCL INFO [YT-TRACE] [TOPO] node from_type=4 from_id=0x0 from_dev=-1 from_rank=-1 from_cc=-1 from_gdr=-1 from_nlinks=4
jscs-backuppool-5090test-091606:1385395:1385830 [3] NCCL INFO [YT-TRACE] [TOPO] node to_type=5 to_id=0x0 to_dev=-1 to_rank=-1 to_cc=-1 to_gdr=-1 to_nlinks=0
jscs-backuppool-5090test-091606:1385395:1385830 [3] NCCL INFO [YT-TRACE] [TOPO] link from_type=4 from_id=0x0 to_type=5 to_id=0x0 link_type=10 bw=25 total_bw=25
jscs-backuppool-5090test-091606:1385395:1385830 [3] NCCL INFO [YT-TRACE] [TOPO] node from_type=5 from_id=0x0 from_dev=-1 from_rank=-1 from_cc=-1 from_gdr=-1 from_nlinks=1
jscs-backuppool-5090test-091606:1385395:1385830 [3] NCCL INFO [YT-TRACE] [TOPO] node to_type=4 to_id=0x0 to_dev=-1 to_rank=-1 to_cc=-1 to_gdr=-1 to_nlinks=4
jscs-backuppool-5090test-091606:1385395:1385830 [3] NCCL INFO [YT-TRACE] [TOPO] link from_type=5 from_id=0x0 to_type=4 to_id=0x0 link_type=10 bw=25 total_bw=25
jscs-backuppool-5090test-091606:1385395:1385830 [3] NCCL INFO [YT-TRACE] [TOPO] node from_type=8 from_id=0xa8000 from_dev=-1 from_rank=-1 from_cc=-1 from_gdr=-1 from_nlinks=1
jscs-backuppool-5090test-091606:1385395:1385830 [3] NCCL INFO [YT-TRACE] [TOPO] node to_type=3 to_id=0x2 to_dev=-1 to_rank=-1 to_cc=-1 to_gdr=-1 to_nlinks=1
jscs-backuppool-5090test-091606:1385395:1385830 [3] NCCL INFO [YT-TRACE] [TOPO] link from_type=8 from_id=0xa8000 to_type=3 to_id=0x2 link_type=4 bw=48 total_bw=48
jscs-backuppool-5090test-091606:1385395:1385830 [3] NCCL INFO [YT-TRACE] [TOPO] node from_type=3 from_id=0x2 from_dev=-1 from_rank=-1 from_cc=-1 from_gdr=-1 from_nlinks=2
jscs-backuppool-5090test-091606:1385395:1385830 [3] NCCL INFO [YT-TRACE] [TOPO] node to_type=8 to_id=0xa8000 to_dev=-1 to_rank=-1 to_cc=-1 to_gdr=-1 to_nlinks=1
jscs-backuppool-5090test-091606:1385395:1385830 [3] NCCL INFO [YT-TRACE] [TOPO] link from_type=3 from_id=0x2 to_type=8 to_id=0xa8000 link_type=4 bw=48 total_bw=48
jscs-backuppool-5090test-091606:1385395:1385830 [3] NCCL INFO [YT-TRACE] [TOPO] node from_type=8 from_id=0xa8000 from_dev=-1 from_rank=-1 from_cc=-1 from_gdr=-1 from_nlinks=2
jscs-backuppool-5090test-091606:1385395:1385830 [3] NCCL INFO [YT-TRACE] [TOPO] node to_type=0 to_id=0xa8000 to_dev=5 to_rank=5 to_cc=120 to_gdr=0 to_nlinks=0
jscs-backuppool-5090test-091606:1385395:1385830 [3] NCCL INFO [YT-TRACE] [TOPO] link from_type=8 from_id=0xa8000 to_type=0 to_id=0xa8000 link_type=0 bw=5000 total_bw=5000
jscs-backuppool-5090test-091606:1385395:1385830 [3] NCCL INFO [YT-TRACE] [TOPO] node from_type=0 from_id=0xa8000 from_dev=5 from_rank=5 from_cc=120 from_gdr=0 from_nlinks=1
jscs-backuppool-5090test-091606:1385395:1385830 [3] NCCL INFO [YT-TRACE] [TOPO] node to_type=8 to_id=0xa8000 to_dev=-1 to_rank=-1 to_cc=-1 to_gdr=-1 to_nlinks=2
jscs-backuppool-5090test-091606:1385395:1385830 [3] NCCL INFO [YT-TRACE] [TOPO] link from_type=0 from_id=0xa8000 to_type=8 to_id=0xa8000 link_type=0 bw=5000 total_bw=5000
jscs-backuppool-5090test-091606:1385395:1385830 [3] NCCL INFO [YT-TRACE] [TOPO] node from_type=8 from_id=0xb8000 from_dev=-1 from_rank=-1 from_cc=-1 from_gdr=-1 from_nlinks=1
jscs-backuppool-5090test-091606:1385395:1385830 [3] NCCL INFO [YT-TRACE] [TOPO] node to_type=3 to_id=0x2 to_dev=-1 to_rank=-1 to_cc=-1 to_gdr=-1 to_nlinks=2
jscs-backuppool-5090test-091606:1385395:1385830 [3] NCCL INFO [YT-TRACE] [TOPO] link from_type=8 from_id=0xb8000 to_type=3 to_id=0x2 link_type=4 bw=48 total_bw=48
jscs-backuppool-5090test-091606:1385395:1385830 [3] NCCL INFO [YT-TRACE] [TOPO] node from_type=3 from_id=0x2 from_dev=-1 from_rank=-1 from_cc=-1 from_gdr=-1 from_nlinks=3
jscs-backuppool-5090test-091606:1385395:1385830 [3] NCCL INFO [YT-TRACE] [TOPO] node to_type=8 to_id=0xb8000 to_dev=-1 to_rank=-1 to_cc=-1 to_gdr=-1 to_nlinks=1
jscs-backuppool-5090test-091606:1385395:1385830 [3] NCCL INFO [YT-TRACE] [TOPO] link from_type=3 from_id=0x2 to_type=8 to_id=0xb8000 link_type=4 bw=48 total_bw=48
jscs-backuppool-5090test-091606:1385395:1385830 [3] NCCL INFO [YT-TRACE] [TOPO] node from_type=8 from_id=0xb8000 from_dev=-1 from_rank=-1 from_cc=-1 from_gdr=-1 from_nlinks=2
jscs-backuppool-5090test-091606:1385395:1385830 [3] NCCL INFO [YT-TRACE] [TOPO] node to_type=0 to_id=0xb8000 to_dev=6 to_rank=6 to_cc=120 to_gdr=0 to_nlinks=0
jscs-backuppool-5090test-091606:1385395:1385830 [3] NCCL INFO [YT-TRACE] [TOPO] link from_type=8 from_id=0xb8000 to_type=0 to_id=0xb8000 link_type=0 bw=5000 total_bw=5000
jscs-backuppool-5090test-091606:1385395:1385830 [3] NCCL INFO [YT-TRACE] [TOPO] node from_type=0 from_id=0xb8000 from_dev=6 from_rank=6 from_cc=120 from_gdr=0 from_nlinks=1
jscs-backuppool-5090test-091606:1385395:1385830 [3] NCCL INFO [YT-TRACE] [TOPO] node to_type=8 to_id=0xb8000 to_dev=-1 to_rank=-1 to_cc=-1 to_gdr=-1 to_nlinks=2
jscs-backuppool-5090test-091606:1385395:1385830 [3] NCCL INFO [YT-TRACE] [TOPO] link from_type=0 from_id=0xb8000 to_type=8 to_id=0xb8000 link_type=0 bw=5000 total_bw=5000
jscs-backuppool-5090test-091606:1385395:1385830 [3] NCCL INFO [YT-TRACE] [TOPO] node from_type=8 from_id=0xc8000 from_dev=-1 from_rank=-1 from_cc=-1 from_gdr=-1 from_nlinks=1
jscs-backuppool-5090test-091606:1385395:1385830 [3] NCCL INFO [YT-TRACE] [TOPO] node to_type=3 to_id=0x3 to_dev=-1 to_rank=-1 to_cc=-1 to_gdr=-1 to_nlinks=0
jscs-backuppool-5090test-091606:1385395:1385830 [3] NCCL INFO [YT-TRACE] [TOPO] link from_type=8 from_id=0xc8000 to_type=3 to_id=0x3 link_type=4 bw=48 total_bw=48
jscs-backuppool-5090test-091606:1385395:1385830 [3] NCCL INFO [YT-TRACE] [TOPO] node from_type=3 from_id=0x3 from_dev=-1 from_rank=-1 from_cc=-1 from_gdr=-1 from_nlinks=1
jscs-backuppool-5090test-091606:1385395:1385830 [3] NCCL INFO [YT-TRACE] [TOPO] node to_type=8 to_id=0xc8000 to_dev=-1 to_rank=-1 to_cc=-1 to_gdr=-1 to_nlinks=1
jscs-backuppool-5090test-091606:1385395:1385830 [3] NCCL INFO [YT-TRACE] [TOPO] link from_type=3 from_id=0x3 to_type=8 to_id=0xc8000 link_type=4 bw=48 total_bw=48
jscs-backuppool-5090test-091606:1385395:1385830 [3] NCCL INFO [YT-TRACE] [TOPO] node from_type=8 from_id=0xc8000 from_dev=-1 from_rank=-1 from_cc=-1 from_gdr=-1 from_nlinks=2
jscs-backuppool-5090test-091606:1385395:1385830 [3] NCCL INFO [YT-TRACE] [TOPO] node to_type=0 to_id=0xc8000 to_dev=7 to_rank=7 to_cc=120 to_gdr=0 to_nlinks=0
jscs-backuppool-5090test-091606:1385395:1385830 [3] NCCL INFO [YT-TRACE] [TOPO] link from_type=8 from_id=0xc8000 to_type=0 to_id=0xc8000 link_type=0 bw=5000 total_bw=5000
jscs-backuppool-5090test-091606:1385395:1385830 [3] NCCL INFO [YT-TRACE] [TOPO] node from_type=0 from_id=0xc8000 from_dev=7 from_rank=7 from_cc=120 from_gdr=0 from_nlinks=1
jscs-backuppool-5090test-091606:1385395:1385830 [3] NCCL INFO [YT-TRACE] [TOPO] node to_type=8 to_id=0xc8000 to_dev=-1 to_rank=-1 to_cc=-1 to_gdr=-1 to_nlinks=2
jscs-backuppool-5090test-091606:1385395:1385830 [3] NCCL INFO [YT-TRACE] [TOPO] link from_type=0 from_id=0xc8000 to_type=8 to_id=0xc8000 link_type=0 bw=5000 total_bw=5000
jscs-backuppool-5090test-091606:1385395:1385830 [3] NCCL INFO [YT-TRACE] [TOPO] node from_type=4 from_id=0x0 from_dev=-1 from_rank=-1 from_cc=-1 from_gdr=-1 from_nlinks=5
jscs-backuppool-5090test-091606:1385395:1385830 [3] NCCL INFO [YT-TRACE] [TOPO] node to_type=5 to_id=0x0 to_dev=-1 to_rank=-1 to_cc=-1 to_gdr=-1 to_nlinks=0
jscs-backuppool-5090test-091606:1385395:1385830 [3] NCCL INFO [YT-TRACE] [TOPO] link from_type=4 from_id=0x0 to_type=5 to_id=0x0 link_type=10 bw=25 total_bw=25
jscs-backuppool-5090test-091606:1385395:1385830 [3] NCCL INFO [YT-TRACE] [TOPO] node from_type=5 from_id=0x0 from_dev=-1 from_rank=-1 from_cc=-1 from_gdr=-1 from_nlinks=1
jscs-backuppool-5090test-091606:1385395:1385830 [3] NCCL INFO [YT-TRACE] [TOPO] node to_type=4 to_id=0x0 to_dev=-1 to_rank=-1 to_cc=-1 to_gdr=-1 to_nlinks=5
jscs-backuppool-5090test-091606:1385395:1385830 [3] NCCL INFO [YT-TRACE] [TOPO] link from_type=5 from_id=0x0 to_type=4 to_id=0x0 link_type=10 bw=25 total_bw=25
jscs-backuppool-5090test-091606:1385395:1385830 [3] NCCL INFO [YT-TRACE] [TOPO] node from_type=3 from_id=0x0 from_dev=-1 from_rank=-1 from_cc=-1 from_gdr=-1 from_nlinks=4
jscs-backuppool-5090test-091606:1385395:1385830 [3] NCCL INFO [YT-TRACE] [TOPO] node to_type=3 to_id=0x1 to_dev=-1 to_rank=-1 to_cc=-1 to_gdr=-1 to_nlinks=2
jscs-backuppool-5090test-091606:1385395:1385830 [3] NCCL INFO [YT-TRACE] [TOPO] link from_type=3 from_id=0x0 to_type=3 to_id=0x1 link_type=9 bw=40 total_bw=40
jscs-backuppool-5090test-091606:1385395:1385830 [3] NCCL INFO [YT-TRACE] [TOPO] node from_type=3 from_id=0x0 from_dev=-1 from_rank=-1 from_cc=-1 from_gdr=-1 from_nlinks=5
jscs-backuppool-5090test-091606:1385395:1385830 [3] NCCL INFO [YT-TRACE] [TOPO] node to_type=3 to_id=0x2 to_dev=-1 to_rank=-1 to_cc=-1 to_gdr=-1 to_nlinks=3
jscs-backuppool-5090test-091606:1385395:1385830 [3] NCCL INFO [YT-TRACE] [TOPO] link from_type=3 from_id=0x0 to_type=3 to_id=0x2 link_type=9 bw=40 total_bw=40
jscs-backuppool-5090test-091606:1385395:1385830 [3] NCCL INFO [YT-TRACE] [TOPO] node from_type=3 from_id=0x0 from_dev=-1 from_rank=-1 from_cc=-1 from_gdr=-1 from_nlinks=6
jscs-backuppool-5090test-091606:1385395:1385830 [3] NCCL INFO [YT-TRACE] [TOPO] node to_type=3 to_id=0x3 to_dev=-1 to_rank=-1 to_cc=-1 to_gdr=-1 to_nlinks=1
jscs-backuppool-5090test-091606:1385395:1385830 [3] NCCL INFO [YT-TRACE] [TOPO] link from_type=3 from_id=0x0 to_type=3 to_id=0x3 link_type=9 bw=40 total_bw=40
jscs-backuppool-5090test-091606:1385395:1385830 [3] NCCL INFO [YT-TRACE] [TOPO] node from_type=3 from_id=0x1 from_dev=-1 from_rank=-1 from_cc=-1 from_gdr=-1 from_nlinks=3
jscs-backuppool-5090test-091606:1385395:1385830 [3] NCCL INFO [YT-TRACE] [TOPO] node to_type=3 to_id=0x0 to_dev=-1 to_rank=-1 to_cc=-1 to_gdr=-1 to_nlinks=6
jscs-backuppool-5090test-091606:1385395:1385830 [3] NCCL INFO [YT-TRACE] [TOPO] link from_type=3 from_id=0x1 to_type=3 to_id=0x0 link_type=9 bw=40 total_bw=40
jscs-backuppool-5090test-091606:1385395:1385830 [3] NCCL INFO [YT-TRACE] [TOPO] node from_type=3 from_id=0x1 from_dev=-1 from_rank=-1 from_cc=-1 from_gdr=-1 from_nlinks=4
jscs-backuppool-5090test-091606:1385395:1385830 [3] NCCL INFO [YT-TRACE] [TOPO] node to_type=3 to_id=0x2 to_dev=-1 to_rank=-1 to_cc=-1 to_gdr=-1 to_nlinks=3
jscs-backuppool-5090test-091606:1385395:1385830 [3] NCCL INFO [YT-TRACE] [TOPO] link from_type=3 from_id=0x1 to_type=3 to_id=0x2 link_type=9 bw=40 total_bw=40
jscs-backuppool-5090test-091606:1385395:1385830 [3] NCCL INFO [YT-TRACE] [TOPO] node from_type=3 from_id=0x1 from_dev=-1 from_rank=-1 from_cc=-1 from_gdr=-1 from_nlinks=5
jscs-backuppool-5090test-091606:1385395:1385830 [3] NCCL INFO [YT-TRACE] [TOPO] node to_type=3 to_id=0x3 to_dev=-1 to_rank=-1 to_cc=-1 to_gdr=-1 to_nlinks=1
jscs-backuppool-5090test-091606:1385395:1385830 [3] NCCL INFO [YT-TRACE] [TOPO] link from_type=3 from_id=0x1 to_type=3 to_id=0x3 link_type=9 bw=40 total_bw=40
jscs-backuppool-5090test-091606:1385395:1385830 [3] NCCL INFO [YT-TRACE] [TOPO] node from_type=3 from_id=0x2 from_dev=-1 from_rank=-1 from_cc=-1 from_gdr=-1 from_nlinks=4
jscs-backuppool-5090test-091606:1385395:1385830 [3] NCCL INFO [YT-TRACE] [TOPO] node to_type=3 to_id=0x0 to_dev=-1 to_rank=-1 to_cc=-1 to_gdr=-1 to_nlinks=6
jscs-backuppool-5090test-091606:1385395:1385830 [3] NCCL INFO [YT-TRACE] [TOPO] link from_type=3 from_id=0x2 to_type=3 to_id=0x0 link_type=9 bw=40 total_bw=40
jscs-backuppool-5090test-091606:1385395:1385830 [3] NCCL INFO [YT-TRACE] [TOPO] node from_type=3 from_id=0x2 from_dev=-1 from_rank=-1 from_cc=-1 from_gdr=-1 from_nlinks=5
jscs-backuppool-5090test-091606:1385395:1385830 [3] NCCL INFO [YT-TRACE] [TOPO] node to_type=3 to_id=0x1 to_dev=-1 to_rank=-1 to_cc=-1 to_gdr=-1 to_nlinks=5
jscs-backuppool-5090test-091606:1385395:1385830 [3] NCCL INFO [YT-TRACE] [TOPO] link from_type=3 from_id=0x2 to_type=3 to_id=0x1 link_type=9 bw=40 total_bw=40
jscs-backuppool-5090test-091606:1385395:1385830 [3] NCCL INFO [YT-TRACE] [TOPO] node from_type=3 from_id=0x2 from_dev=-1 from_rank=-1 from_cc=-1 from_gdr=-1 from_nlinks=6
jscs-backuppool-5090test-091606:1385395:1385830 [3] NCCL INFO [YT-TRACE] [TOPO] node to_type=3 to_id=0x3 to_dev=-1 to_rank=-1 to_cc=-1 to_gdr=-1 to_nlinks=1
jscs-backuppool-5090test-091606:1385395:1385830 [3] NCCL INFO [YT-TRACE] [TOPO] link from_type=3 from_id=0x2 to_type=3 to_id=0x3 link_type=9 bw=40 total_bw=40
jscs-backuppool-5090test-091606:1385395:1385830 [3] NCCL INFO [YT-TRACE] [TOPO] node from_type=3 from_id=0x3 from_dev=-1 from_rank=-1 from_cc=-1 from_gdr=-1 from_nlinks=2
jscs-backuppool-5090test-091606:1385395:1385830 [3] NCCL INFO [YT-TRACE] [TOPO] node to_type=3 to_id=0x0 to_dev=-1 to_rank=-1 to_cc=-1 to_gdr=-1 to_nlinks=6
jscs-backuppool-5090test-091606:1385395:1385830 [3] NCCL INFO [YT-TRACE] [TOPO] link from_type=3 from_id=0x3 to_type=3 to_id=0x0 link_type=9 bw=40 total_bw=40
jscs-backuppool-5090test-091606:1385395:1385830 [3] NCCL INFO [YT-TRACE] [TOPO] node from_type=3 from_id=0x3 from_dev=-1 from_rank=-1 from_cc=-1 from_gdr=-1 from_nlinks=3
jscs-backuppool-5090test-091606:1385395:1385830 [3] NCCL INFO [YT-TRACE] [TOPO] node to_type=3 to_id=0x1 to_dev=-1 to_rank=-1 to_cc=-1 to_gdr=-1 to_nlinks=5
jscs-backuppool-5090test-091606:1385395:1385830 [3] NCCL INFO [YT-TRACE] [TOPO] link from_type=3 from_id=0x3 to_type=3 to_id=0x1 link_type=9 bw=40 total_bw=40
jscs-backuppool-5090test-091606:1385395:1385830 [3] NCCL INFO [YT-TRACE] [TOPO] node from_type=3 from_id=0x3 from_dev=-1 from_rank=-1 from_cc=-1 from_gdr=-1 from_nlinks=4
jscs-backuppool-5090test-091606:1385395:1385830 [3] NCCL INFO [YT-TRACE] [TOPO] node to_type=3 to_id=0x2 to_dev=-1 to_rank=-1 to_cc=-1 to_gdr=-1 to_nlinks=6
jscs-backuppool-5090test-091606:1385395:1385830 [3] NCCL INFO [YT-TRACE] [TOPO] link from_type=3 from_id=0x3 to_type=3 to_id=0x2 link_type=9 bw=40 total_bw=40
jscs-backuppool-5090test-091606:1385395:1385829 [2] NCCL INFO [YT-TRACE] [TOPO] node from_type=8 from_id=0x27000 from_dev=-1 from_rank=-1 from_cc=-1 from_gdr=-1 from_nlinks=1
jscs-backuppool-5090test-091606:1385395:1385829 [2] NCCL INFO [YT-TRACE] [TOPO] node to_type=3 to_id=0x0 to_dev=-1 to_rank=-1 to_cc=-1 to_gdr=-1 to_nlinks=0
jscs-backuppool-5090test-091606:1385395:1385829 [2] NCCL INFO [YT-TRACE] [TOPO] link from_type=8 from_id=0x27000 to_type=3 to_id=0x0 link_type=4 bw=48 total_bw=48
jscs-backuppool-5090test-091606:1385395:1385829 [2] NCCL INFO [YT-TRACE] [TOPO] node from_type=3 from_id=0x0 from_dev=-1 from_rank=-1 from_cc=-1 from_gdr=-1 from_nlinks=1
jscs-backuppool-5090test-091606:1385395:1385829 [2] NCCL INFO [YT-TRACE] [TOPO] node to_type=8 to_id=0x27000 to_dev=-1 to_rank=-1 to_cc=-1 to_gdr=-1 to_nlinks=1
jscs-backuppool-5090test-091606:1385395:1385829 [2] NCCL INFO [YT-TRACE] [TOPO] link from_type=3 from_id=0x0 to_type=8 to_id=0x27000 link_type=4 bw=48 total_bw=48
jscs-backuppool-5090test-091606:1385395:1385829 [2] NCCL INFO [YT-TRACE] [TOPO] node from_type=8 from_id=0x27000 from_dev=-1 from_rank=-1 from_cc=-1 from_gdr=-1 from_nlinks=2
jscs-backuppool-5090test-091606:1385395:1385829 [2] NCCL INFO [YT-TRACE] [TOPO] node to_type=0 to_id=0x27000 to_dev=0 to_rank=0 to_cc=120 to_gdr=0 to_nlinks=0
jscs-backuppool-5090test-091606:1385395:1385829 [2] NCCL INFO [YT-TRACE] [TOPO] link from_type=8 from_id=0x27000 to_type=0 to_id=0x27000 link_type=0 bw=5000 total_bw=5000
jscs-backuppool-5090test-091606:1385395:1385829 [2] NCCL INFO [YT-TRACE] [TOPO] node from_type=0 from_id=0x27000 from_dev=0 from_rank=0 from_cc=120 from_gdr=0 from_nlinks=1
jscs-backuppool-5090test-091606:1385395:1385829 [2] NCCL INFO [YT-TRACE] [TOPO] node to_type=8 to_id=0x27000 to_dev=-1 to_rank=-1 to_cc=-1 to_gdr=-1 to_nlinks=2
jscs-backuppool-5090test-091606:1385395:1385829 [2] NCCL INFO [YT-TRACE] [TOPO] link from_type=0 from_id=0x27000 to_type=8 to_id=0x27000 link_type=0 bw=5000 total_bw=5000
jscs-backuppool-5090test-091606:1385395:1385829 [2] NCCL INFO [YT-TRACE] [TOPO] node from_type=3 from_id=0x0 from_dev=-1 from_rank=-1 from_cc=-1 from_gdr=-1 from_nlinks=2
jscs-backuppool-5090test-091606:1385395:1385829 [2] NCCL INFO [YT-TRACE] [TOPO] node to_type=4 to_id=0x0 to_dev=-1 to_rank=-1 to_cc=-1 to_gdr=-1 to_nlinks=0
jscs-backuppool-5090test-091606:1385395:1385829 [2] NCCL INFO [YT-TRACE] [TOPO] link from_type=3 from_id=0x0 to_type=4 to_id=0x0 link_type=4 bw=5000 total_bw=5000
jscs-backuppool-5090test-091606:1385395:1385829 [2] NCCL INFO [YT-TRACE] [TOPO] node from_type=4 from_id=0x0 from_dev=-1 from_rank=-1 from_cc=-1 from_gdr=-1 from_nlinks=1
jscs-backuppool-5090test-091606:1385395:1385829 [2] NCCL INFO [YT-TRACE] [TOPO] node to_type=3 to_id=0x0 to_dev=-1 to_rank=-1 to_cc=-1 to_gdr=-1 to_nlinks=2
jscs-backuppool-5090test-091606:1385395:1385829 [2] NCCL INFO [YT-TRACE] [TOPO] link from_type=4 from_id=0x0 to_type=3 to_id=0x0 link_type=4 bw=5000 total_bw=5000
jscs-backuppool-5090test-091606:1385395:1385829 [2] NCCL INFO [YT-TRACE] [TOPO] node from_type=4 from_id=0x0 from_dev=-1 from_rank=-1 from_cc=-1 from_gdr=-1 from_nlinks=2
jscs-backuppool-5090test-091606:1385395:1385829 [2] NCCL INFO [YT-TRACE] [TOPO] node to_type=5 to_id=0x0 to_dev=-1 to_rank=-1 to_cc=-1 to_gdr=-1 to_nlinks=0
jscs-backuppool-5090test-091606:1385395:1385829 [2] NCCL INFO [YT-TRACE] [TOPO] link from_type=4 from_id=0x0 to_type=5 to_id=0x0 link_type=10 bw=25 total_bw=25
jscs-backuppool-5090test-091606:1385395:1385829 [2] NCCL INFO [YT-TRACE] [TOPO] node from_type=5 from_id=0x0 from_dev=-1 from_rank=-1 from_cc=-1 from_gdr=-1 from_nlinks=1
jscs-backuppool-5090test-091606:1385395:1385829 [2] NCCL INFO [YT-TRACE] [TOPO] node to_type=4 to_id=0x0 to_dev=-1 to_rank=-1 to_cc=-1 to_gdr=-1 to_nlinks=2
jscs-backuppool-5090test-091606:1385395:1385829 [2] NCCL INFO [YT-TRACE] [TOPO] link from_type=5 from_id=0x0 to_type=4 to_id=0x0 link_type=10 bw=25 total_bw=25
jscs-backuppool-5090test-091606:1385395:1385829 [2] NCCL INFO [YT-TRACE] [TOPO] node from_type=8 from_id=0x38000 from_dev=-1 from_rank=-1 from_cc=-1 from_gdr=-1 from_nlinks=1
jscs-backuppool-5090test-091606:1385395:1385829 [2] NCCL INFO [YT-TRACE] [TOPO] node to_type=3 to_id=0x0 to_dev=-1 to_rank=-1 to_cc=-1 to_gdr=-1 to_nlinks=2
jscs-backuppool-5090test-091606:1385395:1385829 [2] NCCL INFO [YT-TRACE] [TOPO] link from_type=8 from_id=0x38000 to_type=3 to_id=0x0 link_type=4 bw=48 total_bw=48
jscs-backuppool-5090test-091606:1385395:1385829 [2] NCCL INFO [YT-TRACE] [TOPO] node from_type=3 from_id=0x0 from_dev=-1 from_rank=-1 from_cc=-1 from_gdr=-1 from_nlinks=3
jscs-backuppool-5090test-091606:1385395:1385829 [2] NCCL INFO [YT-TRACE] [TOPO] node to_type=8 to_id=0x38000 to_dev=-1 to_rank=-1 to_cc=-1 to_gdr=-1 to_nlinks=1
jscs-backuppool-5090test-091606:1385395:1385829 [2] NCCL INFO [YT-TRACE] [TOPO] link from_type=3 from_id=0x0 to_type=8 to_id=0x38000 link_type=4 bw=48 total_bw=48
jscs-backuppool-5090test-091606:1385395:1385829 [2] NCCL INFO [YT-TRACE] [TOPO] node from_type=8 from_id=0x38000 from_dev=-1 from_rank=-1 from_cc=-1 from_gdr=-1 from_nlinks=2
jscs-backuppool-5090test-091606:1385395:1385829 [2] NCCL INFO [YT-TRACE] [TOPO] node to_type=0 to_id=0x38000 to_dev=1 to_rank=1 to_cc=120 to_gdr=0 to_nlinks=0
jscs-backuppool-5090test-091606:1385395:1385829 [2] NCCL INFO [YT-TRACE] [TOPO] link from_type=8 from_id=0x38000 to_type=0 to_id=0x38000 link_type=0 bw=5000 total_bw=5000
jscs-backuppool-5090test-091606:1385395:1385829 [2] NCCL INFO [YT-TRACE] [TOPO] node from_type=0 from_id=0x38000 from_dev=1 from_rank=1 from_cc=120 from_gdr=0 from_nlinks=1
jscs-backuppool-5090test-091606:1385395:1385829 [2] NCCL INFO [YT-TRACE] [TOPO] node to_type=8 to_id=0x38000 to_dev=-1 to_rank=-1 to_cc=-1 to_gdr=-1 to_nlinks=2
jscs-backuppool-5090test-091606:1385395:1385829 [2] NCCL INFO [YT-TRACE] [TOPO] link from_type=0 from_id=0x38000 to_type=8 to_id=0x38000 link_type=0 bw=5000 total_bw=5000
jscs-backuppool-5090test-091606:1385395:1385829 [2] NCCL INFO [YT-TRACE] [TOPO] node from_type=8 from_id=0x49000 from_dev=-1 from_rank=-1 from_cc=-1 from_gdr=-1 from_nlinks=1
jscs-backuppool-5090test-091606:1385395:1385829 [2] NCCL INFO [YT-TRACE] [TOPO] node to_type=3 to_id=0x1 to_dev=-1 to_rank=-1 to_cc=-1 to_gdr=-1 to_nlinks=0
jscs-backuppool-5090test-091606:1385395:1385829 [2] NCCL INFO [YT-TRACE] [TOPO] link from_type=8 from_id=0x49000 to_type=3 to_id=0x1 link_type=4 bw=48 total_bw=48
jscs-backuppool-5090test-091606:1385395:1385829 [2] NCCL INFO [YT-TRACE] [TOPO] node from_type=3 from_id=0x1 from_dev=-1 from_rank=-1 from_cc=-1 from_gdr=-1 from_nlinks=1
jscs-backuppool-5090test-091606:1385395:1385829 [2] NCCL INFO [YT-TRACE] [TOPO] node to_type=8 to_id=0x49000 to_dev=-1 to_rank=-1 to_cc=-1 to_gdr=-1 to_nlinks=1
jscs-backuppool-5090test-091606:1385395:1385829 [2] NCCL INFO [YT-TRACE] [TOPO] link from_type=3 from_id=0x1 to_type=8 to_id=0x49000 link_type=4 bw=48 total_bw=48
jscs-backuppool-5090test-091606:1385395:1385829 [2] NCCL INFO [YT-TRACE] [TOPO] node from_type=8 from_id=0x49000 from_dev=-1 from_rank=-1 from_cc=-1 from_gdr=-1 from_nlinks=2
jscs-backuppool-5090test-091606:1385395:1385829 [2] NCCL INFO [YT-TRACE] [TOPO] node to_type=0 to_id=0x49000 to_dev=2 to_rank=2 to_cc=120 to_gdr=0 to_nlinks=0
jscs-backuppool-5090test-091606:1385395:1385829 [2] NCCL INFO [YT-TRACE] [TOPO] link from_type=8 from_id=0x49000 to_type=0 to_id=0x49000 link_type=0 bw=5000 total_bw=5000
jscs-backuppool-5090test-091606:1385395:1385829 [2] NCCL INFO [YT-TRACE] [TOPO] node from_type=0 from_id=0x49000 from_dev=2 from_rank=2 from_cc=120 from_gdr=0 from_nlinks=1
jscs-backuppool-5090test-091606:1385395:1385829 [2] NCCL INFO [YT-TRACE] [TOPO] node to_type=8 to_id=0x49000 to_dev=-1 to_rank=-1 to_cc=-1 to_gdr=-1 to_nlinks=2
jscs-backuppool-5090test-091606:1385395:1385829 [2] NCCL INFO [YT-TRACE] [TOPO] link from_type=0 from_id=0x49000 to_type=8 to_id=0x49000 link_type=0 bw=5000 total_bw=5000
jscs-backuppool-5090test-091606:1385395:1385829 [2] NCCL INFO [YT-TRACE] [TOPO] node from_type=4 from_id=0x0 from_dev=-1 from_rank=-1 from_cc=-1 from_gdr=-1 from_nlinks=3
jscs-backuppool-5090test-091606:1385395:1385829 [2] NCCL INFO [YT-TRACE] [TOPO] node to_type=5 to_id=0x0 to_dev=-1 to_rank=-1 to_cc=-1 to_gdr=-1 to_nlinks=0
jscs-backuppool-5090test-091606:1385395:1385829 [2] NCCL INFO [YT-TRACE] [TOPO] link from_type=4 from_id=0x0 to_type=5 to_id=0x0 link_type=10 bw=25 total_bw=25
jscs-backuppool-5090test-091606:1385395:1385829 [2] NCCL INFO [YT-TRACE] [TOPO] node from_type=5 from_id=0x0 from_dev=-1 from_rank=-1 from_cc=-1 from_gdr=-1 from_nlinks=1
jscs-backuppool-5090test-091606:1385395:1385829 [2] NCCL INFO [YT-TRACE] [TOPO] node to_type=4 to_id=0x0 to_dev=-1 to_rank=-1 to_cc=-1 to_gdr=-1 to_nlinks=3
jscs-backuppool-5090test-091606:1385395:1385829 [2] NCCL INFO [YT-TRACE] [TOPO] link from_type=5 from_id=0x0 to_type=4 to_id=0x0 link_type=10 bw=25 total_bw=25
jscs-backuppool-5090test-091606:1385395:1385829 [2] NCCL INFO [YT-TRACE] [TOPO] node from_type=8 from_id=0x5a000 from_dev=-1 from_rank=-1 from_cc=-1 from_gdr=-1 from_nlinks=1
jscs-backuppool-5090test-091606:1385395:1385829 [2] NCCL INFO [YT-TRACE] [TOPO] node to_type=3 to_id=0x1 to_dev=-1 to_rank=-1 to_cc=-1 to_gdr=-1 to_nlinks=1
jscs-backuppool-5090test-091606:1385395:1385829 [2] NCCL INFO [YT-TRACE] [TOPO] link from_type=8 from_id=0x5a000 to_type=3 to_id=0x1 link_type=4 bw=48 total_bw=48
jscs-backuppool-5090test-091606:1385395:1385829 [2] NCCL INFO [YT-TRACE] [TOPO] node from_type=3 from_id=0x1 from_dev=-1 from_rank=-1 from_cc=-1 from_gdr=-1 from_nlinks=2
jscs-backuppool-5090test-091606:1385395:1385829 [2] NCCL INFO [YT-TRACE] [TOPO] node to_type=8 to_id=0x5a000 to_dev=-1 to_rank=-1 to_cc=-1 to_gdr=-1 to_nlinks=1
jscs-backuppool-5090test-091606:1385395:1385829 [2] NCCL INFO [YT-TRACE] [TOPO] link from_type=3 from_id=0x1 to_type=8 to_id=0x5a000 link_type=4 bw=48 total_bw=48
jscs-backuppool-5090test-091606:1385395:1385829 [2] NCCL INFO [YT-TRACE] [TOPO] node from_type=8 from_id=0x5a000 from_dev=-1 from_rank=-1 from_cc=-1 from_gdr=-1 from_nlinks=2
jscs-backuppool-5090test-091606:1385395:1385829 [2] NCCL INFO [YT-TRACE] [TOPO] node to_type=0 to_id=0x5a000 to_dev=3 to_rank=3 to_cc=120 to_gdr=0 to_nlinks=0
jscs-backuppool-5090test-091606:1385395:1385829 [2] NCCL INFO [YT-TRACE] [TOPO] link from_type=8 from_id=0x5a000 to_type=0 to_id=0x5a000 link_type=0 bw=5000 total_bw=5000
jscs-backuppool-5090test-091606:1385395:1385829 [2] NCCL INFO [YT-TRACE] [TOPO] node from_type=0 from_id=0x5a000 from_dev=3 from_rank=3 from_cc=120 from_gdr=0 from_nlinks=1
jscs-backuppool-5090test-091606:1385395:1385829 [2] NCCL INFO [YT-TRACE] [TOPO] node to_type=8 to_id=0x5a000 to_dev=-1 to_rank=-1 to_cc=-1 to_gdr=-1 to_nlinks=2
jscs-backuppool-5090test-091606:1385395:1385829 [2] NCCL INFO [YT-TRACE] [TOPO] link from_type=0 from_id=0x5a000 to_type=8 to_id=0x5a000 link_type=0 bw=5000 total_bw=5000
jscs-backuppool-5090test-091606:1385395:1385829 [2] NCCL INFO [YT-TRACE] [TOPO] node from_type=8 from_id=0x98000 from_dev=-1 from_rank=-1 from_cc=-1 from_gdr=-1 from_nlinks=1
jscs-backuppool-5090test-091606:1385395:1385829 [2] NCCL INFO [YT-TRACE] [TOPO] node to_type=3 to_id=0x2 to_dev=-1 to_rank=-1 to_cc=-1 to_gdr=-1 to_nlinks=0
jscs-backuppool-5090test-091606:1385395:1385829 [2] NCCL INFO [YT-TRACE] [TOPO] link from_type=8 from_id=0x98000 to_type=3 to_id=0x2 link_type=4 bw=48 total_bw=48
jscs-backuppool-5090test-091606:1385395:1385829 [2] NCCL INFO [YT-TRACE] [TOPO] node from_type=3 from_id=0x2 from_dev=-1 from_rank=-1 from_cc=-1 from_gdr=-1 from_nlinks=1
jscs-backuppool-5090test-091606:1385395:1385829 [2] NCCL INFO [YT-TRACE] [TOPO] node to_type=8 to_id=0x98000 to_dev=-1 to_rank=-1 to_cc=-1 to_gdr=-1 to_nlinks=1
jscs-backuppool-5090test-091606:1385395:1385829 [2] NCCL INFO [YT-TRACE] [TOPO] link from_type=3 from_id=0x2 to_type=8 to_id=0x98000 link_type=4 bw=48 total_bw=48
jscs-backuppool-5090test-091606:1385395:1385829 [2] NCCL INFO [YT-TRACE] [TOPO] node from_type=8 from_id=0x98000 from_dev=-1 from_rank=-1 from_cc=-1 from_gdr=-1 from_nlinks=2
jscs-backuppool-5090test-091606:1385395:1385829 [2] NCCL INFO [YT-TRACE] [TOPO] node to_type=0 to_id=0x98000 to_dev=4 to_rank=4 to_cc=120 to_gdr=0 to_nlinks=0
jscs-backuppool-5090test-091606:1385395:1385829 [2] NCCL INFO [YT-TRACE] [TOPO] link from_type=8 from_id=0x98000 to_type=0 to_id=0x98000 link_type=0 bw=5000 total_bw=5000
jscs-backuppool-5090test-091606:1385395:1385829 [2] NCCL INFO [YT-TRACE] [TOPO] node from_type=0 from_id=0x98000 from_dev=4 from_rank=4 from_cc=120 from_gdr=0 from_nlinks=1
jscs-backuppool-5090test-091606:1385395:1385829 [2] NCCL INFO [YT-TRACE] [TOPO] node to_type=8 to_id=0x98000 to_dev=-1 to_rank=-1 to_cc=-1 to_gdr=-1 to_nlinks=2
jscs-backuppool-5090test-091606:1385395:1385829 [2] NCCL INFO [YT-TRACE] [TOPO] link from_type=0 from_id=0x98000 to_type=8 to_id=0x98000 link_type=0 bw=5000 total_bw=5000
jscs-backuppool-5090test-091606:1385395:1385829 [2] NCCL INFO [YT-TRACE] [TOPO] node from_type=4 from_id=0x0 from_dev=-1 from_rank=-1 from_cc=-1 from_gdr=-1 from_nlinks=4
jscs-backuppool-5090test-091606:1385395:1385829 [2] NCCL INFO [YT-TRACE] [TOPO] node to_type=5 to_id=0x0 to_dev=-1 to_rank=-1 to_cc=-1 to_gdr=-1 to_nlinks=0
jscs-backuppool-5090test-091606:1385395:1385829 [2] NCCL INFO [YT-TRACE] [TOPO] link from_type=4 from_id=0x0 to_type=5 to_id=0x0 link_type=10 bw=25 total_bw=25
jscs-backuppool-5090test-091606:1385395:1385829 [2] NCCL INFO [YT-TRACE] [TOPO] node from_type=5 from_id=0x0 from_dev=-1 from_rank=-1 from_cc=-1 from_gdr=-1 from_nlinks=1
jscs-backuppool-5090test-091606:1385395:1385829 [2] NCCL INFO [YT-TRACE] [TOPO] node to_type=4 to_id=0x0 to_dev=-1 to_rank=-1 to_cc=-1 to_gdr=-1 to_nlinks=4
jscs-backuppool-5090test-091606:1385395:1385829 [2] NCCL INFO [YT-TRACE] [TOPO] link from_type=5 from_id=0x0 to_type=4 to_id=0x0 link_type=10 bw=25 total_bw=25
jscs-backuppool-5090test-091606:1385395:1385829 [2] NCCL INFO [YT-TRACE] [TOPO] node from_type=8 from_id=0xa8000 from_dev=-1 from_rank=-1 from_cc=-1 from_gdr=-1 from_nlinks=1
jscs-backuppool-5090test-091606:1385395:1385829 [2] NCCL INFO [YT-TRACE] [TOPO] node to_type=3 to_id=0x2 to_dev=-1 to_rank=-1 to_cc=-1 to_gdr=-1 to_nlinks=1
jscs-backuppool-5090test-091606:1385395:1385829 [2] NCCL INFO [YT-TRACE] [TOPO] link from_type=8 from_id=0xa8000 to_type=3 to_id=0x2 link_type=4 bw=48 total_bw=48
jscs-backuppool-5090test-091606:1385395:1385829 [2] NCCL INFO [YT-TRACE] [TOPO] node from_type=3 from_id=0x2 from_dev=-1 from_rank=-1 from_cc=-1 from_gdr=-1 from_nlinks=2
jscs-backuppool-5090test-091606:1385395:1385829 [2] NCCL INFO [YT-TRACE] [TOPO] node to_type=8 to_id=0xa8000 to_dev=-1 to_rank=-1 to_cc=-1 to_gdr=-1 to_nlinks=1
jscs-backuppool-5090test-091606:1385395:1385829 [2] NCCL INFO [YT-TRACE] [TOPO] link from_type=3 from_id=0x2 to_type=8 to_id=0xa8000 link_type=4 bw=48 total_bw=48
jscs-backuppool-5090test-091606:1385395:1385829 [2] NCCL INFO [YT-TRACE] [TOPO] node from_type=8 from_id=0xa8000 from_dev=-1 from_rank=-1 from_cc=-1 from_gdr=-1 from_nlinks=2
jscs-backuppool-5090test-091606:1385395:1385829 [2] NCCL INFO [YT-TRACE] [TOPO] node to_type=0 to_id=0xa8000 to_dev=5 to_rank=5 to_cc=120 to_gdr=0 to_nlinks=0
jscs-backuppool-5090test-091606:1385395:1385829 [2] NCCL INFO [YT-TRACE] [TOPO] link from_type=8 from_id=0xa8000 to_type=0 to_id=0xa8000 link_type=0 bw=5000 total_bw=5000
jscs-backuppool-5090test-091606:1385395:1385829 [2] NCCL INFO [YT-TRACE] [TOPO] node from_type=0 from_id=0xa8000 from_dev=5 from_rank=5 from_cc=120 from_gdr=0 from_nlinks=1
jscs-backuppool-5090test-091606:1385395:1385829 [2] NCCL INFO [YT-TRACE] [TOPO] node to_type=8 to_id=0xa8000 to_dev=-1 to_rank=-1 to_cc=-1 to_gdr=-1 to_nlinks=2
jscs-backuppool-5090test-091606:1385395:1385829 [2] NCCL INFO [YT-TRACE] [TOPO] link from_type=0 from_id=0xa8000 to_type=8 to_id=0xa8000 link_type=0 bw=5000 total_bw=5000
jscs-backuppool-5090test-091606:1385395:1385829 [2] NCCL INFO [YT-TRACE] [TOPO] node from_type=8 from_id=0xb8000 from_dev=-1 from_rank=-1 from_cc=-1 from_gdr=-1 from_nlinks=1
jscs-backuppool-5090test-091606:1385395:1385829 [2] NCCL INFO [YT-TRACE] [TOPO] node to_type=3 to_id=0x2 to_dev=-1 to_rank=-1 to_cc=-1 to_gdr=-1 to_nlinks=2
jscs-backuppool-5090test-091606:1385395:1385829 [2] NCCL INFO [YT-TRACE] [TOPO] link from_type=8 from_id=0xb8000 to_type=3 to_id=0x2 link_type=4 bw=48 total_bw=48
jscs-backuppool-5090test-091606:1385395:1385829 [2] NCCL INFO [YT-TRACE] [TOPO] node from_type=3 from_id=0x2 from_dev=-1 from_rank=-1 from_cc=-1 from_gdr=-1 from_nlinks=3
jscs-backuppool-5090test-091606:1385395:1385829 [2] NCCL INFO [YT-TRACE] [TOPO] node to_type=8 to_id=0xb8000 to_dev=-1 to_rank=-1 to_cc=-1 to_gdr=-1 to_nlinks=1
jscs-backuppool-5090test-091606:1385395:1385829 [2] NCCL INFO [YT-TRACE] [TOPO] link from_type=3 from_id=0x2 to_type=8 to_id=0xb8000 link_type=4 bw=48 total_bw=48
jscs-backuppool-5090test-091606:1385395:1385829 [2] NCCL INFO [YT-TRACE] [TOPO] node from_type=8 from_id=0xb8000 from_dev=-1 from_rank=-1 from_cc=-1 from_gdr=-1 from_nlinks=2
jscs-backuppool-5090test-091606:1385395:1385829 [2] NCCL INFO [YT-TRACE] [TOPO] node to_type=0 to_id=0xb8000 to_dev=6 to_rank=6 to_cc=120 to_gdr=0 to_nlinks=0
jscs-backuppool-5090test-091606:1385395:1385829 [2] NCCL INFO [YT-TRACE] [TOPO] link from_type=8 from_id=0xb8000 to_type=0 to_id=0xb8000 link_type=0 bw=5000 total_bw=5000
jscs-backuppool-5090test-091606:1385395:1385829 [2] NCCL INFO [YT-TRACE] [TOPO] node from_type=0 from_id=0xb8000 from_dev=6 from_rank=6 from_cc=120 from_gdr=0 from_nlinks=1
jscs-backuppool-5090test-091606:1385395:1385829 [2] NCCL INFO [YT-TRACE] [TOPO] node to_type=8 to_id=0xb8000 to_dev=-1 to_rank=-1 to_cc=-1 to_gdr=-1 to_nlinks=2
jscs-backuppool-5090test-091606:1385395:1385829 [2] NCCL INFO [YT-TRACE] [TOPO] link from_type=0 from_id=0xb8000 to_type=8 to_id=0xb8000 link_type=0 bw=5000 total_bw=5000
jscs-backuppool-5090test-091606:1385395:1385829 [2] NCCL INFO [YT-TRACE] [TOPO] node from_type=8 from_id=0xc8000 from_dev=-1 from_rank=-1 from_cc=-1 from_gdr=-1 from_nlinks=1
jscs-backuppool-5090test-091606:1385395:1385829 [2] NCCL INFO [YT-TRACE] [TOPO] node to_type=3 to_id=0x3 to_dev=-1 to_rank=-1 to_cc=-1 to_gdr=-1 to_nlinks=0
jscs-backuppool-5090test-091606:1385395:1385829 [2] NCCL INFO [YT-TRACE] [TOPO] link from_type=8 from_id=0xc8000 to_type=3 to_id=0x3 link_type=4 bw=48 total_bw=48
jscs-backuppool-5090test-091606:1385395:1385829 [2] NCCL INFO [YT-TRACE] [TOPO] node from_type=3 from_id=0x3 from_dev=-1 from_rank=-1 from_cc=-1 from_gdr=-1 from_nlinks=1
jscs-backuppool-5090test-091606:1385395:1385829 [2] NCCL INFO [YT-TRACE] [TOPO] node to_type=8 to_id=0xc8000 to_dev=-1 to_rank=-1 to_cc=-1 to_gdr=-1 to_nlinks=1
jscs-backuppool-5090test-091606:1385395:1385829 [2] NCCL INFO [YT-TRACE] [TOPO] link from_type=3 from_id=0x3 to_type=8 to_id=0xc8000 link_type=4 bw=48 total_bw=48
jscs-backuppool-5090test-091606:1385395:1385829 [2] NCCL INFO [YT-TRACE] [TOPO] node from_type=8 from_id=0xc8000 from_dev=-1 from_rank=-1 from_cc=-1 from_gdr=-1 from_nlinks=2
jscs-backuppool-5090test-091606:1385395:1385829 [2] NCCL INFO [YT-TRACE] [TOPO] node to_type=0 to_id=0xc8000 to_dev=7 to_rank=7 to_cc=120 to_gdr=0 to_nlinks=0
jscs-backuppool-5090test-091606:1385395:1385829 [2] NCCL INFO [YT-TRACE] [TOPO] link from_type=8 from_id=0xc8000 to_type=0 to_id=0xc8000 link_type=0 bw=5000 total_bw=5000
jscs-backuppool-5090test-091606:1385395:1385829 [2] NCCL INFO [YT-TRACE] [TOPO] node from_type=0 from_id=0xc8000 from_dev=7 from_rank=7 from_cc=120 from_gdr=0 from_nlinks=1
jscs-backuppool-5090test-091606:1385395:1385829 [2] NCCL INFO [YT-TRACE] [TOPO] node to_type=8 to_id=0xc8000 to_dev=-1 to_rank=-1 to_cc=-1 to_gdr=-1 to_nlinks=2
jscs-backuppool-5090test-091606:1385395:1385829 [2] NCCL INFO [YT-TRACE] [TOPO] link from_type=0 from_id=0xc8000 to_type=8 to_id=0xc8000 link_type=0 bw=5000 total_bw=5000
jscs-backuppool-5090test-091606:1385395:1385829 [2] NCCL INFO [YT-TRACE] [TOPO] node from_type=4 from_id=0x0 from_dev=-1 from_rank=-1 from_cc=-1 from_gdr=-1 from_nlinks=5
jscs-backuppool-5090test-091606:1385395:1385829 [2] NCCL INFO [YT-TRACE] [TOPO] node to_type=5 to_id=0x0 to_dev=-1 to_rank=-1 to_cc=-1 to_gdr=-1 to_nlinks=0
jscs-backuppool-5090test-091606:1385395:1385829 [2] NCCL INFO [YT-TRACE] [TOPO] link from_type=4 from_id=0x0 to_type=5 to_id=0x0 link_type=10 bw=25 total_bw=25
jscs-backuppool-5090test-091606:1385395:1385829 [2] NCCL INFO [YT-TRACE] [TOPO] node from_type=5 from_id=0x0 from_dev=-1 from_rank=-1 from_cc=-1 from_gdr=-1 from_nlinks=1
jscs-backuppool-5090test-091606:1385395:1385829 [2] NCCL INFO [YT-TRACE] [TOPO] node to_type=4 to_id=0x0 to_dev=-1 to_rank=-1 to_cc=-1 to_gdr=-1 to_nlinks=5
jscs-backuppool-5090test-091606:1385395:1385829 [2] NCCL INFO [YT-TRACE] [TOPO] link from_type=5 from_id=0x0 to_type=4 to_id=0x0 link_type=10 bw=25 total_bw=25
jscs-backuppool-5090test-091606:1385395:1385829 [2] NCCL INFO [YT-TRACE] [TOPO] node from_type=3 from_id=0x0 from_dev=-1 from_rank=-1 from_cc=-1 from_gdr=-1 from_nlinks=4
jscs-backuppool-5090test-091606:1385395:1385829 [2] NCCL INFO [YT-TRACE] [TOPO] node to_type=3 to_id=0x1 to_dev=-1 to_rank=-1 to_cc=-1 to_gdr=-1 to_nlinks=2
jscs-backuppool-5090test-091606:1385395:1385829 [2] NCCL INFO [YT-TRACE] [TOPO] link from_type=3 from_id=0x0 to_type=3 to_id=0x1 link_type=9 bw=40 total_bw=40
jscs-backuppool-5090test-091606:1385395:1385829 [2] NCCL INFO [YT-TRACE] [TOPO] node from_type=3 from_id=0x0 from_dev=-1 from_rank=-1 from_cc=-1 from_gdr=-1 from_nlinks=5
jscs-backuppool-5090test-091606:1385395:1385829 [2] NCCL INFO [YT-TRACE] [TOPO] node to_type=3 to_id=0x2 to_dev=-1 to_rank=-1 to_cc=-1 to_gdr=-1 to_nlinks=3
jscs-backuppool-5090test-091606:1385395:1385829 [2] NCCL INFO [YT-TRACE] [TOPO] link from_type=3 from_id=0x0 to_type=3 to_id=0x2 link_type=9 bw=40 total_bw=40
jscs-backuppool-5090test-091606:1385395:1385829 [2] NCCL INFO [YT-TRACE] [TOPO] node from_type=3 from_id=0x0 from_dev=-1 from_rank=-1 from_cc=-1 from_gdr=-1 from_nlinks=6
jscs-backuppool-5090test-091606:1385395:1385829 [2] NCCL INFO [YT-TRACE] [TOPO] node to_type=3 to_id=0x3 to_dev=-1 to_rank=-1 to_cc=-1 to_gdr=-1 to_nlinks=1
jscs-backuppool-5090test-091606:1385395:1385829 [2] NCCL INFO [YT-TRACE] [TOPO] link from_type=3 from_id=0x0 to_type=3 to_id=0x3 link_type=9 bw=40 total_bw=40
jscs-backuppool-5090test-091606:1385395:1385829 [2] NCCL INFO [YT-TRACE] [TOPO] node from_type=3 from_id=0x1 from_dev=-1 from_rank=-1 from_cc=-1 from_gdr=-1 from_nlinks=3
jscs-backuppool-5090test-091606:1385395:1385829 [2] NCCL INFO [YT-TRACE] [TOPO] node to_type=3 to_id=0x0 to_dev=-1 to_rank=-1 to_cc=-1 to_gdr=-1 to_nlinks=6
jscs-backuppool-5090test-091606:1385395:1385829 [2] NCCL INFO [YT-TRACE] [TOPO] link from_type=3 from_id=0x1 to_type=3 to_id=0x0 link_type=9 bw=40 total_bw=40
jscs-backuppool-5090test-091606:1385395:1385829 [2] NCCL INFO [YT-TRACE] [TOPO] node from_type=3 from_id=0x1 from_dev=-1 from_rank=-1 from_cc=-1 from_gdr=-1 from_nlinks=4
jscs-backuppool-5090test-091606:1385395:1385829 [2] NCCL INFO [YT-TRACE] [TOPO] node to_type=3 to_id=0x2 to_dev=-1 to_rank=-1 to_cc=-1 to_gdr=-1 to_nlinks=3
jscs-backuppool-5090test-091606:1385395:1385829 [2] NCCL INFO [YT-TRACE] [TOPO] link from_type=3 from_id=0x1 to_type=3 to_id=0x2 link_type=9 bw=40 total_bw=40
jscs-backuppool-5090test-091606:1385395:1385829 [2] NCCL INFO [YT-TRACE] [TOPO] node from_type=3 from_id=0x1 from_dev=-1 from_rank=-1 from_cc=-1 from_gdr=-1 from_nlinks=5
jscs-backuppool-5090test-091606:1385395:1385829 [2] NCCL INFO [YT-TRACE] [TOPO] node to_type=3 to_id=0x3 to_dev=-1 to_rank=-1 to_cc=-1 to_gdr=-1 to_nlinks=1
jscs-backuppool-5090test-091606:1385395:1385829 [2] NCCL INFO [YT-TRACE] [TOPO] link from_type=3 from_id=0x1 to_type=3 to_id=0x3 link_type=9 bw=40 total_bw=40
jscs-backuppool-5090test-091606:1385395:1385829 [2] NCCL INFO [YT-TRACE] [TOPO] node from_type=3 from_id=0x2 from_dev=-1 from_rank=-1 from_cc=-1 from_gdr=-1 from_nlinks=4
jscs-backuppool-5090test-091606:1385395:1385829 [2] NCCL INFO [YT-TRACE] [TOPO] node to_type=3 to_id=0x0 to_dev=-1 to_rank=-1 to_cc=-1 to_gdr=-1 to_nlinks=6
jscs-backuppool-5090test-091606:1385395:1385829 [2] NCCL INFO [YT-TRACE] [TOPO] link from_type=3 from_id=0x2 to_type=3 to_id=0x0 link_type=9 bw=40 total_bw=40
jscs-backuppool-5090test-091606:1385395:1385829 [2] NCCL INFO [YT-TRACE] [TOPO] node from_type=3 from_id=0x2 from_dev=-1 from_rank=-1 from_cc=-1 from_gdr=-1 from_nlinks=5
jscs-backuppool-5090test-091606:1385395:1385829 [2] NCCL INFO [YT-TRACE] [TOPO] node to_type=3 to_id=0x1 to_dev=-1 to_rank=-1 to_cc=-1 to_gdr=-1 to_nlinks=5
jscs-backuppool-5090test-091606:1385395:1385829 [2] NCCL INFO [YT-TRACE] [TOPO] link from_type=3 from_id=0x2 to_type=3 to_id=0x1 link_type=9 bw=40 total_bw=40
jscs-backuppool-5090test-091606:1385395:1385829 [2] NCCL INFO [YT-TRACE] [TOPO] node from_type=3 from_id=0x2 from_dev=-1 from_rank=-1 from_cc=-1 from_gdr=-1 from_nlinks=6
jscs-backuppool-5090test-091606:1385395:1385829 [2] NCCL INFO [YT-TRACE] [TOPO] node to_type=3 to_id=0x3 to_dev=-1 to_rank=-1 to_cc=-1 to_gdr=-1 to_nlinks=1
jscs-backuppool-5090test-091606:1385395:1385829 [2] NCCL INFO [YT-TRACE] [TOPO] link from_type=3 from_id=0x2 to_type=3 to_id=0x3 link_type=9 bw=40 total_bw=40
jscs-backuppool-5090test-091606:1385395:1385829 [2] NCCL INFO [YT-TRACE] [TOPO] node from_type=3 from_id=0x3 from_dev=-1 from_rank=-1 from_cc=-1 from_gdr=-1 from_nlinks=2
jscs-backuppool-5090test-091606:1385395:1385829 [2] NCCL INFO [YT-TRACE] [TOPO] node to_type=3 to_id=0x0 to_dev=-1 to_rank=-1 to_cc=-1 to_gdr=-1 to_nlinks=6
jscs-backuppool-5090test-091606:1385395:1385829 [2] NCCL INFO [YT-TRACE] [TOPO] link from_type=3 from_id=0x3 to_type=3 to_id=0x0 link_type=9 bw=40 total_bw=40
jscs-backuppool-5090test-091606:1385395:1385829 [2] NCCL INFO [YT-TRACE] [TOPO] node from_type=3 from_id=0x3 from_dev=-1 from_rank=-1 from_cc=-1 from_gdr=-1 from_nlinks=3
jscs-backuppool-5090test-091606:1385395:1385829 [2] NCCL INFO [YT-TRACE] [TOPO] node to_type=3 to_id=0x1 to_dev=-1 to_rank=-1 to_cc=-1 to_gdr=-1 to_nlinks=5
jscs-backuppool-5090test-091606:1385395:1385829 [2] NCCL INFO [YT-TRACE] [TOPO] link from_type=3 from_id=0x3 to_type=3 to_id=0x1 link_type=9 bw=40 total_bw=40
jscs-backuppool-5090test-091606:1385395:1385829 [2] NCCL INFO [YT-TRACE] [TOPO] node from_type=3 from_id=0x3 from_dev=-1 from_rank=-1 from_cc=-1 from_gdr=-1 from_nlinks=4
jscs-backuppool-5090test-091606:1385395:1385829 [2] NCCL INFO [YT-TRACE] [TOPO] node to_type=3 to_id=0x2 to_dev=-1 to_rank=-1 to_cc=-1 to_gdr=-1 to_nlinks=6
jscs-backuppool-5090test-091606:1385395:1385829 [2] NCCL INFO [YT-TRACE] [TOPO] link from_type=3 from_id=0x3 to_type=3 to_id=0x2 link_type=9 bw=40 total_bw=40
jscs-backuppool-5090test-091606:1385395:1385828 [1] NCCL INFO [YT-TRACE] [TOPO] node from_type=8 from_id=0x27000 from_dev=-1 from_rank=-1 from_cc=-1 from_gdr=-1 from_nlinks=1
jscs-backuppool-5090test-091606:1385395:1385828 [1] NCCL INFO [YT-TRACE] [TOPO] node to_type=3 to_id=0x0 to_dev=-1 to_rank=-1 to_cc=-1 to_gdr=-1 to_nlinks=0
jscs-backuppool-5090test-091606:1385395:1385828 [1] NCCL INFO [YT-TRACE] [TOPO] link from_type=8 from_id=0x27000 to_type=3 to_id=0x0 link_type=4 bw=48 total_bw=48
jscs-backuppool-5090test-091606:1385395:1385828 [1] NCCL INFO [YT-TRACE] [TOPO] node from_type=3 from_id=0x0 from_dev=-1 from_rank=-1 from_cc=-1 from_gdr=-1 from_nlinks=1
jscs-backuppool-5090test-091606:1385395:1385828 [1] NCCL INFO [YT-TRACE] [TOPO] node to_type=8 to_id=0x27000 to_dev=-1 to_rank=-1 to_cc=-1 to_gdr=-1 to_nlinks=1
jscs-backuppool-5090test-091606:1385395:1385828 [1] NCCL INFO [YT-TRACE] [TOPO] link from_type=3 from_id=0x0 to_type=8 to_id=0x27000 link_type=4 bw=48 total_bw=48
jscs-backuppool-5090test-091606:1385395:1385828 [1] NCCL INFO [YT-TRACE] [TOPO] node from_type=8 from_id=0x27000 from_dev=-1 from_rank=-1 from_cc=-1 from_gdr=-1 from_nlinks=2
jscs-backuppool-5090test-091606:1385395:1385828 [1] NCCL INFO [YT-TRACE] [TOPO] node to_type=0 to_id=0x27000 to_dev=0 to_rank=0 to_cc=120 to_gdr=0 to_nlinks=0
jscs-backuppool-5090test-091606:1385395:1385828 [1] NCCL INFO [YT-TRACE] [TOPO] link from_type=8 from_id=0x27000 to_type=0 to_id=0x27000 link_type=0 bw=5000 total_bw=5000
jscs-backuppool-5090test-091606:1385395:1385828 [1] NCCL INFO [YT-TRACE] [TOPO] node from_type=0 from_id=0x27000 from_dev=0 from_rank=0 from_cc=120 from_gdr=0 from_nlinks=1
jscs-backuppool-5090test-091606:1385395:1385828 [1] NCCL INFO [YT-TRACE] [TOPO] node to_type=8 to_id=0x27000 to_dev=-1 to_rank=-1 to_cc=-1 to_gdr=-1 to_nlinks=2
jscs-backuppool-5090test-091606:1385395:1385828 [1] NCCL INFO [YT-TRACE] [TOPO] link from_type=0 from_id=0x27000 to_type=8 to_id=0x27000 link_type=0 bw=5000 total_bw=5000
jscs-backuppool-5090test-091606:1385395:1385828 [1] NCCL INFO [YT-TRACE] [TOPO] node from_type=3 from_id=0x0 from_dev=-1 from_rank=-1 from_cc=-1 from_gdr=-1 from_nlinks=2
jscs-backuppool-5090test-091606:1385395:1385828 [1] NCCL INFO [YT-TRACE] [TOPO] node to_type=4 to_id=0x0 to_dev=-1 to_rank=-1 to_cc=-1 to_gdr=-1 to_nlinks=0
jscs-backuppool-5090test-091606:1385395:1385828 [1] NCCL INFO [YT-TRACE] [TOPO] link from_type=3 from_id=0x0 to_type=4 to_id=0x0 link_type=4 bw=5000 total_bw=5000
jscs-backuppool-5090test-091606:1385395:1385828 [1] NCCL INFO [YT-TRACE] [TOPO] node from_type=4 from_id=0x0 from_dev=-1 from_rank=-1 from_cc=-1 from_gdr=-1 from_nlinks=1
jscs-backuppool-5090test-091606:1385395:1385828 [1] NCCL INFO [YT-TRACE] [TOPO] node to_type=3 to_id=0x0 to_dev=-1 to_rank=-1 to_cc=-1 to_gdr=-1 to_nlinks=2
jscs-backuppool-5090test-091606:1385395:1385828 [1] NCCL INFO [YT-TRACE] [TOPO] link from_type=4 from_id=0x0 to_type=3 to_id=0x0 link_type=4 bw=5000 total_bw=5000
jscs-backuppool-5090test-091606:1385395:1385828 [1] NCCL INFO [YT-TRACE] [TOPO] node from_type=4 from_id=0x0 from_dev=-1 from_rank=-1 from_cc=-1 from_gdr=-1 from_nlinks=2
jscs-backuppool-5090test-091606:1385395:1385828 [1] NCCL INFO [YT-TRACE] [TOPO] node to_type=5 to_id=0x0 to_dev=-1 to_rank=-1 to_cc=-1 to_gdr=-1 to_nlinks=0
jscs-backuppool-5090test-091606:1385395:1385828 [1] NCCL INFO [YT-TRACE] [TOPO] link from_type=4 from_id=0x0 to_type=5 to_id=0x0 link_type=10 bw=25 total_bw=25
jscs-backuppool-5090test-091606:1385395:1385828 [1] NCCL INFO [YT-TRACE] [TOPO] node from_type=5 from_id=0x0 from_dev=-1 from_rank=-1 from_cc=-1 from_gdr=-1 from_nlinks=1
jscs-backuppool-5090test-091606:1385395:1385828 [1] NCCL INFO [YT-TRACE] [TOPO] node to_type=4 to_id=0x0 to_dev=-1 to_rank=-1 to_cc=-1 to_gdr=-1 to_nlinks=2
jscs-backuppool-5090test-091606:1385395:1385828 [1] NCCL INFO [YT-TRACE] [TOPO] link from_type=5 from_id=0x0 to_type=4 to_id=0x0 link_type=10 bw=25 total_bw=25
jscs-backuppool-5090test-091606:1385395:1385828 [1] NCCL INFO [YT-TRACE] [TOPO] node from_type=8 from_id=0x38000 from_dev=-1 from_rank=-1 from_cc=-1 from_gdr=-1 from_nlinks=1
jscs-backuppool-5090test-091606:1385395:1385828 [1] NCCL INFO [YT-TRACE] [TOPO] node to_type=3 to_id=0x0 to_dev=-1 to_rank=-1 to_cc=-1 to_gdr=-1 to_nlinks=2
jscs-backuppool-5090test-091606:1385395:1385828 [1] NCCL INFO [YT-TRACE] [TOPO] link from_type=8 from_id=0x38000 to_type=3 to_id=0x0 link_type=4 bw=48 total_bw=48
jscs-backuppool-5090test-091606:1385395:1385828 [1] NCCL INFO [YT-TRACE] [TOPO] node from_type=3 from_id=0x0 from_dev=-1 from_rank=-1 from_cc=-1 from_gdr=-1 from_nlinks=3
jscs-backuppool-5090test-091606:1385395:1385828 [1] NCCL INFO [YT-TRACE] [TOPO] node to_type=8 to_id=0x38000 to_dev=-1 to_rank=-1 to_cc=-1 to_gdr=-1 to_nlinks=1
jscs-backuppool-5090test-091606:1385395:1385828 [1] NCCL INFO [YT-TRACE] [TOPO] link from_type=3 from_id=0x0 to_type=8 to_id=0x38000 link_type=4 bw=48 total_bw=48
jscs-backuppool-5090test-091606:1385395:1385828 [1] NCCL INFO [YT-TRACE] [TOPO] node from_type=8 from_id=0x38000 from_dev=-1 from_rank=-1 from_cc=-1 from_gdr=-1 from_nlinks=2
jscs-backuppool-5090test-091606:1385395:1385828 [1] NCCL INFO [YT-TRACE] [TOPO] node to_type=0 to_id=0x38000 to_dev=1 to_rank=1 to_cc=120 to_gdr=0 to_nlinks=0
jscs-backuppool-5090test-091606:1385395:1385828 [1] NCCL INFO [YT-TRACE] [TOPO] link from_type=8 from_id=0x38000 to_type=0 to_id=0x38000 link_type=0 bw=5000 total_bw=5000
jscs-backuppool-5090test-091606:1385395:1385828 [1] NCCL INFO [YT-TRACE] [TOPO] node from_type=0 from_id=0x38000 from_dev=1 from_rank=1 from_cc=120 from_gdr=0 from_nlinks=1
jscs-backuppool-5090test-091606:1385395:1385828 [1] NCCL INFO [YT-TRACE] [TOPO] node to_type=8 to_id=0x38000 to_dev=-1 to_rank=-1 to_cc=-1 to_gdr=-1 to_nlinks=2
jscs-backuppool-5090test-091606:1385395:1385828 [1] NCCL INFO [YT-TRACE] [TOPO] link from_type=0 from_id=0x38000 to_type=8 to_id=0x38000 link_type=0 bw=5000 total_bw=5000
jscs-backuppool-5090test-091606:1385395:1385828 [1] NCCL INFO [YT-TRACE] [TOPO] node from_type=8 from_id=0x49000 from_dev=-1 from_rank=-1 from_cc=-1 from_gdr=-1 from_nlinks=1
jscs-backuppool-5090test-091606:1385395:1385828 [1] NCCL INFO [YT-TRACE] [TOPO] node to_type=3 to_id=0x1 to_dev=-1 to_rank=-1 to_cc=-1 to_gdr=-1 to_nlinks=0
jscs-backuppool-5090test-091606:1385395:1385828 [1] NCCL INFO [YT-TRACE] [TOPO] link from_type=8 from_id=0x49000 to_type=3 to_id=0x1 link_type=4 bw=48 total_bw=48
jscs-backuppool-5090test-091606:1385395:1385828 [1] NCCL INFO [YT-TRACE] [TOPO] node from_type=3 from_id=0x1 from_dev=-1 from_rank=-1 from_cc=-1 from_gdr=-1 from_nlinks=1
jscs-backuppool-5090test-091606:1385395:1385828 [1] NCCL INFO [YT-TRACE] [TOPO] node to_type=8 to_id=0x49000 to_dev=-1 to_rank=-1 to_cc=-1 to_gdr=-1 to_nlinks=1
jscs-backuppool-5090test-091606:1385395:1385828 [1] NCCL INFO [YT-TRACE] [TOPO] link from_type=3 from_id=0x1 to_type=8 to_id=0x49000 link_type=4 bw=48 total_bw=48
jscs-backuppool-5090test-091606:1385395:1385828 [1] NCCL INFO [YT-TRACE] [TOPO] node from_type=8 from_id=0x49000 from_dev=-1 from_rank=-1 from_cc=-1 from_gdr=-1 from_nlinks=2
jscs-backuppool-5090test-091606:1385395:1385828 [1] NCCL INFO [YT-TRACE] [TOPO] node to_type=0 to_id=0x49000 to_dev=2 to_rank=2 to_cc=120 to_gdr=0 to_nlinks=0
jscs-backuppool-5090test-091606:1385395:1385828 [1] NCCL INFO [YT-TRACE] [TOPO] link from_type=8 from_id=0x49000 to_type=0 to_id=0x49000 link_type=0 bw=5000 total_bw=5000
jscs-backuppool-5090test-091606:1385395:1385828 [1] NCCL INFO [YT-TRACE] [TOPO] node from_type=0 from_id=0x49000 from_dev=2 from_rank=2 from_cc=120 from_gdr=0 from_nlinks=1
jscs-backuppool-5090test-091606:1385395:1385828 [1] NCCL INFO [YT-TRACE] [TOPO] node to_type=8 to_id=0x49000 to_dev=-1 to_rank=-1 to_cc=-1 to_gdr=-1 to_nlinks=2
jscs-backuppool-5090test-091606:1385395:1385828 [1] NCCL INFO [YT-TRACE] [TOPO] link from_type=0 from_id=0x49000 to_type=8 to_id=0x49000 link_type=0 bw=5000 total_bw=5000
jscs-backuppool-5090test-091606:1385395:1385828 [1] NCCL INFO [YT-TRACE] [TOPO] node from_type=4 from_id=0x0 from_dev=-1 from_rank=-1 from_cc=-1 from_gdr=-1 from_nlinks=3
jscs-backuppool-5090test-091606:1385395:1385828 [1] NCCL INFO [YT-TRACE] [TOPO] node to_type=5 to_id=0x0 to_dev=-1 to_rank=-1 to_cc=-1 to_gdr=-1 to_nlinks=0
jscs-backuppool-5090test-091606:1385395:1385828 [1] NCCL INFO [YT-TRACE] [TOPO] link from_type=4 from_id=0x0 to_type=5 to_id=0x0 link_type=10 bw=25 total_bw=25
jscs-backuppool-5090test-091606:1385395:1385828 [1] NCCL INFO [YT-TRACE] [TOPO] node from_type=5 from_id=0x0 from_dev=-1 from_rank=-1 from_cc=-1 from_gdr=-1 from_nlinks=1
jscs-backuppool-5090test-091606:1385395:1385828 [1] NCCL INFO [YT-TRACE] [TOPO] node to_type=4 to_id=0x0 to_dev=-1 to_rank=-1 to_cc=-1 to_gdr=-1 to_nlinks=3
jscs-backuppool-5090test-091606:1385395:1385828 [1] NCCL INFO [YT-TRACE] [TOPO] link from_type=5 from_id=0x0 to_type=4 to_id=0x0 link_type=10 bw=25 total_bw=25
jscs-backuppool-5090test-091606:1385395:1385828 [1] NCCL INFO [YT-TRACE] [TOPO] node from_type=8 from_id=0x5a000 from_dev=-1 from_rank=-1 from_cc=-1 from_gdr=-1 from_nlinks=1
jscs-backuppool-5090test-091606:1385395:1385828 [1] NCCL INFO [YT-TRACE] [TOPO] node to_type=3 to_id=0x1 to_dev=-1 to_rank=-1 to_cc=-1 to_gdr=-1 to_nlinks=1
jscs-backuppool-5090test-091606:1385395:1385828 [1] NCCL INFO [YT-TRACE] [TOPO] link from_type=8 from_id=0x5a000 to_type=3 to_id=0x1 link_type=4 bw=48 total_bw=48
jscs-backuppool-5090test-091606:1385395:1385828 [1] NCCL INFO [YT-TRACE] [TOPO] node from_type=3 from_id=0x1 from_dev=-1 from_rank=-1 from_cc=-1 from_gdr=-1 from_nlinks=2
jscs-backuppool-5090test-091606:1385395:1385828 [1] NCCL INFO [YT-TRACE] [TOPO] node to_type=8 to_id=0x5a000 to_dev=-1 to_rank=-1 to_cc=-1 to_gdr=-1 to_nlinks=1
jscs-backuppool-5090test-091606:1385395:1385828 [1] NCCL INFO [YT-TRACE] [TOPO] link from_type=3 from_id=0x1 to_type=8 to_id=0x5a000 link_type=4 bw=48 total_bw=48
jscs-backuppool-5090test-091606:1385395:1385828 [1] NCCL INFO [YT-TRACE] [TOPO] node from_type=8 from_id=0x5a000 from_dev=-1 from_rank=-1 from_cc=-1 from_gdr=-1 from_nlinks=2
jscs-backuppool-5090test-091606:1385395:1385828 [1] NCCL INFO [YT-TRACE] [TOPO] node to_type=0 to_id=0x5a000 to_dev=3 to_rank=3 to_cc=120 to_gdr=0 to_nlinks=0
jscs-backuppool-5090test-091606:1385395:1385828 [1] NCCL INFO [YT-TRACE] [TOPO] link from_type=8 from_id=0x5a000 to_type=0 to_id=0x5a000 link_type=0 bw=5000 total_bw=5000
jscs-backuppool-5090test-091606:1385395:1385828 [1] NCCL INFO [YT-TRACE] [TOPO] node from_type=0 from_id=0x5a000 from_dev=3 from_rank=3 from_cc=120 from_gdr=0 from_nlinks=1
jscs-backuppool-5090test-091606:1385395:1385828 [1] NCCL INFO [YT-TRACE] [TOPO] node to_type=8 to_id=0x5a000 to_dev=-1 to_rank=-1 to_cc=-1 to_gdr=-1 to_nlinks=2
jscs-backuppool-5090test-091606:1385395:1385828 [1] NCCL INFO [YT-TRACE] [TOPO] link from_type=0 from_id=0x5a000 to_type=8 to_id=0x5a000 link_type=0 bw=5000 total_bw=5000
jscs-backuppool-5090test-091606:1385395:1385828 [1] NCCL INFO [YT-TRACE] [TOPO] node from_type=8 from_id=0x98000 from_dev=-1 from_rank=-1 from_cc=-1 from_gdr=-1 from_nlinks=1
jscs-backuppool-5090test-091606:1385395:1385828 [1] NCCL INFO [YT-TRACE] [TOPO] node to_type=3 to_id=0x2 to_dev=-1 to_rank=-1 to_cc=-1 to_gdr=-1 to_nlinks=0
jscs-backuppool-5090test-091606:1385395:1385828 [1] NCCL INFO [YT-TRACE] [TOPO] link from_type=8 from_id=0x98000 to_type=3 to_id=0x2 link_type=4 bw=48 total_bw=48
jscs-backuppool-5090test-091606:1385395:1385828 [1] NCCL INFO [YT-TRACE] [TOPO] node from_type=3 from_id=0x2 from_dev=-1 from_rank=-1 from_cc=-1 from_gdr=-1 from_nlinks=1
jscs-backuppool-5090test-091606:1385395:1385828 [1] NCCL INFO [YT-TRACE] [TOPO] node to_type=8 to_id=0x98000 to_dev=-1 to_rank=-1 to_cc=-1 to_gdr=-1 to_nlinks=1
jscs-backuppool-5090test-091606:1385395:1385828 [1] NCCL INFO [YT-TRACE] [TOPO] link from_type=3 from_id=0x2 to_type=8 to_id=0x98000 link_type=4 bw=48 total_bw=48
jscs-backuppool-5090test-091606:1385395:1385828 [1] NCCL INFO [YT-TRACE] [TOPO] node from_type=8 from_id=0x98000 from_dev=-1 from_rank=-1 from_cc=-1 from_gdr=-1 from_nlinks=2
jscs-backuppool-5090test-091606:1385395:1385828 [1] NCCL INFO [YT-TRACE] [TOPO] node to_type=0 to_id=0x98000 to_dev=4 to_rank=4 to_cc=120 to_gdr=0 to_nlinks=0
jscs-backuppool-5090test-091606:1385395:1385828 [1] NCCL INFO [YT-TRACE] [TOPO] link from_type=8 from_id=0x98000 to_type=0 to_id=0x98000 link_type=0 bw=5000 total_bw=5000
jscs-backuppool-5090test-091606:1385395:1385828 [1] NCCL INFO [YT-TRACE] [TOPO] node from_type=0 from_id=0x98000 from_dev=4 from_rank=4 from_cc=120 from_gdr=0 from_nlinks=1
jscs-backuppool-5090test-091606:1385395:1385828 [1] NCCL INFO [YT-TRACE] [TOPO] node to_type=8 to_id=0x98000 to_dev=-1 to_rank=-1 to_cc=-1 to_gdr=-1 to_nlinks=2
jscs-backuppool-5090test-091606:1385395:1385828 [1] NCCL INFO [YT-TRACE] [TOPO] link from_type=0 from_id=0x98000 to_type=8 to_id=0x98000 link_type=0 bw=5000 total_bw=5000
jscs-backuppool-5090test-091606:1385395:1385828 [1] NCCL INFO [YT-TRACE] [TOPO] node from_type=4 from_id=0x0 from_dev=-1 from_rank=-1 from_cc=-1 from_gdr=-1 from_nlinks=4
jscs-backuppool-5090test-091606:1385395:1385828 [1] NCCL INFO [YT-TRACE] [TOPO] node to_type=5 to_id=0x0 to_dev=-1 to_rank=-1 to_cc=-1 to_gdr=-1 to_nlinks=0
jscs-backuppool-5090test-091606:1385395:1385828 [1] NCCL INFO [YT-TRACE] [TOPO] link from_type=4 from_id=0x0 to_type=5 to_id=0x0 link_type=10 bw=25 total_bw=25
jscs-backuppool-5090test-091606:1385395:1385828 [1] NCCL INFO [YT-TRACE] [TOPO] node from_type=5 from_id=0x0 from_dev=-1 from_rank=-1 from_cc=-1 from_gdr=-1 from_nlinks=1
jscs-backuppool-5090test-091606:1385395:1385828 [1] NCCL INFO [YT-TRACE] [TOPO] node to_type=4 to_id=0x0 to_dev=-1 to_rank=-1 to_cc=-1 to_gdr=-1 to_nlinks=4
jscs-backuppool-5090test-091606:1385395:1385828 [1] NCCL INFO [YT-TRACE] [TOPO] link from_type=5 from_id=0x0 to_type=4 to_id=0x0 link_type=10 bw=25 total_bw=25
jscs-backuppool-5090test-091606:1385395:1385828 [1] NCCL INFO [YT-TRACE] [TOPO] node from_type=8 from_id=0xa8000 from_dev=-1 from_rank=-1 from_cc=-1 from_gdr=-1 from_nlinks=1
jscs-backuppool-5090test-091606:1385395:1385828 [1] NCCL INFO [YT-TRACE] [TOPO] node to_type=3 to_id=0x2 to_dev=-1 to_rank=-1 to_cc=-1 to_gdr=-1 to_nlinks=1
jscs-backuppool-5090test-091606:1385395:1385828 [1] NCCL INFO [YT-TRACE] [TOPO] link from_type=8 from_id=0xa8000 to_type=3 to_id=0x2 link_type=4 bw=48 total_bw=48
jscs-backuppool-5090test-091606:1385395:1385828 [1] NCCL INFO [YT-TRACE] [TOPO] node from_type=3 from_id=0x2 from_dev=-1 from_rank=-1 from_cc=-1 from_gdr=-1 from_nlinks=2
jscs-backuppool-5090test-091606:1385395:1385828 [1] NCCL INFO [YT-TRACE] [TOPO] node to_type=8 to_id=0xa8000 to_dev=-1 to_rank=-1 to_cc=-1 to_gdr=-1 to_nlinks=1
jscs-backuppool-5090test-091606:1385395:1385828 [1] NCCL INFO [YT-TRACE] [TOPO] link from_type=3 from_id=0x2 to_type=8 to_id=0xa8000 link_type=4 bw=48 total_bw=48
jscs-backuppool-5090test-091606:1385395:1385828 [1] NCCL INFO [YT-TRACE] [TOPO] node from_type=8 from_id=0xa8000 from_dev=-1 from_rank=-1 from_cc=-1 from_gdr=-1 from_nlinks=2
jscs-backuppool-5090test-091606:1385395:1385828 [1] NCCL INFO [YT-TRACE] [TOPO] node to_type=0 to_id=0xa8000 to_dev=5 to_rank=5 to_cc=120 to_gdr=0 to_nlinks=0
jscs-backuppool-5090test-091606:1385395:1385828 [1] NCCL INFO [YT-TRACE] [TOPO] link from_type=8 from_id=0xa8000 to_type=0 to_id=0xa8000 link_type=0 bw=5000 total_bw=5000
jscs-backuppool-5090test-091606:1385395:1385828 [1] NCCL INFO [YT-TRACE] [TOPO] node from_type=0 from_id=0xa8000 from_dev=5 from_rank=5 from_cc=120 from_gdr=0 from_nlinks=1
jscs-backuppool-5090test-091606:1385395:1385828 [1] NCCL INFO [YT-TRACE] [TOPO] node to_type=8 to_id=0xa8000 to_dev=-1 to_rank=-1 to_cc=-1 to_gdr=-1 to_nlinks=2
jscs-backuppool-5090test-091606:1385395:1385828 [1] NCCL INFO [YT-TRACE] [TOPO] link from_type=0 from_id=0xa8000 to_type=8 to_id=0xa8000 link_type=0 bw=5000 total_bw=5000
jscs-backuppool-5090test-091606:1385395:1385828 [1] NCCL INFO [YT-TRACE] [TOPO] node from_type=8 from_id=0xb8000 from_dev=-1 from_rank=-1 from_cc=-1 from_gdr=-1 from_nlinks=1
jscs-backuppool-5090test-091606:1385395:1385828 [1] NCCL INFO [YT-TRACE] [TOPO] node to_type=3 to_id=0x2 to_dev=-1 to_rank=-1 to_cc=-1 to_gdr=-1 to_nlinks=2
jscs-backuppool-5090test-091606:1385395:1385828 [1] NCCL INFO [YT-TRACE] [TOPO] link from_type=8 from_id=0xb8000 to_type=3 to_id=0x2 link_type=4 bw=48 total_bw=48
jscs-backuppool-5090test-091606:1385395:1385828 [1] NCCL INFO [YT-TRACE] [TOPO] node from_type=3 from_id=0x2 from_dev=-1 from_rank=-1 from_cc=-1 from_gdr=-1 from_nlinks=3
jscs-backuppool-5090test-091606:1385395:1385828 [1] NCCL INFO [YT-TRACE] [TOPO] node to_type=8 to_id=0xb8000 to_dev=-1 to_rank=-1 to_cc=-1 to_gdr=-1 to_nlinks=1
jscs-backuppool-5090test-091606:1385395:1385828 [1] NCCL INFO [YT-TRACE] [TOPO] link from_type=3 from_id=0x2 to_type=8 to_id=0xb8000 link_type=4 bw=48 total_bw=48
jscs-backuppool-5090test-091606:1385395:1385828 [1] NCCL INFO [YT-TRACE] [TOPO] node from_type=8 from_id=0xb8000 from_dev=-1 from_rank=-1 from_cc=-1 from_gdr=-1 from_nlinks=2
jscs-backuppool-5090test-091606:1385395:1385828 [1] NCCL INFO [YT-TRACE] [TOPO] node to_type=0 to_id=0xb8000 to_dev=6 to_rank=6 to_cc=120 to_gdr=0 to_nlinks=0
jscs-backuppool-5090test-091606:1385395:1385828 [1] NCCL INFO [YT-TRACE] [TOPO] link from_type=8 from_id=0xb8000 to_type=0 to_id=0xb8000 link_type=0 bw=5000 total_bw=5000
jscs-backuppool-5090test-091606:1385395:1385828 [1] NCCL INFO [YT-TRACE] [TOPO] node from_type=0 from_id=0xb8000 from_dev=6 from_rank=6 from_cc=120 from_gdr=0 from_nlinks=1
jscs-backuppool-5090test-091606:1385395:1385828 [1] NCCL INFO [YT-TRACE] [TOPO] node to_type=8 to_id=0xb8000 to_dev=-1 to_rank=-1 to_cc=-1 to_gdr=-1 to_nlinks=2
jscs-backuppool-5090test-091606:1385395:1385828 [1] NCCL INFO [YT-TRACE] [TOPO] link from_type=0 from_id=0xb8000 to_type=8 to_id=0xb8000 link_type=0 bw=5000 total_bw=5000
jscs-backuppool-5090test-091606:1385395:1385828 [1] NCCL INFO [YT-TRACE] [TOPO] node from_type=8 from_id=0xc8000 from_dev=-1 from_rank=-1 from_cc=-1 from_gdr=-1 from_nlinks=1
jscs-backuppool-5090test-091606:1385395:1385828 [1] NCCL INFO [YT-TRACE] [TOPO] node to_type=3 to_id=0x3 to_dev=-1 to_rank=-1 to_cc=-1 to_gdr=-1 to_nlinks=0
jscs-backuppool-5090test-091606:1385395:1385828 [1] NCCL INFO [YT-TRACE] [TOPO] link from_type=8 from_id=0xc8000 to_type=3 to_id=0x3 link_type=4 bw=48 total_bw=48
jscs-backuppool-5090test-091606:1385395:1385828 [1] NCCL INFO [YT-TRACE] [TOPO] node from_type=3 from_id=0x3 from_dev=-1 from_rank=-1 from_cc=-1 from_gdr=-1 from_nlinks=1
jscs-backuppool-5090test-091606:1385395:1385828 [1] NCCL INFO [YT-TRACE] [TOPO] node to_type=8 to_id=0xc8000 to_dev=-1 to_rank=-1 to_cc=-1 to_gdr=-1 to_nlinks=1
jscs-backuppool-5090test-091606:1385395:1385828 [1] NCCL INFO [YT-TRACE] [TOPO] link from_type=3 from_id=0x3 to_type=8 to_id=0xc8000 link_type=4 bw=48 total_bw=48
jscs-backuppool-5090test-091606:1385395:1385828 [1] NCCL INFO [YT-TRACE] [TOPO] node from_type=8 from_id=0xc8000 from_dev=-1 from_rank=-1 from_cc=-1 from_gdr=-1 from_nlinks=2
jscs-backuppool-5090test-091606:1385395:1385828 [1] NCCL INFO [YT-TRACE] [TOPO] node to_type=0 to_id=0xc8000 to_dev=7 to_rank=7 to_cc=120 to_gdr=0 to_nlinks=0
jscs-backuppool-5090test-091606:1385395:1385828 [1] NCCL INFO [YT-TRACE] [TOPO] link from_type=8 from_id=0xc8000 to_type=0 to_id=0xc8000 link_type=0 bw=5000 total_bw=5000
jscs-backuppool-5090test-091606:1385395:1385828 [1] NCCL INFO [YT-TRACE] [TOPO] node from_type=0 from_id=0xc8000 from_dev=7 from_rank=7 from_cc=120 from_gdr=0 from_nlinks=1
jscs-backuppool-5090test-091606:1385395:1385828 [1] NCCL INFO [YT-TRACE] [TOPO] node to_type=8 to_id=0xc8000 to_dev=-1 to_rank=-1 to_cc=-1 to_gdr=-1 to_nlinks=2
jscs-backuppool-5090test-091606:1385395:1385828 [1] NCCL INFO [YT-TRACE] [TOPO] link from_type=0 from_id=0xc8000 to_type=8 to_id=0xc8000 link_type=0 bw=5000 total_bw=5000
jscs-backuppool-5090test-091606:1385395:1385828 [1] NCCL INFO [YT-TRACE] [TOPO] node from_type=4 from_id=0x0 from_dev=-1 from_rank=-1 from_cc=-1 from_gdr=-1 from_nlinks=5
jscs-backuppool-5090test-091606:1385395:1385828 [1] NCCL INFO [YT-TRACE] [TOPO] node to_type=5 to_id=0x0 to_dev=-1 to_rank=-1 to_cc=-1 to_gdr=-1 to_nlinks=0
jscs-backuppool-5090test-091606:1385395:1385828 [1] NCCL INFO [YT-TRACE] [TOPO] link from_type=4 from_id=0x0 to_type=5 to_id=0x0 link_type=10 bw=25 total_bw=25
jscs-backuppool-5090test-091606:1385395:1385828 [1] NCCL INFO [YT-TRACE] [TOPO] node from_type=5 from_id=0x0 from_dev=-1 from_rank=-1 from_cc=-1 from_gdr=-1 from_nlinks=1
jscs-backuppool-5090test-091606:1385395:1385828 [1] NCCL INFO [YT-TRACE] [TOPO] node to_type=4 to_id=0x0 to_dev=-1 to_rank=-1 to_cc=-1 to_gdr=-1 to_nlinks=5
jscs-backuppool-5090test-091606:1385395:1385828 [1] NCCL INFO [YT-TRACE] [TOPO] link from_type=5 from_id=0x0 to_type=4 to_id=0x0 link_type=10 bw=25 total_bw=25
jscs-backuppool-5090test-091606:1385395:1385828 [1] NCCL INFO [YT-TRACE] [TOPO] node from_type=3 from_id=0x0 from_dev=-1 from_rank=-1 from_cc=-1 from_gdr=-1 from_nlinks=4
jscs-backuppool-5090test-091606:1385395:1385828 [1] NCCL INFO [YT-TRACE] [TOPO] node to_type=3 to_id=0x1 to_dev=-1 to_rank=-1 to_cc=-1 to_gdr=-1 to_nlinks=2
jscs-backuppool-5090test-091606:1385395:1385828 [1] NCCL INFO [YT-TRACE] [TOPO] link from_type=3 from_id=0x0 to_type=3 to_id=0x1 link_type=9 bw=40 total_bw=40
jscs-backuppool-5090test-091606:1385395:1385828 [1] NCCL INFO [YT-TRACE] [TOPO] node from_type=3 from_id=0x0 from_dev=-1 from_rank=-1 from_cc=-1 from_gdr=-1 from_nlinks=5
jscs-backuppool-5090test-091606:1385395:1385828 [1] NCCL INFO [YT-TRACE] [TOPO] node to_type=3 to_id=0x2 to_dev=-1 to_rank=-1 to_cc=-1 to_gdr=-1 to_nlinks=3
jscs-backuppool-5090test-091606:1385395:1385828 [1] NCCL INFO [YT-TRACE] [TOPO] link from_type=3 from_id=0x0 to_type=3 to_id=0x2 link_type=9 bw=40 total_bw=40
jscs-backuppool-5090test-091606:1385395:1385828 [1] NCCL INFO [YT-TRACE] [TOPO] node from_type=3 from_id=0x0 from_dev=-1 from_rank=-1 from_cc=-1 from_gdr=-1 from_nlinks=6
jscs-backuppool-5090test-091606:1385395:1385828 [1] NCCL INFO [YT-TRACE] [TOPO] node to_type=3 to_id=0x3 to_dev=-1 to_rank=-1 to_cc=-1 to_gdr=-1 to_nlinks=1
jscs-backuppool-5090test-091606:1385395:1385828 [1] NCCL INFO [YT-TRACE] [TOPO] link from_type=3 from_id=0x0 to_type=3 to_id=0x3 link_type=9 bw=40 total_bw=40
jscs-backuppool-5090test-091606:1385395:1385828 [1] NCCL INFO [YT-TRACE] [TOPO] node from_type=3 from_id=0x1 from_dev=-1 from_rank=-1 from_cc=-1 from_gdr=-1 from_nlinks=3
jscs-backuppool-5090test-091606:1385395:1385828 [1] NCCL INFO [YT-TRACE] [TOPO] node to_type=3 to_id=0x0 to_dev=-1 to_rank=-1 to_cc=-1 to_gdr=-1 to_nlinks=6
jscs-backuppool-5090test-091606:1385395:1385828 [1] NCCL INFO [YT-TRACE] [TOPO] link from_type=3 from_id=0x1 to_type=3 to_id=0x0 link_type=9 bw=40 total_bw=40
jscs-backuppool-5090test-091606:1385395:1385828 [1] NCCL INFO [YT-TRACE] [TOPO] node from_type=3 from_id=0x1 from_dev=-1 from_rank=-1 from_cc=-1 from_gdr=-1 from_nlinks=4
jscs-backuppool-5090test-091606:1385395:1385828 [1] NCCL INFO [YT-TRACE] [TOPO] node to_type=3 to_id=0x2 to_dev=-1 to_rank=-1 to_cc=-1 to_gdr=-1 to_nlinks=3
jscs-backuppool-5090test-091606:1385395:1385828 [1] NCCL INFO [YT-TRACE] [TOPO] link from_type=3 from_id=0x1 to_type=3 to_id=0x2 link_type=9 bw=40 total_bw=40
jscs-backuppool-5090test-091606:1385395:1385828 [1] NCCL INFO [YT-TRACE] [TOPO] node from_type=3 from_id=0x1 from_dev=-1 from_rank=-1 from_cc=-1 from_gdr=-1 from_nlinks=5
jscs-backuppool-5090test-091606:1385395:1385828 [1] NCCL INFO [YT-TRACE] [TOPO] node to_type=3 to_id=0x3 to_dev=-1 to_rank=-1 to_cc=-1 to_gdr=-1 to_nlinks=1
jscs-backuppool-5090test-091606:1385395:1385828 [1] NCCL INFO [YT-TRACE] [TOPO] link from_type=3 from_id=0x1 to_type=3 to_id=0x3 link_type=9 bw=40 total_bw=40
jscs-backuppool-5090test-091606:1385395:1385828 [1] NCCL INFO [YT-TRACE] [TOPO] node from_type=3 from_id=0x2 from_dev=-1 from_rank=-1 from_cc=-1 from_gdr=-1 from_nlinks=4
jscs-backuppool-5090test-091606:1385395:1385828 [1] NCCL INFO [YT-TRACE] [TOPO] node to_type=3 to_id=0x0 to_dev=-1 to_rank=-1 to_cc=-1 to_gdr=-1 to_nlinks=6
jscs-backuppool-5090test-091606:1385395:1385828 [1] NCCL INFO [YT-TRACE] [TOPO] link from_type=3 from_id=0x2 to_type=3 to_id=0x0 link_type=9 bw=40 total_bw=40
jscs-backuppool-5090test-091606:1385395:1385828 [1] NCCL INFO [YT-TRACE] [TOPO] node from_type=3 from_id=0x2 from_dev=-1 from_rank=-1 from_cc=-1 from_gdr=-1 from_nlinks=5
jscs-backuppool-5090test-091606:1385395:1385828 [1] NCCL INFO [YT-TRACE] [TOPO] node to_type=3 to_id=0x1 to_dev=-1 to_rank=-1 to_cc=-1 to_gdr=-1 to_nlinks=5
jscs-backuppool-5090test-091606:1385395:1385828 [1] NCCL INFO [YT-TRACE] [TOPO] link from_type=3 from_id=0x2 to_type=3 to_id=0x1 link_type=9 bw=40 total_bw=40
jscs-backuppool-5090test-091606:1385395:1385828 [1] NCCL INFO [YT-TRACE] [TOPO] node from_type=3 from_id=0x2 from_dev=-1 from_rank=-1 from_cc=-1 from_gdr=-1 from_nlinks=6
jscs-backuppool-5090test-091606:1385395:1385828 [1] NCCL INFO [YT-TRACE] [TOPO] node to_type=3 to_id=0x3 to_dev=-1 to_rank=-1 to_cc=-1 to_gdr=-1 to_nlinks=1
jscs-backuppool-5090test-091606:1385395:1385828 [1] NCCL INFO [YT-TRACE] [TOPO] link from_type=3 from_id=0x2 to_type=3 to_id=0x3 link_type=9 bw=40 total_bw=40
jscs-backuppool-5090test-091606:1385395:1385828 [1] NCCL INFO [YT-TRACE] [TOPO] node from_type=3 from_id=0x3 from_dev=-1 from_rank=-1 from_cc=-1 from_gdr=-1 from_nlinks=2
jscs-backuppool-5090test-091606:1385395:1385828 [1] NCCL INFO [YT-TRACE] [TOPO] node to_type=3 to_id=0x0 to_dev=-1 to_rank=-1 to_cc=-1 to_gdr=-1 to_nlinks=6
jscs-backuppool-5090test-091606:1385395:1385828 [1] NCCL INFO [YT-TRACE] [TOPO] link from_type=3 from_id=0x3 to_type=3 to_id=0x0 link_type=9 bw=40 total_bw=40
jscs-backuppool-5090test-091606:1385395:1385828 [1] NCCL INFO [YT-TRACE] [TOPO] node from_type=3 from_id=0x3 from_dev=-1 from_rank=-1 from_cc=-1 from_gdr=-1 from_nlinks=3
jscs-backuppool-5090test-091606:1385395:1385828 [1] NCCL INFO [YT-TRACE] [TOPO] node to_type=3 to_id=0x1 to_dev=-1 to_rank=-1 to_cc=-1 to_gdr=-1 to_nlinks=5
jscs-backuppool-5090test-091606:1385395:1385828 [1] NCCL INFO [YT-TRACE] [TOPO] link from_type=3 from_id=0x3 to_type=3 to_id=0x1 link_type=9 bw=40 total_bw=40
jscs-backuppool-5090test-091606:1385395:1385828 [1] NCCL INFO [YT-TRACE] [TOPO] node from_type=3 from_id=0x3 from_dev=-1 from_rank=-1 from_cc=-1 from_gdr=-1 from_nlinks=4
jscs-backuppool-5090test-091606:1385395:1385828 [1] NCCL INFO [YT-TRACE] [TOPO] node to_type=3 to_id=0x2 to_dev=-1 to_rank=-1 to_cc=-1 to_gdr=-1 to_nlinks=6
jscs-backuppool-5090test-091606:1385395:1385828 [1] NCCL INFO [YT-TRACE] [TOPO] link from_type=3 from_id=0x3 to_type=3 to_id=0x2 link_type=9 bw=40 total_bw=40
jscs-backuppool-5090test-091606:1385395:1385834 [7] NCCL INFO [YT-TRACE] [TOPO] node from_type=8 from_id=0x27000 from_dev=-1 from_rank=-1 from_cc=-1 from_gdr=-1 from_nlinks=1
jscs-backuppool-5090test-091606:1385395:1385834 [7] NCCL INFO [YT-TRACE] [TOPO] node to_type=3 to_id=0x0 to_dev=-1 to_rank=-1 to_cc=-1 to_gdr=-1 to_nlinks=0
jscs-backuppool-5090test-091606:1385395:1385834 [7] NCCL INFO [YT-TRACE] [TOPO] link from_type=8 from_id=0x27000 to_type=3 to_id=0x0 link_type=4 bw=48 total_bw=48
jscs-backuppool-5090test-091606:1385395:1385834 [7] NCCL INFO [YT-TRACE] [TOPO] node from_type=3 from_id=0x0 from_dev=-1 from_rank=-1 from_cc=-1 from_gdr=-1 from_nlinks=1
jscs-backuppool-5090test-091606:1385395:1385834 [7] NCCL INFO [YT-TRACE] [TOPO] node to_type=8 to_id=0x27000 to_dev=-1 to_rank=-1 to_cc=-1 to_gdr=-1 to_nlinks=1
jscs-backuppool-5090test-091606:1385395:1385834 [7] NCCL INFO [YT-TRACE] [TOPO] link from_type=3 from_id=0x0 to_type=8 to_id=0x27000 link_type=4 bw=48 total_bw=48
jscs-backuppool-5090test-091606:1385395:1385834 [7] NCCL INFO [YT-TRACE] [TOPO] node from_type=8 from_id=0x27000 from_dev=-1 from_rank=-1 from_cc=-1 from_gdr=-1 from_nlinks=2
jscs-backuppool-5090test-091606:1385395:1385834 [7] NCCL INFO [YT-TRACE] [TOPO] node to_type=0 to_id=0x27000 to_dev=0 to_rank=0 to_cc=120 to_gdr=0 to_nlinks=0
jscs-backuppool-5090test-091606:1385395:1385834 [7] NCCL INFO [YT-TRACE] [TOPO] link from_type=8 from_id=0x27000 to_type=0 to_id=0x27000 link_type=0 bw=5000 total_bw=5000
jscs-backuppool-5090test-091606:1385395:1385834 [7] NCCL INFO [YT-TRACE] [TOPO] node from_type=0 from_id=0x27000 from_dev=0 from_rank=0 from_cc=120 from_gdr=0 from_nlinks=1
jscs-backuppool-5090test-091606:1385395:1385834 [7] NCCL INFO [YT-TRACE] [TOPO] node to_type=8 to_id=0x27000 to_dev=-1 to_rank=-1 to_cc=-1 to_gdr=-1 to_nlinks=2
jscs-backuppool-5090test-091606:1385395:1385834 [7] NCCL INFO [YT-TRACE] [TOPO] link from_type=0 from_id=0x27000 to_type=8 to_id=0x27000 link_type=0 bw=5000 total_bw=5000
jscs-backuppool-5090test-091606:1385395:1385834 [7] NCCL INFO [YT-TRACE] [TOPO] node from_type=3 from_id=0x0 from_dev=-1 from_rank=-1 from_cc=-1 from_gdr=-1 from_nlinks=2
jscs-backuppool-5090test-091606:1385395:1385834 [7] NCCL INFO [YT-TRACE] [TOPO] node to_type=4 to_id=0x0 to_dev=-1 to_rank=-1 to_cc=-1 to_gdr=-1 to_nlinks=0
jscs-backuppool-5090test-091606:1385395:1385834 [7] NCCL INFO [YT-TRACE] [TOPO] link from_type=3 from_id=0x0 to_type=4 to_id=0x0 link_type=4 bw=5000 total_bw=5000
jscs-backuppool-5090test-091606:1385395:1385834 [7] NCCL INFO [YT-TRACE] [TOPO] node from_type=4 from_id=0x0 from_dev=-1 from_rank=-1 from_cc=-1 from_gdr=-1 from_nlinks=1
jscs-backuppool-5090test-091606:1385395:1385834 [7] NCCL INFO [YT-TRACE] [TOPO] node to_type=3 to_id=0x0 to_dev=-1 to_rank=-1 to_cc=-1 to_gdr=-1 to_nlinks=2
jscs-backuppool-5090test-091606:1385395:1385834 [7] NCCL INFO [YT-TRACE] [TOPO] link from_type=4 from_id=0x0 to_type=3 to_id=0x0 link_type=4 bw=5000 total_bw=5000
jscs-backuppool-5090test-091606:1385395:1385834 [7] NCCL INFO [YT-TRACE] [TOPO] node from_type=4 from_id=0x0 from_dev=-1 from_rank=-1 from_cc=-1 from_gdr=-1 from_nlinks=2
jscs-backuppool-5090test-091606:1385395:1385834 [7] NCCL INFO [YT-TRACE] [TOPO] node to_type=5 to_id=0x0 to_dev=-1 to_rank=-1 to_cc=-1 to_gdr=-1 to_nlinks=0
jscs-backuppool-5090test-091606:1385395:1385834 [7] NCCL INFO [YT-TRACE] [TOPO] link from_type=4 from_id=0x0 to_type=5 to_id=0x0 link_type=10 bw=25 total_bw=25
jscs-backuppool-5090test-091606:1385395:1385834 [7] NCCL INFO [YT-TRACE] [TOPO] node from_type=5 from_id=0x0 from_dev=-1 from_rank=-1 from_cc=-1 from_gdr=-1 from_nlinks=1
jscs-backuppool-5090test-091606:1385395:1385834 [7] NCCL INFO [YT-TRACE] [TOPO] node to_type=4 to_id=0x0 to_dev=-1 to_rank=-1 to_cc=-1 to_gdr=-1 to_nlinks=2
jscs-backuppool-5090test-091606:1385395:1385834 [7] NCCL INFO [YT-TRACE] [TOPO] link from_type=5 from_id=0x0 to_type=4 to_id=0x0 link_type=10 bw=25 total_bw=25
jscs-backuppool-5090test-091606:1385395:1385834 [7] NCCL INFO [YT-TRACE] [TOPO] node from_type=8 from_id=0x38000 from_dev=-1 from_rank=-1 from_cc=-1 from_gdr=-1 from_nlinks=1
jscs-backuppool-5090test-091606:1385395:1385834 [7] NCCL INFO [YT-TRACE] [TOPO] node to_type=3 to_id=0x0 to_dev=-1 to_rank=-1 to_cc=-1 to_gdr=-1 to_nlinks=2
jscs-backuppool-5090test-091606:1385395:1385834 [7] NCCL INFO [YT-TRACE] [TOPO] link from_type=8 from_id=0x38000 to_type=3 to_id=0x0 link_type=4 bw=48 total_bw=48
jscs-backuppool-5090test-091606:1385395:1385834 [7] NCCL INFO [YT-TRACE] [TOPO] node from_type=3 from_id=0x0 from_dev=-1 from_rank=-1 from_cc=-1 from_gdr=-1 from_nlinks=3
jscs-backuppool-5090test-091606:1385395:1385834 [7] NCCL INFO [YT-TRACE] [TOPO] node to_type=8 to_id=0x38000 to_dev=-1 to_rank=-1 to_cc=-1 to_gdr=-1 to_nlinks=1
jscs-backuppool-5090test-091606:1385395:1385834 [7] NCCL INFO [YT-TRACE] [TOPO] link from_type=3 from_id=0x0 to_type=8 to_id=0x38000 link_type=4 bw=48 total_bw=48
jscs-backuppool-5090test-091606:1385395:1385834 [7] NCCL INFO [YT-TRACE] [TOPO] node from_type=8 from_id=0x38000 from_dev=-1 from_rank=-1 from_cc=-1 from_gdr=-1 from_nlinks=2
jscs-backuppool-5090test-091606:1385395:1385834 [7] NCCL INFO [YT-TRACE] [TOPO] node to_type=0 to_id=0x38000 to_dev=1 to_rank=1 to_cc=120 to_gdr=0 to_nlinks=0
jscs-backuppool-5090test-091606:1385395:1385834 [7] NCCL INFO [YT-TRACE] [TOPO] link from_type=8 from_id=0x38000 to_type=0 to_id=0x38000 link_type=0 bw=5000 total_bw=5000
jscs-backuppool-5090test-091606:1385395:1385834 [7] NCCL INFO [YT-TRACE] [TOPO] node from_type=0 from_id=0x38000 from_dev=1 from_rank=1 from_cc=120 from_gdr=0 from_nlinks=1
jscs-backuppool-5090test-091606:1385395:1385834 [7] NCCL INFO [YT-TRACE] [TOPO] node to_type=8 to_id=0x38000 to_dev=-1 to_rank=-1 to_cc=-1 to_gdr=-1 to_nlinks=2
jscs-backuppool-5090test-091606:1385395:1385834 [7] NCCL INFO [YT-TRACE] [TOPO] link from_type=0 from_id=0x38000 to_type=8 to_id=0x38000 link_type=0 bw=5000 total_bw=5000
jscs-backuppool-5090test-091606:1385395:1385834 [7] NCCL INFO [YT-TRACE] [TOPO] node from_type=8 from_id=0x49000 from_dev=-1 from_rank=-1 from_cc=-1 from_gdr=-1 from_nlinks=1
jscs-backuppool-5090test-091606:1385395:1385834 [7] NCCL INFO [YT-TRACE] [TOPO] node to_type=3 to_id=0x1 to_dev=-1 to_rank=-1 to_cc=-1 to_gdr=-1 to_nlinks=0
jscs-backuppool-5090test-091606:1385395:1385834 [7] NCCL INFO [YT-TRACE] [TOPO] link from_type=8 from_id=0x49000 to_type=3 to_id=0x1 link_type=4 bw=48 total_bw=48
jscs-backuppool-5090test-091606:1385395:1385834 [7] NCCL INFO [YT-TRACE] [TOPO] node from_type=3 from_id=0x1 from_dev=-1 from_rank=-1 from_cc=-1 from_gdr=-1 from_nlinks=1
jscs-backuppool-5090test-091606:1385395:1385834 [7] NCCL INFO [YT-TRACE] [TOPO] node to_type=8 to_id=0x49000 to_dev=-1 to_rank=-1 to_cc=-1 to_gdr=-1 to_nlinks=1
jscs-backuppool-5090test-091606:1385395:1385834 [7] NCCL INFO [YT-TRACE] [TOPO] link from_type=3 from_id=0x1 to_type=8 to_id=0x49000 link_type=4 bw=48 total_bw=48
jscs-backuppool-5090test-091606:1385395:1385834 [7] NCCL INFO [YT-TRACE] [TOPO] node from_type=8 from_id=0x49000 from_dev=-1 from_rank=-1 from_cc=-1 from_gdr=-1 from_nlinks=2
jscs-backuppool-5090test-091606:1385395:1385834 [7] NCCL INFO [YT-TRACE] [TOPO] node to_type=0 to_id=0x49000 to_dev=2 to_rank=2 to_cc=120 to_gdr=0 to_nlinks=0
jscs-backuppool-5090test-091606:1385395:1385834 [7] NCCL INFO [YT-TRACE] [TOPO] link from_type=8 from_id=0x49000 to_type=0 to_id=0x49000 link_type=0 bw=5000 total_bw=5000
jscs-backuppool-5090test-091606:1385395:1385834 [7] NCCL INFO [YT-TRACE] [TOPO] node from_type=0 from_id=0x49000 from_dev=2 from_rank=2 from_cc=120 from_gdr=0 from_nlinks=1
jscs-backuppool-5090test-091606:1385395:1385834 [7] NCCL INFO [YT-TRACE] [TOPO] node to_type=8 to_id=0x49000 to_dev=-1 to_rank=-1 to_cc=-1 to_gdr=-1 to_nlinks=2
jscs-backuppool-5090test-091606:1385395:1385834 [7] NCCL INFO [YT-TRACE] [TOPO] link from_type=0 from_id=0x49000 to_type=8 to_id=0x49000 link_type=0 bw=5000 total_bw=5000
jscs-backuppool-5090test-091606:1385395:1385834 [7] NCCL INFO [YT-TRACE] [TOPO] node from_type=4 from_id=0x0 from_dev=-1 from_rank=-1 from_cc=-1 from_gdr=-1 from_nlinks=3
jscs-backuppool-5090test-091606:1385395:1385834 [7] NCCL INFO [YT-TRACE] [TOPO] node to_type=5 to_id=0x0 to_dev=-1 to_rank=-1 to_cc=-1 to_gdr=-1 to_nlinks=0
jscs-backuppool-5090test-091606:1385395:1385834 [7] NCCL INFO [YT-TRACE] [TOPO] link from_type=4 from_id=0x0 to_type=5 to_id=0x0 link_type=10 bw=25 total_bw=25
jscs-backuppool-5090test-091606:1385395:1385834 [7] NCCL INFO [YT-TRACE] [TOPO] node from_type=5 from_id=0x0 from_dev=-1 from_rank=-1 from_cc=-1 from_gdr=-1 from_nlinks=1
jscs-backuppool-5090test-091606:1385395:1385834 [7] NCCL INFO [YT-TRACE] [TOPO] node to_type=4 to_id=0x0 to_dev=-1 to_rank=-1 to_cc=-1 to_gdr=-1 to_nlinks=3
jscs-backuppool-5090test-091606:1385395:1385834 [7] NCCL INFO [YT-TRACE] [TOPO] link from_type=5 from_id=0x0 to_type=4 to_id=0x0 link_type=10 bw=25 total_bw=25
jscs-backuppool-5090test-091606:1385395:1385834 [7] NCCL INFO [YT-TRACE] [TOPO] node from_type=8 from_id=0x5a000 from_dev=-1 from_rank=-1 from_cc=-1 from_gdr=-1 from_nlinks=1
jscs-backuppool-5090test-091606:1385395:1385834 [7] NCCL INFO [YT-TRACE] [TOPO] node to_type=3 to_id=0x1 to_dev=-1 to_rank=-1 to_cc=-1 to_gdr=-1 to_nlinks=1
jscs-backuppool-5090test-091606:1385395:1385834 [7] NCCL INFO [YT-TRACE] [TOPO] link from_type=8 from_id=0x5a000 to_type=3 to_id=0x1 link_type=4 bw=48 total_bw=48
jscs-backuppool-5090test-091606:1385395:1385834 [7] NCCL INFO [YT-TRACE] [TOPO] node from_type=3 from_id=0x1 from_dev=-1 from_rank=-1 from_cc=-1 from_gdr=-1 from_nlinks=2
jscs-backuppool-5090test-091606:1385395:1385834 [7] NCCL INFO [YT-TRACE] [TOPO] node to_type=8 to_id=0x5a000 to_dev=-1 to_rank=-1 to_cc=-1 to_gdr=-1 to_nlinks=1
jscs-backuppool-5090test-091606:1385395:1385834 [7] NCCL INFO [YT-TRACE] [TOPO] link from_type=3 from_id=0x1 to_type=8 to_id=0x5a000 link_type=4 bw=48 total_bw=48
jscs-backuppool-5090test-091606:1385395:1385834 [7] NCCL INFO [YT-TRACE] [TOPO] node from_type=8 from_id=0x5a000 from_dev=-1 from_rank=-1 from_cc=-1 from_gdr=-1 from_nlinks=2
jscs-backuppool-5090test-091606:1385395:1385834 [7] NCCL INFO [YT-TRACE] [TOPO] node to_type=0 to_id=0x5a000 to_dev=3 to_rank=3 to_cc=120 to_gdr=0 to_nlinks=0
jscs-backuppool-5090test-091606:1385395:1385834 [7] NCCL INFO [YT-TRACE] [TOPO] link from_type=8 from_id=0x5a000 to_type=0 to_id=0x5a000 link_type=0 bw=5000 total_bw=5000
jscs-backuppool-5090test-091606:1385395:1385834 [7] NCCL INFO [YT-TRACE] [TOPO] node from_type=0 from_id=0x5a000 from_dev=3 from_rank=3 from_cc=120 from_gdr=0 from_nlinks=1
jscs-backuppool-5090test-091606:1385395:1385834 [7] NCCL INFO [YT-TRACE] [TOPO] node to_type=8 to_id=0x5a000 to_dev=-1 to_rank=-1 to_cc=-1 to_gdr=-1 to_nlinks=2
jscs-backuppool-5090test-091606:1385395:1385834 [7] NCCL INFO [YT-TRACE] [TOPO] link from_type=0 from_id=0x5a000 to_type=8 to_id=0x5a000 link_type=0 bw=5000 total_bw=5000
jscs-backuppool-5090test-091606:1385395:1385834 [7] NCCL INFO [YT-TRACE] [TOPO] node from_type=8 from_id=0x98000 from_dev=-1 from_rank=-1 from_cc=-1 from_gdr=-1 from_nlinks=1
jscs-backuppool-5090test-091606:1385395:1385834 [7] NCCL INFO [YT-TRACE] [TOPO] node to_type=3 to_id=0x2 to_dev=-1 to_rank=-1 to_cc=-1 to_gdr=-1 to_nlinks=0
jscs-backuppool-5090test-091606:1385395:1385834 [7] NCCL INFO [YT-TRACE] [TOPO] link from_type=8 from_id=0x98000 to_type=3 to_id=0x2 link_type=4 bw=48 total_bw=48
jscs-backuppool-5090test-091606:1385395:1385834 [7] NCCL INFO [YT-TRACE] [TOPO] node from_type=3 from_id=0x2 from_dev=-1 from_rank=-1 from_cc=-1 from_gdr=-1 from_nlinks=1
jscs-backuppool-5090test-091606:1385395:1385834 [7] NCCL INFO [YT-TRACE] [TOPO] node to_type=8 to_id=0x98000 to_dev=-1 to_rank=-1 to_cc=-1 to_gdr=-1 to_nlinks=1
jscs-backuppool-5090test-091606:1385395:1385834 [7] NCCL INFO [YT-TRACE] [TOPO] link from_type=3 from_id=0x2 to_type=8 to_id=0x98000 link_type=4 bw=48 total_bw=48
jscs-backuppool-5090test-091606:1385395:1385834 [7] NCCL INFO [YT-TRACE] [TOPO] node from_type=8 from_id=0x98000 from_dev=-1 from_rank=-1 from_cc=-1 from_gdr=-1 from_nlinks=2
jscs-backuppool-5090test-091606:1385395:1385834 [7] NCCL INFO [YT-TRACE] [TOPO] node to_type=0 to_id=0x98000 to_dev=4 to_rank=4 to_cc=120 to_gdr=0 to_nlinks=0
jscs-backuppool-5090test-091606:1385395:1385834 [7] NCCL INFO [YT-TRACE] [TOPO] link from_type=8 from_id=0x98000 to_type=0 to_id=0x98000 link_type=0 bw=5000 total_bw=5000
jscs-backuppool-5090test-091606:1385395:1385834 [7] NCCL INFO [YT-TRACE] [TOPO] node from_type=0 from_id=0x98000 from_dev=4 from_rank=4 from_cc=120 from_gdr=0 from_nlinks=1
jscs-backuppool-5090test-091606:1385395:1385834 [7] NCCL INFO [YT-TRACE] [TOPO] node to_type=8 to_id=0x98000 to_dev=-1 to_rank=-1 to_cc=-1 to_gdr=-1 to_nlinks=2
jscs-backuppool-5090test-091606:1385395:1385834 [7] NCCL INFO [YT-TRACE] [TOPO] link from_type=0 from_id=0x98000 to_type=8 to_id=0x98000 link_type=0 bw=5000 total_bw=5000
jscs-backuppool-5090test-091606:1385395:1385834 [7] NCCL INFO [YT-TRACE] [TOPO] node from_type=4 from_id=0x0 from_dev=-1 from_rank=-1 from_cc=-1 from_gdr=-1 from_nlinks=4
jscs-backuppool-5090test-091606:1385395:1385834 [7] NCCL INFO [YT-TRACE] [TOPO] node to_type=5 to_id=0x0 to_dev=-1 to_rank=-1 to_cc=-1 to_gdr=-1 to_nlinks=0
jscs-backuppool-5090test-091606:1385395:1385834 [7] NCCL INFO [YT-TRACE] [TOPO] link from_type=4 from_id=0x0 to_type=5 to_id=0x0 link_type=10 bw=25 total_bw=25
jscs-backuppool-5090test-091606:1385395:1385834 [7] NCCL INFO [YT-TRACE] [TOPO] node from_type=5 from_id=0x0 from_dev=-1 from_rank=-1 from_cc=-1 from_gdr=-1 from_nlinks=1
jscs-backuppool-5090test-091606:1385395:1385834 [7] NCCL INFO [YT-TRACE] [TOPO] node to_type=4 to_id=0x0 to_dev=-1 to_rank=-1 to_cc=-1 to_gdr=-1 to_nlinks=4
jscs-backuppool-5090test-091606:1385395:1385834 [7] NCCL INFO [YT-TRACE] [TOPO] link from_type=5 from_id=0x0 to_type=4 to_id=0x0 link_type=10 bw=25 total_bw=25
jscs-backuppool-5090test-091606:1385395:1385834 [7] NCCL INFO [YT-TRACE] [TOPO] node from_type=8 from_id=0xa8000 from_dev=-1 from_rank=-1 from_cc=-1 from_gdr=-1 from_nlinks=1
jscs-backuppool-5090test-091606:1385395:1385834 [7] NCCL INFO [YT-TRACE] [TOPO] node to_type=3 to_id=0x2 to_dev=-1 to_rank=-1 to_cc=-1 to_gdr=-1 to_nlinks=1
jscs-backuppool-5090test-091606:1385395:1385834 [7] NCCL INFO [YT-TRACE] [TOPO] link from_type=8 from_id=0xa8000 to_type=3 to_id=0x2 link_type=4 bw=48 total_bw=48
jscs-backuppool-5090test-091606:1385395:1385834 [7] NCCL INFO [YT-TRACE] [TOPO] node from_type=3 from_id=0x2 from_dev=-1 from_rank=-1 from_cc=-1 from_gdr=-1 from_nlinks=2
jscs-backuppool-5090test-091606:1385395:1385834 [7] NCCL INFO [YT-TRACE] [TOPO] node to_type=8 to_id=0xa8000 to_dev=-1 to_rank=-1 to_cc=-1 to_gdr=-1 to_nlinks=1
jscs-backuppool-5090test-091606:1385395:1385834 [7] NCCL INFO [YT-TRACE] [TOPO] link from_type=3 from_id=0x2 to_type=8 to_id=0xa8000 link_type=4 bw=48 total_bw=48
jscs-backuppool-5090test-091606:1385395:1385834 [7] NCCL INFO [YT-TRACE] [TOPO] node from_type=8 from_id=0xa8000 from_dev=-1 from_rank=-1 from_cc=-1 from_gdr=-1 from_nlinks=2
jscs-backuppool-5090test-091606:1385395:1385834 [7] NCCL INFO [YT-TRACE] [TOPO] node to_type=0 to_id=0xa8000 to_dev=5 to_rank=5 to_cc=120 to_gdr=0 to_nlinks=0
jscs-backuppool-5090test-091606:1385395:1385834 [7] NCCL INFO [YT-TRACE] [TOPO] link from_type=8 from_id=0xa8000 to_type=0 to_id=0xa8000 link_type=0 bw=5000 total_bw=5000
jscs-backuppool-5090test-091606:1385395:1385834 [7] NCCL INFO [YT-TRACE] [TOPO] node from_type=0 from_id=0xa8000 from_dev=5 from_rank=5 from_cc=120 from_gdr=0 from_nlinks=1
jscs-backuppool-5090test-091606:1385395:1385834 [7] NCCL INFO [YT-TRACE] [TOPO] node to_type=8 to_id=0xa8000 to_dev=-1 to_rank=-1 to_cc=-1 to_gdr=-1 to_nlinks=2
jscs-backuppool-5090test-091606:1385395:1385834 [7] NCCL INFO [YT-TRACE] [TOPO] link from_type=0 from_id=0xa8000 to_type=8 to_id=0xa8000 link_type=0 bw=5000 total_bw=5000
jscs-backuppool-5090test-091606:1385395:1385834 [7] NCCL INFO [YT-TRACE] [TOPO] node from_type=8 from_id=0xb8000 from_dev=-1 from_rank=-1 from_cc=-1 from_gdr=-1 from_nlinks=1
jscs-backuppool-5090test-091606:1385395:1385834 [7] NCCL INFO [YT-TRACE] [TOPO] node to_type=3 to_id=0x2 to_dev=-1 to_rank=-1 to_cc=-1 to_gdr=-1 to_nlinks=2
jscs-backuppool-5090test-091606:1385395:1385834 [7] NCCL INFO [YT-TRACE] [TOPO] link from_type=8 from_id=0xb8000 to_type=3 to_id=0x2 link_type=4 bw=48 total_bw=48
jscs-backuppool-5090test-091606:1385395:1385834 [7] NCCL INFO [YT-TRACE] [TOPO] node from_type=3 from_id=0x2 from_dev=-1 from_rank=-1 from_cc=-1 from_gdr=-1 from_nlinks=3
jscs-backuppool-5090test-091606:1385395:1385834 [7] NCCL INFO [YT-TRACE] [TOPO] node to_type=8 to_id=0xb8000 to_dev=-1 to_rank=-1 to_cc=-1 to_gdr=-1 to_nlinks=1
jscs-backuppool-5090test-091606:1385395:1385834 [7] NCCL INFO [YT-TRACE] [TOPO] link from_type=3 from_id=0x2 to_type=8 to_id=0xb8000 link_type=4 bw=48 total_bw=48
jscs-backuppool-5090test-091606:1385395:1385834 [7] NCCL INFO [YT-TRACE] [TOPO] node from_type=8 from_id=0xb8000 from_dev=-1 from_rank=-1 from_cc=-1 from_gdr=-1 from_nlinks=2
jscs-backuppool-5090test-091606:1385395:1385834 [7] NCCL INFO [YT-TRACE] [TOPO] node to_type=0 to_id=0xb8000 to_dev=6 to_rank=6 to_cc=120 to_gdr=0 to_nlinks=0
jscs-backuppool-5090test-091606:1385395:1385834 [7] NCCL INFO [YT-TRACE] [TOPO] link from_type=8 from_id=0xb8000 to_type=0 to_id=0xb8000 link_type=0 bw=5000 total_bw=5000
jscs-backuppool-5090test-091606:1385395:1385834 [7] NCCL INFO [YT-TRACE] [TOPO] node from_type=0 from_id=0xb8000 from_dev=6 from_rank=6 from_cc=120 from_gdr=0 from_nlinks=1
jscs-backuppool-5090test-091606:1385395:1385834 [7] NCCL INFO [YT-TRACE] [TOPO] node to_type=8 to_id=0xb8000 to_dev=-1 to_rank=-1 to_cc=-1 to_gdr=-1 to_nlinks=2
jscs-backuppool-5090test-091606:1385395:1385834 [7] NCCL INFO [YT-TRACE] [TOPO] link from_type=0 from_id=0xb8000 to_type=8 to_id=0xb8000 link_type=0 bw=5000 total_bw=5000
jscs-backuppool-5090test-091606:1385395:1385834 [7] NCCL INFO [YT-TRACE] [TOPO] node from_type=8 from_id=0xc8000 from_dev=-1 from_rank=-1 from_cc=-1 from_gdr=-1 from_nlinks=1
jscs-backuppool-5090test-091606:1385395:1385834 [7] NCCL INFO [YT-TRACE] [TOPO] node to_type=3 to_id=0x3 to_dev=-1 to_rank=-1 to_cc=-1 to_gdr=-1 to_nlinks=0
jscs-backuppool-5090test-091606:1385395:1385834 [7] NCCL INFO [YT-TRACE] [TOPO] link from_type=8 from_id=0xc8000 to_type=3 to_id=0x3 link_type=4 bw=48 total_bw=48
jscs-backuppool-5090test-091606:1385395:1385834 [7] NCCL INFO [YT-TRACE] [TOPO] node from_type=3 from_id=0x3 from_dev=-1 from_rank=-1 from_cc=-1 from_gdr=-1 from_nlinks=1
jscs-backuppool-5090test-091606:1385395:1385834 [7] NCCL INFO [YT-TRACE] [TOPO] node to_type=8 to_id=0xc8000 to_dev=-1 to_rank=-1 to_cc=-1 to_gdr=-1 to_nlinks=1
jscs-backuppool-5090test-091606:1385395:1385834 [7] NCCL INFO [YT-TRACE] [TOPO] link from_type=3 from_id=0x3 to_type=8 to_id=0xc8000 link_type=4 bw=48 total_bw=48
jscs-backuppool-5090test-091606:1385395:1385834 [7] NCCL INFO [YT-TRACE] [TOPO] node from_type=8 from_id=0xc8000 from_dev=-1 from_rank=-1 from_cc=-1 from_gdr=-1 from_nlinks=2
jscs-backuppool-5090test-091606:1385395:1385834 [7] NCCL INFO [YT-TRACE] [TOPO] node to_type=0 to_id=0xc8000 to_dev=7 to_rank=7 to_cc=120 to_gdr=0 to_nlinks=0
jscs-backuppool-5090test-091606:1385395:1385834 [7] NCCL INFO [YT-TRACE] [TOPO] link from_type=8 from_id=0xc8000 to_type=0 to_id=0xc8000 link_type=0 bw=5000 total_bw=5000
jscs-backuppool-5090test-091606:1385395:1385834 [7] NCCL INFO [YT-TRACE] [TOPO] node from_type=0 from_id=0xc8000 from_dev=7 from_rank=7 from_cc=120 from_gdr=0 from_nlinks=1
jscs-backuppool-5090test-091606:1385395:1385834 [7] NCCL INFO [YT-TRACE] [TOPO] node to_type=8 to_id=0xc8000 to_dev=-1 to_rank=-1 to_cc=-1 to_gdr=-1 to_nlinks=2
jscs-backuppool-5090test-091606:1385395:1385834 [7] NCCL INFO [YT-TRACE] [TOPO] link from_type=0 from_id=0xc8000 to_type=8 to_id=0xc8000 link_type=0 bw=5000 total_bw=5000
jscs-backuppool-5090test-091606:1385395:1385834 [7] NCCL INFO [YT-TRACE] [TOPO] node from_type=4 from_id=0x0 from_dev=-1 from_rank=-1 from_cc=-1 from_gdr=-1 from_nlinks=5
jscs-backuppool-5090test-091606:1385395:1385834 [7] NCCL INFO [YT-TRACE] [TOPO] node to_type=5 to_id=0x0 to_dev=-1 to_rank=-1 to_cc=-1 to_gdr=-1 to_nlinks=0
jscs-backuppool-5090test-091606:1385395:1385834 [7] NCCL INFO [YT-TRACE] [TOPO] link from_type=4 from_id=0x0 to_type=5 to_id=0x0 link_type=10 bw=25 total_bw=25
jscs-backuppool-5090test-091606:1385395:1385834 [7] NCCL INFO [YT-TRACE] [TOPO] node from_type=5 from_id=0x0 from_dev=-1 from_rank=-1 from_cc=-1 from_gdr=-1 from_nlinks=1
jscs-backuppool-5090test-091606:1385395:1385834 [7] NCCL INFO [YT-TRACE] [TOPO] node to_type=4 to_id=0x0 to_dev=-1 to_rank=-1 to_cc=-1 to_gdr=-1 to_nlinks=5
jscs-backuppool-5090test-091606:1385395:1385834 [7] NCCL INFO [YT-TRACE] [TOPO] link from_type=5 from_id=0x0 to_type=4 to_id=0x0 link_type=10 bw=25 total_bw=25
jscs-backuppool-5090test-091606:1385395:1385834 [7] NCCL INFO [YT-TRACE] [TOPO] node from_type=3 from_id=0x0 from_dev=-1 from_rank=-1 from_cc=-1 from_gdr=-1 from_nlinks=4
jscs-backuppool-5090test-091606:1385395:1385834 [7] NCCL INFO [YT-TRACE] [TOPO] node to_type=3 to_id=0x1 to_dev=-1 to_rank=-1 to_cc=-1 to_gdr=-1 to_nlinks=2
jscs-backuppool-5090test-091606:1385395:1385834 [7] NCCL INFO [YT-TRACE] [TOPO] link from_type=3 from_id=0x0 to_type=3 to_id=0x1 link_type=9 bw=40 total_bw=40
jscs-backuppool-5090test-091606:1385395:1385834 [7] NCCL INFO [YT-TRACE] [TOPO] node from_type=3 from_id=0x0 from_dev=-1 from_rank=-1 from_cc=-1 from_gdr=-1 from_nlinks=5
jscs-backuppool-5090test-091606:1385395:1385834 [7] NCCL INFO [YT-TRACE] [TOPO] node to_type=3 to_id=0x2 to_dev=-1 to_rank=-1 to_cc=-1 to_gdr=-1 to_nlinks=3
jscs-backuppool-5090test-091606:1385395:1385834 [7] NCCL INFO [YT-TRACE] [TOPO] link from_type=3 from_id=0x0 to_type=3 to_id=0x2 link_type=9 bw=40 total_bw=40
jscs-backuppool-5090test-091606:1385395:1385834 [7] NCCL INFO [YT-TRACE] [TOPO] node from_type=3 from_id=0x0 from_dev=-1 from_rank=-1 from_cc=-1 from_gdr=-1 from_nlinks=6
jscs-backuppool-5090test-091606:1385395:1385834 [7] NCCL INFO [YT-TRACE] [TOPO] node to_type=3 to_id=0x3 to_dev=-1 to_rank=-1 to_cc=-1 to_gdr=-1 to_nlinks=1
jscs-backuppool-5090test-091606:1385395:1385834 [7] NCCL INFO [YT-TRACE] [TOPO] link from_type=3 from_id=0x0 to_type=3 to_id=0x3 link_type=9 bw=40 total_bw=40
jscs-backuppool-5090test-091606:1385395:1385834 [7] NCCL INFO [YT-TRACE] [TOPO] node from_type=3 from_id=0x1 from_dev=-1 from_rank=-1 from_cc=-1 from_gdr=-1 from_nlinks=3
jscs-backuppool-5090test-091606:1385395:1385834 [7] NCCL INFO [YT-TRACE] [TOPO] node to_type=3 to_id=0x0 to_dev=-1 to_rank=-1 to_cc=-1 to_gdr=-1 to_nlinks=6
jscs-backuppool-5090test-091606:1385395:1385834 [7] NCCL INFO [YT-TRACE] [TOPO] link from_type=3 from_id=0x1 to_type=3 to_id=0x0 link_type=9 bw=40 total_bw=40
jscs-backuppool-5090test-091606:1385395:1385834 [7] NCCL INFO [YT-TRACE] [TOPO] node from_type=3 from_id=0x1 from_dev=-1 from_rank=-1 from_cc=-1 from_gdr=-1 from_nlinks=4
jscs-backuppool-5090test-091606:1385395:1385834 [7] NCCL INFO [YT-TRACE] [TOPO] node to_type=3 to_id=0x2 to_dev=-1 to_rank=-1 to_cc=-1 to_gdr=-1 to_nlinks=3
jscs-backuppool-5090test-091606:1385395:1385834 [7] NCCL INFO [YT-TRACE] [TOPO] link from_type=3 from_id=0x1 to_type=3 to_id=0x2 link_type=9 bw=40 total_bw=40
jscs-backuppool-5090test-091606:1385395:1385832 [5] NCCL INFO [YT-TRACE] [TOPO] node from_type=8 from_id=0x27000 from_dev=-1 from_rank=-1 from_cc=-1 from_gdr=-1 from_nlinks=1
jscs-backuppool-5090test-091606:1385395:1385832 [5] NCCL INFO [YT-TRACE] [TOPO] node to_type=3 to_id=0x0 to_dev=-1 to_rank=-1 to_cc=-1 to_gdr=-1 to_nlinks=0
jscs-backuppool-5090test-091606:1385395:1385832 [5] NCCL INFO [YT-TRACE] [TOPO] link from_type=8 from_id=0x27000 to_type=3 to_id=0x0 link_type=4 bw=48 total_bw=48
jscs-backuppool-5090test-091606:1385395:1385832 [5] NCCL INFO [YT-TRACE] [TOPO] node from_type=3 from_id=0x0 from_dev=-1 from_rank=-1 from_cc=-1 from_gdr=-1 from_nlinks=1
jscs-backuppool-5090test-091606:1385395:1385832 [5] NCCL INFO [YT-TRACE] [TOPO] node to_type=8 to_id=0x27000 to_dev=-1 to_rank=-1 to_cc=-1 to_gdr=-1 to_nlinks=1
jscs-backuppool-5090test-091606:1385395:1385832 [5] NCCL INFO [YT-TRACE] [TOPO] link from_type=3 from_id=0x0 to_type=8 to_id=0x27000 link_type=4 bw=48 total_bw=48
jscs-backuppool-5090test-091606:1385395:1385834 [7] NCCL INFO [YT-TRACE] [TOPO] node from_type=3 from_id=0x1 from_dev=-1 from_rank=-1 from_cc=-1 from_gdr=-1 from_nlinks=5
jscs-backuppool-5090test-091606:1385395:1385834 [7] NCCL INFO [YT-TRACE] [TOPO] node to_type=3 to_id=0x3 to_dev=-1 to_rank=-1 to_cc=-1 to_gdr=-1 to_nlinks=1
jscs-backuppool-5090test-091606:1385395:1385834 [7] NCCL INFO [YT-TRACE] [TOPO] link from_type=3 from_id=0x1 to_type=3 to_id=0x3 link_type=9 bw=40 total_bw=40
jscs-backuppool-5090test-091606:1385395:1385834 [7] NCCL INFO [YT-TRACE] [TOPO] node from_type=3 from_id=0x2 from_dev=-1 from_rank=-1 from_cc=-1 from_gdr=-1 from_nlinks=4
jscs-backuppool-5090test-091606:1385395:1385834 [7] NCCL INFO [YT-TRACE] [TOPO] node to_type=3 to_id=0x0 to_dev=-1 to_rank=-1 to_cc=-1 to_gdr=-1 to_nlinks=6
jscs-backuppool-5090test-091606:1385395:1385834 [7] NCCL INFO [YT-TRACE] [TOPO] link from_type=3 from_id=0x2 to_type=3 to_id=0x0 link_type=9 bw=40 total_bw=40
jscs-backuppool-5090test-091606:1385395:1385834 [7] NCCL INFO [YT-TRACE] [TOPO] node from_type=3 from_id=0x2 from_dev=-1 from_rank=-1 from_cc=-1 from_gdr=-1 from_nlinks=5
jscs-backuppool-5090test-091606:1385395:1385834 [7] NCCL INFO [YT-TRACE] [TOPO] node to_type=3 to_id=0x1 to_dev=-1 to_rank=-1 to_cc=-1 to_gdr=-1 to_nlinks=5
jscs-backuppool-5090test-091606:1385395:1385834 [7] NCCL INFO [YT-TRACE] [TOPO] link from_type=3 from_id=0x2 to_type=3 to_id=0x1 link_type=9 bw=40 total_bw=40
jscs-backuppool-5090test-091606:1385395:1385834 [7] NCCL INFO [YT-TRACE] [TOPO] node from_type=3 from_id=0x2 from_dev=-1 from_rank=-1 from_cc=-1 from_gdr=-1 from_nlinks=6
jscs-backuppool-5090test-091606:1385395:1385834 [7] NCCL INFO [YT-TRACE] [TOPO] node to_type=3 to_id=0x3 to_dev=-1 to_rank=-1 to_cc=-1 to_gdr=-1 to_nlinks=1
jscs-backuppool-5090test-091606:1385395:1385834 [7] NCCL INFO [YT-TRACE] [TOPO] link from_type=3 from_id=0x2 to_type=3 to_id=0x3 link_type=9 bw=40 total_bw=40
jscs-backuppool-5090test-091606:1385395:1385834 [7] NCCL INFO [YT-TRACE] [TOPO] node from_type=3 from_id=0x3 from_dev=-1 from_rank=-1 from_cc=-1 from_gdr=-1 from_nlinks=2
jscs-backuppool-5090test-091606:1385395:1385834 [7] NCCL INFO [YT-TRACE] [TOPO] node to_type=3 to_id=0x0 to_dev=-1 to_rank=-1 to_cc=-1 to_gdr=-1 to_nlinks=6
jscs-backuppool-5090test-091606:1385395:1385834 [7] NCCL INFO [YT-TRACE] [TOPO] link from_type=3 from_id=0x3 to_type=3 to_id=0x0 link_type=9 bw=40 total_bw=40
jscs-backuppool-5090test-091606:1385395:1385834 [7] NCCL INFO [YT-TRACE] [TOPO] node from_type=3 from_id=0x3 from_dev=-1 from_rank=-1 from_cc=-1 from_gdr=-1 from_nlinks=3
jscs-backuppool-5090test-091606:1385395:1385834 [7] NCCL INFO [YT-TRACE] [TOPO] node to_type=3 to_id=0x1 to_dev=-1 to_rank=-1 to_cc=-1 to_gdr=-1 to_nlinks=5
jscs-backuppool-5090test-091606:1385395:1385834 [7] NCCL INFO [YT-TRACE] [TOPO] link from_type=3 from_id=0x3 to_type=3 to_id=0x1 link_type=9 bw=40 total_bw=40
jscs-backuppool-5090test-091606:1385395:1385834 [7] NCCL INFO [YT-TRACE] [TOPO] node from_type=3 from_id=0x3 from_dev=-1 from_rank=-1 from_cc=-1 from_gdr=-1 from_nlinks=4
jscs-backuppool-5090test-091606:1385395:1385834 [7] NCCL INFO [YT-TRACE] [TOPO] node to_type=3 to_id=0x2 to_dev=-1 to_rank=-1 to_cc=-1 to_gdr=-1 to_nlinks=6
jscs-backuppool-5090test-091606:1385395:1385832 [5] NCCL INFO [YT-TRACE] [TOPO] node from_type=8 from_id=0x27000 from_dev=-1 from_rank=-1 from_cc=-1 from_gdr=-1 from_nlinks=2
jscs-backuppool-5090test-091606:1385395:1385832 [5] NCCL INFO [YT-TRACE] [TOPO] node to_type=0 to_id=0x27000 to_dev=0 to_rank=0 to_cc=120 to_gdr=0 to_nlinks=0
jscs-backuppool-5090test-091606:1385395:1385832 [5] NCCL INFO [YT-TRACE] [TOPO] link from_type=8 from_id=0x27000 to_type=0 to_id=0x27000 link_type=0 bw=5000 total_bw=5000
jscs-backuppool-5090test-091606:1385395:1385834 [7] NCCL INFO [YT-TRACE] [TOPO] link from_type=3 from_id=0x3 to_type=3 to_id=0x2 link_type=9 bw=40 total_bw=40
jscs-backuppool-5090test-091606:1385395:1385832 [5] NCCL INFO [YT-TRACE] [TOPO] node from_type=0 from_id=0x27000 from_dev=0 from_rank=0 from_cc=120 from_gdr=0 from_nlinks=1
jscs-backuppool-5090test-091606:1385395:1385832 [5] NCCL INFO [YT-TRACE] [TOPO] node to_type=8 to_id=0x27000 to_dev=-1 to_rank=-1 to_cc=-1 to_gdr=-1 to_nlinks=2
jscs-backuppool-5090test-091606:1385395:1385832 [5] NCCL INFO [YT-TRACE] [TOPO] link from_type=0 from_id=0x27000 to_type=8 to_id=0x27000 link_type=0 bw=5000 total_bw=5000
jscs-backuppool-5090test-091606:1385395:1385832 [5] NCCL INFO [YT-TRACE] [TOPO] node from_type=3 from_id=0x0 from_dev=-1 from_rank=-1 from_cc=-1 from_gdr=-1 from_nlinks=2
jscs-backuppool-5090test-091606:1385395:1385832 [5] NCCL INFO [YT-TRACE] [TOPO] node to_type=4 to_id=0x0 to_dev=-1 to_rank=-1 to_cc=-1 to_gdr=-1 to_nlinks=0
jscs-backuppool-5090test-091606:1385395:1385832 [5] NCCL INFO [YT-TRACE] [TOPO] link from_type=3 from_id=0x0 to_type=4 to_id=0x0 link_type=4 bw=5000 total_bw=5000
jscs-backuppool-5090test-091606:1385395:1385832 [5] NCCL INFO [YT-TRACE] [TOPO] node from_type=4 from_id=0x0 from_dev=-1 from_rank=-1 from_cc=-1 from_gdr=-1 from_nlinks=1
jscs-backuppool-5090test-091606:1385395:1385832 [5] NCCL INFO [YT-TRACE] [TOPO] node to_type=3 to_id=0x0 to_dev=-1 to_rank=-1 to_cc=-1 to_gdr=-1 to_nlinks=2
jscs-backuppool-5090test-091606:1385395:1385832 [5] NCCL INFO [YT-TRACE] [TOPO] link from_type=4 from_id=0x0 to_type=3 to_id=0x0 link_type=4 bw=5000 total_bw=5000
jscs-backuppool-5090test-091606:1385395:1385832 [5] NCCL INFO [YT-TRACE] [TOPO] node from_type=4 from_id=0x0 from_dev=-1 from_rank=-1 from_cc=-1 from_gdr=-1 from_nlinks=2
jscs-backuppool-5090test-091606:1385395:1385832 [5] NCCL INFO [YT-TRACE] [TOPO] node to_type=5 to_id=0x0 to_dev=-1 to_rank=-1 to_cc=-1 to_gdr=-1 to_nlinks=0
jscs-backuppool-5090test-091606:1385395:1385832 [5] NCCL INFO [YT-TRACE] [TOPO] link from_type=4 from_id=0x0 to_type=5 to_id=0x0 link_type=10 bw=25 total_bw=25
jscs-backuppool-5090test-091606:1385395:1385832 [5] NCCL INFO [YT-TRACE] [TOPO] node from_type=5 from_id=0x0 from_dev=-1 from_rank=-1 from_cc=-1 from_gdr=-1 from_nlinks=1
jscs-backuppool-5090test-091606:1385395:1385832 [5] NCCL INFO [YT-TRACE] [TOPO] node to_type=4 to_id=0x0 to_dev=-1 to_rank=-1 to_cc=-1 to_gdr=-1 to_nlinks=2
jscs-backuppool-5090test-091606:1385395:1385832 [5] NCCL INFO [YT-TRACE] [TOPO] link from_type=5 from_id=0x0 to_type=4 to_id=0x0 link_type=10 bw=25 total_bw=25
jscs-backuppool-5090test-091606:1385395:1385832 [5] NCCL INFO [YT-TRACE] [TOPO] node from_type=8 from_id=0x38000 from_dev=-1 from_rank=-1 from_cc=-1 from_gdr=-1 from_nlinks=1
jscs-backuppool-5090test-091606:1385395:1385832 [5] NCCL INFO [YT-TRACE] [TOPO] node to_type=3 to_id=0x0 to_dev=-1 to_rank=-1 to_cc=-1 to_gdr=-1 to_nlinks=2
jscs-backuppool-5090test-091606:1385395:1385832 [5] NCCL INFO [YT-TRACE] [TOPO] link from_type=8 from_id=0x38000 to_type=3 to_id=0x0 link_type=4 bw=48 total_bw=48
jscs-backuppool-5090test-091606:1385395:1385832 [5] NCCL INFO [YT-TRACE] [TOPO] node from_type=3 from_id=0x0 from_dev=-1 from_rank=-1 from_cc=-1 from_gdr=-1 from_nlinks=3
jscs-backuppool-5090test-091606:1385395:1385832 [5] NCCL INFO [YT-TRACE] [TOPO] node to_type=8 to_id=0x38000 to_dev=-1 to_rank=-1 to_cc=-1 to_gdr=-1 to_nlinks=1
jscs-backuppool-5090test-091606:1385395:1385832 [5] NCCL INFO [YT-TRACE] [TOPO] link from_type=3 from_id=0x0 to_type=8 to_id=0x38000 link_type=4 bw=48 total_bw=48
jscs-backuppool-5090test-091606:1385395:1385832 [5] NCCL INFO [YT-TRACE] [TOPO] node from_type=8 from_id=0x38000 from_dev=-1 from_rank=-1 from_cc=-1 from_gdr=-1 from_nlinks=2
jscs-backuppool-5090test-091606:1385395:1385832 [5] NCCL INFO [YT-TRACE] [TOPO] node to_type=0 to_id=0x38000 to_dev=1 to_rank=1 to_cc=120 to_gdr=0 to_nlinks=0
jscs-backuppool-5090test-091606:1385395:1385832 [5] NCCL INFO [YT-TRACE] [TOPO] link from_type=8 from_id=0x38000 to_type=0 to_id=0x38000 link_type=0 bw=5000 total_bw=5000
jscs-backuppool-5090test-091606:1385395:1385832 [5] NCCL INFO [YT-TRACE] [TOPO] node from_type=0 from_id=0x38000 from_dev=1 from_rank=1 from_cc=120 from_gdr=0 from_nlinks=1
jscs-backuppool-5090test-091606:1385395:1385832 [5] NCCL INFO [YT-TRACE] [TOPO] node to_type=8 to_id=0x38000 to_dev=-1 to_rank=-1 to_cc=-1 to_gdr=-1 to_nlinks=2
jscs-backuppool-5090test-091606:1385395:1385832 [5] NCCL INFO [YT-TRACE] [TOPO] link from_type=0 from_id=0x38000 to_type=8 to_id=0x38000 link_type=0 bw=5000 total_bw=5000
jscs-backuppool-5090test-091606:1385395:1385832 [5] NCCL INFO [YT-TRACE] [TOPO] node from_type=8 from_id=0x49000 from_dev=-1 from_rank=-1 from_cc=-1 from_gdr=-1 from_nlinks=1
jscs-backuppool-5090test-091606:1385395:1385832 [5] NCCL INFO [YT-TRACE] [TOPO] node to_type=3 to_id=0x1 to_dev=-1 to_rank=-1 to_cc=-1 to_gdr=-1 to_nlinks=0
jscs-backuppool-5090test-091606:1385395:1385832 [5] NCCL INFO [YT-TRACE] [TOPO] link from_type=8 from_id=0x49000 to_type=3 to_id=0x1 link_type=4 bw=48 total_bw=48
jscs-backuppool-5090test-091606:1385395:1385832 [5] NCCL INFO [YT-TRACE] [TOPO] node from_type=3 from_id=0x1 from_dev=-1 from_rank=-1 from_cc=-1 from_gdr=-1 from_nlinks=1
jscs-backuppool-5090test-091606:1385395:1385832 [5] NCCL INFO [YT-TRACE] [TOPO] node to_type=8 to_id=0x49000 to_dev=-1 to_rank=-1 to_cc=-1 to_gdr=-1 to_nlinks=1
jscs-backuppool-5090test-091606:1385395:1385832 [5] NCCL INFO [YT-TRACE] [TOPO] link from_type=3 from_id=0x1 to_type=8 to_id=0x49000 link_type=4 bw=48 total_bw=48
jscs-backuppool-5090test-091606:1385395:1385832 [5] NCCL INFO [YT-TRACE] [TOPO] node from_type=8 from_id=0x49000 from_dev=-1 from_rank=-1 from_cc=-1 from_gdr=-1 from_nlinks=2
jscs-backuppool-5090test-091606:1385395:1385832 [5] NCCL INFO [YT-TRACE] [TOPO] node to_type=0 to_id=0x49000 to_dev=2 to_rank=2 to_cc=120 to_gdr=0 to_nlinks=0
jscs-backuppool-5090test-091606:1385395:1385832 [5] NCCL INFO [YT-TRACE] [TOPO] link from_type=8 from_id=0x49000 to_type=0 to_id=0x49000 link_type=0 bw=5000 total_bw=5000
jscs-backuppool-5090test-091606:1385395:1385832 [5] NCCL INFO [YT-TRACE] [TOPO] node from_type=0 from_id=0x49000 from_dev=2 from_rank=2 from_cc=120 from_gdr=0 from_nlinks=1
jscs-backuppool-5090test-091606:1385395:1385832 [5] NCCL INFO [YT-TRACE] [TOPO] node to_type=8 to_id=0x49000 to_dev=-1 to_rank=-1 to_cc=-1 to_gdr=-1 to_nlinks=2
jscs-backuppool-5090test-091606:1385395:1385832 [5] NCCL INFO [YT-TRACE] [TOPO] link from_type=0 from_id=0x49000 to_type=8 to_id=0x49000 link_type=0 bw=5000 total_bw=5000
jscs-backuppool-5090test-091606:1385395:1385832 [5] NCCL INFO [YT-TRACE] [TOPO] node from_type=4 from_id=0x0 from_dev=-1 from_rank=-1 from_cc=-1 from_gdr=-1 from_nlinks=3
jscs-backuppool-5090test-091606:1385395:1385832 [5] NCCL INFO [YT-TRACE] [TOPO] node to_type=5 to_id=0x0 to_dev=-1 to_rank=-1 to_cc=-1 to_gdr=-1 to_nlinks=0
jscs-backuppool-5090test-091606:1385395:1385832 [5] NCCL INFO [YT-TRACE] [TOPO] link from_type=4 from_id=0x0 to_type=5 to_id=0x0 link_type=10 bw=25 total_bw=25
jscs-backuppool-5090test-091606:1385395:1385832 [5] NCCL INFO [YT-TRACE] [TOPO] node from_type=5 from_id=0x0 from_dev=-1 from_rank=-1 from_cc=-1 from_gdr=-1 from_nlinks=1
jscs-backuppool-5090test-091606:1385395:1385832 [5] NCCL INFO [YT-TRACE] [TOPO] node to_type=4 to_id=0x0 to_dev=-1 to_rank=-1 to_cc=-1 to_gdr=-1 to_nlinks=3
jscs-backuppool-5090test-091606:1385395:1385832 [5] NCCL INFO [YT-TRACE] [TOPO] link from_type=5 from_id=0x0 to_type=4 to_id=0x0 link_type=10 bw=25 total_bw=25
jscs-backuppool-5090test-091606:1385395:1385832 [5] NCCL INFO [YT-TRACE] [TOPO] node from_type=8 from_id=0x5a000 from_dev=-1 from_rank=-1 from_cc=-1 from_gdr=-1 from_nlinks=1
jscs-backuppool-5090test-091606:1385395:1385832 [5] NCCL INFO [YT-TRACE] [TOPO] node to_type=3 to_id=0x1 to_dev=-1 to_rank=-1 to_cc=-1 to_gdr=-1 to_nlinks=1
jscs-backuppool-5090test-091606:1385395:1385832 [5] NCCL INFO [YT-TRACE] [TOPO] link from_type=8 from_id=0x5a000 to_type=3 to_id=0x1 link_type=4 bw=48 total_bw=48
jscs-backuppool-5090test-091606:1385395:1385832 [5] NCCL INFO [YT-TRACE] [TOPO] node from_type=3 from_id=0x1 from_dev=-1 from_rank=-1 from_cc=-1 from_gdr=-1 from_nlinks=2
jscs-backuppool-5090test-091606:1385395:1385832 [5] NCCL INFO [YT-TRACE] [TOPO] node to_type=8 to_id=0x5a000 to_dev=-1 to_rank=-1 to_cc=-1 to_gdr=-1 to_nlinks=1
jscs-backuppool-5090test-091606:1385395:1385832 [5] NCCL INFO [YT-TRACE] [TOPO] link from_type=3 from_id=0x1 to_type=8 to_id=0x5a000 link_type=4 bw=48 total_bw=48
jscs-backuppool-5090test-091606:1385395:1385832 [5] NCCL INFO [YT-TRACE] [TOPO] node from_type=8 from_id=0x5a000 from_dev=-1 from_rank=-1 from_cc=-1 from_gdr=-1 from_nlinks=2
jscs-backuppool-5090test-091606:1385395:1385832 [5] NCCL INFO [YT-TRACE] [TOPO] node to_type=0 to_id=0x5a000 to_dev=3 to_rank=3 to_cc=120 to_gdr=0 to_nlinks=0
jscs-backuppool-5090test-091606:1385395:1385832 [5] NCCL INFO [YT-TRACE] [TOPO] link from_type=8 from_id=0x5a000 to_type=0 to_id=0x5a000 link_type=0 bw=5000 total_bw=5000
jscs-backuppool-5090test-091606:1385395:1385832 [5] NCCL INFO [YT-TRACE] [TOPO] node from_type=0 from_id=0x5a000 from_dev=3 from_rank=3 from_cc=120 from_gdr=0 from_nlinks=1
jscs-backuppool-5090test-091606:1385395:1385832 [5] NCCL INFO [YT-TRACE] [TOPO] node to_type=8 to_id=0x5a000 to_dev=-1 to_rank=-1 to_cc=-1 to_gdr=-1 to_nlinks=2
jscs-backuppool-5090test-091606:1385395:1385832 [5] NCCL INFO [YT-TRACE] [TOPO] link from_type=0 from_id=0x5a000 to_type=8 to_id=0x5a000 link_type=0 bw=5000 total_bw=5000
jscs-backuppool-5090test-091606:1385395:1385832 [5] NCCL INFO [YT-TRACE] [TOPO] node from_type=8 from_id=0x98000 from_dev=-1 from_rank=-1 from_cc=-1 from_gdr=-1 from_nlinks=1
jscs-backuppool-5090test-091606:1385395:1385832 [5] NCCL INFO [YT-TRACE] [TOPO] node to_type=3 to_id=0x2 to_dev=-1 to_rank=-1 to_cc=-1 to_gdr=-1 to_nlinks=0
jscs-backuppool-5090test-091606:1385395:1385832 [5] NCCL INFO [YT-TRACE] [TOPO] link from_type=8 from_id=0x98000 to_type=3 to_id=0x2 link_type=4 bw=48 total_bw=48
jscs-backuppool-5090test-091606:1385395:1385832 [5] NCCL INFO [YT-TRACE] [TOPO] node from_type=3 from_id=0x2 from_dev=-1 from_rank=-1 from_cc=-1 from_gdr=-1 from_nlinks=1
jscs-backuppool-5090test-091606:1385395:1385832 [5] NCCL INFO [YT-TRACE] [TOPO] node to_type=8 to_id=0x98000 to_dev=-1 to_rank=-1 to_cc=-1 to_gdr=-1 to_nlinks=1
jscs-backuppool-5090test-091606:1385395:1385832 [5] NCCL INFO [YT-TRACE] [TOPO] link from_type=3 from_id=0x2 to_type=8 to_id=0x98000 link_type=4 bw=48 total_bw=48
jscs-backuppool-5090test-091606:1385395:1385832 [5] NCCL INFO [YT-TRACE] [TOPO] node from_type=8 from_id=0x98000 from_dev=-1 from_rank=-1 from_cc=-1 from_gdr=-1 from_nlinks=2
jscs-backuppool-5090test-091606:1385395:1385832 [5] NCCL INFO [YT-TRACE] [TOPO] node to_type=0 to_id=0x98000 to_dev=4 to_rank=4 to_cc=120 to_gdr=0 to_nlinks=0
jscs-backuppool-5090test-091606:1385395:1385832 [5] NCCL INFO [YT-TRACE] [TOPO] link from_type=8 from_id=0x98000 to_type=0 to_id=0x98000 link_type=0 bw=5000 total_bw=5000
jscs-backuppool-5090test-091606:1385395:1385832 [5] NCCL INFO [YT-TRACE] [TOPO] node from_type=0 from_id=0x98000 from_dev=4 from_rank=4 from_cc=120 from_gdr=0 from_nlinks=1
jscs-backuppool-5090test-091606:1385395:1385832 [5] NCCL INFO [YT-TRACE] [TOPO] node to_type=8 to_id=0x98000 to_dev=-1 to_rank=-1 to_cc=-1 to_gdr=-1 to_nlinks=2
jscs-backuppool-5090test-091606:1385395:1385832 [5] NCCL INFO [YT-TRACE] [TOPO] link from_type=0 from_id=0x98000 to_type=8 to_id=0x98000 link_type=0 bw=5000 total_bw=5000
jscs-backuppool-5090test-091606:1385395:1385832 [5] NCCL INFO [YT-TRACE] [TOPO] node from_type=4 from_id=0x0 from_dev=-1 from_rank=-1 from_cc=-1 from_gdr=-1 from_nlinks=4
jscs-backuppool-5090test-091606:1385395:1385832 [5] NCCL INFO [YT-TRACE] [TOPO] node to_type=5 to_id=0x0 to_dev=-1 to_rank=-1 to_cc=-1 to_gdr=-1 to_nlinks=0
jscs-backuppool-5090test-091606:1385395:1385832 [5] NCCL INFO [YT-TRACE] [TOPO] link from_type=4 from_id=0x0 to_type=5 to_id=0x0 link_type=10 bw=25 total_bw=25
jscs-backuppool-5090test-091606:1385395:1385832 [5] NCCL INFO [YT-TRACE] [TOPO] node from_type=5 from_id=0x0 from_dev=-1 from_rank=-1 from_cc=-1 from_gdr=-1 from_nlinks=1
jscs-backuppool-5090test-091606:1385395:1385832 [5] NCCL INFO [YT-TRACE] [TOPO] node to_type=4 to_id=0x0 to_dev=-1 to_rank=-1 to_cc=-1 to_gdr=-1 to_nlinks=4
jscs-backuppool-5090test-091606:1385395:1385832 [5] NCCL INFO [YT-TRACE] [TOPO] link from_type=5 from_id=0x0 to_type=4 to_id=0x0 link_type=10 bw=25 total_bw=25
jscs-backuppool-5090test-091606:1385395:1385832 [5] NCCL INFO [YT-TRACE] [TOPO] node from_type=8 from_id=0xa8000 from_dev=-1 from_rank=-1 from_cc=-1 from_gdr=-1 from_nlinks=1
jscs-backuppool-5090test-091606:1385395:1385832 [5] NCCL INFO [YT-TRACE] [TOPO] node to_type=3 to_id=0x2 to_dev=-1 to_rank=-1 to_cc=-1 to_gdr=-1 to_nlinks=1
jscs-backuppool-5090test-091606:1385395:1385832 [5] NCCL INFO [YT-TRACE] [TOPO] link from_type=8 from_id=0xa8000 to_type=3 to_id=0x2 link_type=4 bw=48 total_bw=48
jscs-backuppool-5090test-091606:1385395:1385832 [5] NCCL INFO [YT-TRACE] [TOPO] node from_type=3 from_id=0x2 from_dev=-1 from_rank=-1 from_cc=-1 from_gdr=-1 from_nlinks=2
jscs-backuppool-5090test-091606:1385395:1385832 [5] NCCL INFO [YT-TRACE] [TOPO] node to_type=8 to_id=0xa8000 to_dev=-1 to_rank=-1 to_cc=-1 to_gdr=-1 to_nlinks=1
jscs-backuppool-5090test-091606:1385395:1385832 [5] NCCL INFO [YT-TRACE] [TOPO] link from_type=3 from_id=0x2 to_type=8 to_id=0xa8000 link_type=4 bw=48 total_bw=48
jscs-backuppool-5090test-091606:1385395:1385827 [0] NCCL INFO [YT-TRACE] [TOPO] node from_type=8 from_id=0x27000 from_dev=-1 from_rank=-1 from_cc=-1 from_gdr=-1 from_nlinks=1
jscs-backuppool-5090test-091606:1385395:1385827 [0] NCCL INFO [YT-TRACE] [TOPO] node to_type=3 to_id=0x0 to_dev=-1 to_rank=-1 to_cc=-1 to_gdr=-1 to_nlinks=0
jscs-backuppool-5090test-091606:1385395:1385827 [0] NCCL INFO [YT-TRACE] [TOPO] link from_type=8 from_id=0x27000 to_type=3 to_id=0x0 link_type=4 bw=48 total_bw=48
jscs-backuppool-5090test-091606:1385395:1385827 [0] NCCL INFO [YT-TRACE] [TOPO] node from_type=3 from_id=0x0 from_dev=-1 from_rank=-1 from_cc=-1 from_gdr=-1 from_nlinks=1
jscs-backuppool-5090test-091606:1385395:1385827 [0] NCCL INFO [YT-TRACE] [TOPO] node to_type=8 to_id=0x27000 to_dev=-1 to_rank=-1 to_cc=-1 to_gdr=-1 to_nlinks=1
jscs-backuppool-5090test-091606:1385395:1385827 [0] NCCL INFO [YT-TRACE] [TOPO] link from_type=3 from_id=0x0 to_type=8 to_id=0x27000 link_type=4 bw=48 total_bw=48
jscs-backuppool-5090test-091606:1385395:1385832 [5] NCCL INFO [YT-TRACE] [TOPO] node from_type=8 from_id=0xa8000 from_dev=-1 from_rank=-1 from_cc=-1 from_gdr=-1 from_nlinks=2
jscs-backuppool-5090test-091606:1385395:1385832 [5] NCCL INFO [YT-TRACE] [TOPO] node to_type=0 to_id=0xa8000 to_dev=5 to_rank=5 to_cc=120 to_gdr=0 to_nlinks=0
jscs-backuppool-5090test-091606:1385395:1385832 [5] NCCL INFO [YT-TRACE] [TOPO] link from_type=8 from_id=0xa8000 to_type=0 to_id=0xa8000 link_type=0 bw=5000 total_bw=5000
jscs-backuppool-5090test-091606:1385395:1385832 [5] NCCL INFO [YT-TRACE] [TOPO] node from_type=0 from_id=0xa8000 from_dev=5 from_rank=5 from_cc=120 from_gdr=0 from_nlinks=1
jscs-backuppool-5090test-091606:1385395:1385832 [5] NCCL INFO [YT-TRACE] [TOPO] node to_type=8 to_id=0xa8000 to_dev=-1 to_rank=-1 to_cc=-1 to_gdr=-1 to_nlinks=2
jscs-backuppool-5090test-091606:1385395:1385832 [5] NCCL INFO [YT-TRACE] [TOPO] link from_type=0 from_id=0xa8000 to_type=8 to_id=0xa8000 link_type=0 bw=5000 total_bw=5000
jscs-backuppool-5090test-091606:1385395:1385827 [0] NCCL INFO [YT-TRACE] [TOPO] node from_type=8 from_id=0x27000 from_dev=-1 from_rank=-1 from_cc=-1 from_gdr=-1 from_nlinks=2
jscs-backuppool-5090test-091606:1385395:1385827 [0] NCCL INFO [YT-TRACE] [TOPO] node to_type=0 to_id=0x27000 to_dev=0 to_rank=0 to_cc=120 to_gdr=0 to_nlinks=0
jscs-backuppool-5090test-091606:1385395:1385827 [0] NCCL INFO [YT-TRACE] [TOPO] link from_type=8 from_id=0x27000 to_type=0 to_id=0x27000 link_type=0 bw=5000 total_bw=5000
jscs-backuppool-5090test-091606:1385395:1385827 [0] NCCL INFO [YT-TRACE] [TOPO] node from_type=0 from_id=0x27000 from_dev=0 from_rank=0 from_cc=120 from_gdr=0 from_nlinks=1
jscs-backuppool-5090test-091606:1385395:1385827 [0] NCCL INFO [YT-TRACE] [TOPO] node to_type=8 to_id=0x27000 to_dev=-1 to_rank=-1 to_cc=-1 to_gdr=-1 to_nlinks=2
jscs-backuppool-5090test-091606:1385395:1385827 [0] NCCL INFO [YT-TRACE] [TOPO] link from_type=0 from_id=0x27000 to_type=8 to_id=0x27000 link_type=0 bw=5000 total_bw=5000
jscs-backuppool-5090test-091606:1385395:1385832 [5] NCCL INFO [YT-TRACE] [TOPO] node from_type=8 from_id=0xb8000 from_dev=-1 from_rank=-1 from_cc=-1 from_gdr=-1 from_nlinks=1
jscs-backuppool-5090test-091606:1385395:1385832 [5] NCCL INFO [YT-TRACE] [TOPO] node to_type=3 to_id=0x2 to_dev=-1 to_rank=-1 to_cc=-1 to_gdr=-1 to_nlinks=2
jscs-backuppool-5090test-091606:1385395:1385832 [5] NCCL INFO [YT-TRACE] [TOPO] link from_type=8 from_id=0xb8000 to_type=3 to_id=0x2 link_type=4 bw=48 total_bw=48
jscs-backuppool-5090test-091606:1385395:1385832 [5] NCCL INFO [YT-TRACE] [TOPO] node from_type=3 from_id=0x2 from_dev=-1 from_rank=-1 from_cc=-1 from_gdr=-1 from_nlinks=3
jscs-backuppool-5090test-091606:1385395:1385832 [5] NCCL INFO [YT-TRACE] [TOPO] node to_type=8 to_id=0xb8000 to_dev=-1 to_rank=-1 to_cc=-1 to_gdr=-1 to_nlinks=1
jscs-backuppool-5090test-091606:1385395:1385832 [5] NCCL INFO [YT-TRACE] [TOPO] link from_type=3 from_id=0x2 to_type=8 to_id=0xb8000 link_type=4 bw=48 total_bw=48
jscs-backuppool-5090test-091606:1385395:1385827 [0] NCCL INFO [YT-TRACE] [TOPO] node from_type=3 from_id=0x0 from_dev=-1 from_rank=-1 from_cc=-1 from_gdr=-1 from_nlinks=2
jscs-backuppool-5090test-091606:1385395:1385827 [0] NCCL INFO [YT-TRACE] [TOPO] node to_type=4 to_id=0x0 to_dev=-1 to_rank=-1 to_cc=-1 to_gdr=-1 to_nlinks=0
jscs-backuppool-5090test-091606:1385395:1385827 [0] NCCL INFO [YT-TRACE] [TOPO] link from_type=3 from_id=0x0 to_type=4 to_id=0x0 link_type=4 bw=5000 total_bw=5000
jscs-backuppool-5090test-091606:1385395:1385827 [0] NCCL INFO [YT-TRACE] [TOPO] node from_type=4 from_id=0x0 from_dev=-1 from_rank=-1 from_cc=-1 from_gdr=-1 from_nlinks=1
jscs-backuppool-5090test-091606:1385395:1385827 [0] NCCL INFO [YT-TRACE] [TOPO] node to_type=3 to_id=0x0 to_dev=-1 to_rank=-1 to_cc=-1 to_gdr=-1 to_nlinks=2
jscs-backuppool-5090test-091606:1385395:1385827 [0] NCCL INFO [YT-TRACE] [TOPO] link from_type=4 from_id=0x0 to_type=3 to_id=0x0 link_type=4 bw=5000 total_bw=5000
jscs-backuppool-5090test-091606:1385395:1385832 [5] NCCL INFO [YT-TRACE] [TOPO] node from_type=8 from_id=0xb8000 from_dev=-1 from_rank=-1 from_cc=-1 from_gdr=-1 from_nlinks=2
jscs-backuppool-5090test-091606:1385395:1385832 [5] NCCL INFO [YT-TRACE] [TOPO] node to_type=0 to_id=0xb8000 to_dev=6 to_rank=6 to_cc=120 to_gdr=0 to_nlinks=0
jscs-backuppool-5090test-091606:1385395:1385832 [5] NCCL INFO [YT-TRACE] [TOPO] link from_type=8 from_id=0xb8000 to_type=0 to_id=0xb8000 link_type=0 bw=5000 total_bw=5000
jscs-backuppool-5090test-091606:1385395:1385832 [5] NCCL INFO [YT-TRACE] [TOPO] node from_type=0 from_id=0xb8000 from_dev=6 from_rank=6 from_cc=120 from_gdr=0 from_nlinks=1
jscs-backuppool-5090test-091606:1385395:1385832 [5] NCCL INFO [YT-TRACE] [TOPO] node to_type=8 to_id=0xb8000 to_dev=-1 to_rank=-1 to_cc=-1 to_gdr=-1 to_nlinks=2
jscs-backuppool-5090test-091606:1385395:1385832 [5] NCCL INFO [YT-TRACE] [TOPO] link from_type=0 from_id=0xb8000 to_type=8 to_id=0xb8000 link_type=0 bw=5000 total_bw=5000
jscs-backuppool-5090test-091606:1385395:1385827 [0] NCCL INFO [YT-TRACE] [TOPO] node from_type=4 from_id=0x0 from_dev=-1 from_rank=-1 from_cc=-1 from_gdr=-1 from_nlinks=2
jscs-backuppool-5090test-091606:1385395:1385827 [0] NCCL INFO [YT-TRACE] [TOPO] node to_type=5 to_id=0x0 to_dev=-1 to_rank=-1 to_cc=-1 to_gdr=-1 to_nlinks=0
jscs-backuppool-5090test-091606:1385395:1385827 [0] NCCL INFO [YT-TRACE] [TOPO] link from_type=4 from_id=0x0 to_type=5 to_id=0x0 link_type=10 bw=25 total_bw=25
jscs-backuppool-5090test-091606:1385395:1385827 [0] NCCL INFO [YT-TRACE] [TOPO] node from_type=5 from_id=0x0 from_dev=-1 from_rank=-1 from_cc=-1 from_gdr=-1 from_nlinks=1
jscs-backuppool-5090test-091606:1385395:1385827 [0] NCCL INFO [YT-TRACE] [TOPO] node to_type=4 to_id=0x0 to_dev=-1 to_rank=-1 to_cc=-1 to_gdr=-1 to_nlinks=2
jscs-backuppool-5090test-091606:1385395:1385827 [0] NCCL INFO [YT-TRACE] [TOPO] link from_type=5 from_id=0x0 to_type=4 to_id=0x0 link_type=10 bw=25 total_bw=25
jscs-backuppool-5090test-091606:1385395:1385832 [5] NCCL INFO [YT-TRACE] [TOPO] node from_type=8 from_id=0xc8000 from_dev=-1 from_rank=-1 from_cc=-1 from_gdr=-1 from_nlinks=1
jscs-backuppool-5090test-091606:1385395:1385832 [5] NCCL INFO [YT-TRACE] [TOPO] node to_type=3 to_id=0x3 to_dev=-1 to_rank=-1 to_cc=-1 to_gdr=-1 to_nlinks=0
jscs-backuppool-5090test-091606:1385395:1385832 [5] NCCL INFO [YT-TRACE] [TOPO] link from_type=8 from_id=0xc8000 to_type=3 to_id=0x3 link_type=4 bw=48 total_bw=48
jscs-backuppool-5090test-091606:1385395:1385832 [5] NCCL INFO [YT-TRACE] [TOPO] node from_type=3 from_id=0x3 from_dev=-1 from_rank=-1 from_cc=-1 from_gdr=-1 from_nlinks=1
jscs-backuppool-5090test-091606:1385395:1385832 [5] NCCL INFO [YT-TRACE] [TOPO] node to_type=8 to_id=0xc8000 to_dev=-1 to_rank=-1 to_cc=-1 to_gdr=-1 to_nlinks=1
jscs-backuppool-5090test-091606:1385395:1385832 [5] NCCL INFO [YT-TRACE] [TOPO] link from_type=3 from_id=0x3 to_type=8 to_id=0xc8000 link_type=4 bw=48 total_bw=48
jscs-backuppool-5090test-091606:1385395:1385827 [0] NCCL INFO [YT-TRACE] [TOPO] node from_type=8 from_id=0x38000 from_dev=-1 from_rank=-1 from_cc=-1 from_gdr=-1 from_nlinks=1
jscs-backuppool-5090test-091606:1385395:1385827 [0] NCCL INFO [YT-TRACE] [TOPO] node to_type=3 to_id=0x0 to_dev=-1 to_rank=-1 to_cc=-1 to_gdr=-1 to_nlinks=2
jscs-backuppool-5090test-091606:1385395:1385827 [0] NCCL INFO [YT-TRACE] [TOPO] link from_type=8 from_id=0x38000 to_type=3 to_id=0x0 link_type=4 bw=48 total_bw=48
jscs-backuppool-5090test-091606:1385395:1385827 [0] NCCL INFO [YT-TRACE] [TOPO] node from_type=3 from_id=0x0 from_dev=-1 from_rank=-1 from_cc=-1 from_gdr=-1 from_nlinks=3
jscs-backuppool-5090test-091606:1385395:1385827 [0] NCCL INFO [YT-TRACE] [TOPO] node to_type=8 to_id=0x38000 to_dev=-1 to_rank=-1 to_cc=-1 to_gdr=-1 to_nlinks=1
jscs-backuppool-5090test-091606:1385395:1385827 [0] NCCL INFO [YT-TRACE] [TOPO] link from_type=3 from_id=0x0 to_type=8 to_id=0x38000 link_type=4 bw=48 total_bw=48
jscs-backuppool-5090test-091606:1385395:1385832 [5] NCCL INFO [YT-TRACE] [TOPO] node from_type=8 from_id=0xc8000 from_dev=-1 from_rank=-1 from_cc=-1 from_gdr=-1 from_nlinks=2
jscs-backuppool-5090test-091606:1385395:1385832 [5] NCCL INFO [YT-TRACE] [TOPO] node to_type=0 to_id=0xc8000 to_dev=7 to_rank=7 to_cc=120 to_gdr=0 to_nlinks=0
jscs-backuppool-5090test-091606:1385395:1385832 [5] NCCL INFO [YT-TRACE] [TOPO] link from_type=8 from_id=0xc8000 to_type=0 to_id=0xc8000 link_type=0 bw=5000 total_bw=5000
jscs-backuppool-5090test-091606:1385395:1385832 [5] NCCL INFO [YT-TRACE] [TOPO] node from_type=0 from_id=0xc8000 from_dev=7 from_rank=7 from_cc=120 from_gdr=0 from_nlinks=1
jscs-backuppool-5090test-091606:1385395:1385832 [5] NCCL INFO [YT-TRACE] [TOPO] node to_type=8 to_id=0xc8000 to_dev=-1 to_rank=-1 to_cc=-1 to_gdr=-1 to_nlinks=2
jscs-backuppool-5090test-091606:1385395:1385832 [5] NCCL INFO [YT-TRACE] [TOPO] link from_type=0 from_id=0xc8000 to_type=8 to_id=0xc8000 link_type=0 bw=5000 total_bw=5000
jscs-backuppool-5090test-091606:1385395:1385827 [0] NCCL INFO [YT-TRACE] [TOPO] node from_type=8 from_id=0x38000 from_dev=-1 from_rank=-1 from_cc=-1 from_gdr=-1 from_nlinks=2
jscs-backuppool-5090test-091606:1385395:1385827 [0] NCCL INFO [YT-TRACE] [TOPO] node to_type=0 to_id=0x38000 to_dev=1 to_rank=1 to_cc=120 to_gdr=0 to_nlinks=0
jscs-backuppool-5090test-091606:1385395:1385827 [0] NCCL INFO [YT-TRACE] [TOPO] link from_type=8 from_id=0x38000 to_type=0 to_id=0x38000 link_type=0 bw=5000 total_bw=5000
jscs-backuppool-5090test-091606:1385395:1385827 [0] NCCL INFO [YT-TRACE] [TOPO] node from_type=0 from_id=0x38000 from_dev=1 from_rank=1 from_cc=120 from_gdr=0 from_nlinks=1
jscs-backuppool-5090test-091606:1385395:1385827 [0] NCCL INFO [YT-TRACE] [TOPO] node to_type=8 to_id=0x38000 to_dev=-1 to_rank=-1 to_cc=-1 to_gdr=-1 to_nlinks=2
jscs-backuppool-5090test-091606:1385395:1385827 [0] NCCL INFO [YT-TRACE] [TOPO] link from_type=0 from_id=0x38000 to_type=8 to_id=0x38000 link_type=0 bw=5000 total_bw=5000
jscs-backuppool-5090test-091606:1385395:1385832 [5] NCCL INFO [YT-TRACE] [TOPO] node from_type=4 from_id=0x0 from_dev=-1 from_rank=-1 from_cc=-1 from_gdr=-1 from_nlinks=5
jscs-backuppool-5090test-091606:1385395:1385832 [5] NCCL INFO [YT-TRACE] [TOPO] node to_type=5 to_id=0x0 to_dev=-1 to_rank=-1 to_cc=-1 to_gdr=-1 to_nlinks=0
jscs-backuppool-5090test-091606:1385395:1385832 [5] NCCL INFO [YT-TRACE] [TOPO] link from_type=4 from_id=0x0 to_type=5 to_id=0x0 link_type=10 bw=25 total_bw=25
jscs-backuppool-5090test-091606:1385395:1385832 [5] NCCL INFO [YT-TRACE] [TOPO] node from_type=5 from_id=0x0 from_dev=-1 from_rank=-1 from_cc=-1 from_gdr=-1 from_nlinks=1
jscs-backuppool-5090test-091606:1385395:1385832 [5] NCCL INFO [YT-TRACE] [TOPO] node to_type=4 to_id=0x0 to_dev=-1 to_rank=-1 to_cc=-1 to_gdr=-1 to_nlinks=5
jscs-backuppool-5090test-091606:1385395:1385832 [5] NCCL INFO [YT-TRACE] [TOPO] link from_type=5 from_id=0x0 to_type=4 to_id=0x0 link_type=10 bw=25 total_bw=25
jscs-backuppool-5090test-091606:1385395:1385827 [0] NCCL INFO [YT-TRACE] [TOPO] node from_type=8 from_id=0x49000 from_dev=-1 from_rank=-1 from_cc=-1 from_gdr=-1 from_nlinks=1
jscs-backuppool-5090test-091606:1385395:1385827 [0] NCCL INFO [YT-TRACE] [TOPO] node to_type=3 to_id=0x1 to_dev=-1 to_rank=-1 to_cc=-1 to_gdr=-1 to_nlinks=0
jscs-backuppool-5090test-091606:1385395:1385827 [0] NCCL INFO [YT-TRACE] [TOPO] link from_type=8 from_id=0x49000 to_type=3 to_id=0x1 link_type=4 bw=48 total_bw=48
jscs-backuppool-5090test-091606:1385395:1385827 [0] NCCL INFO [YT-TRACE] [TOPO] node from_type=3 from_id=0x1 from_dev=-1 from_rank=-1 from_cc=-1 from_gdr=-1 from_nlinks=1
jscs-backuppool-5090test-091606:1385395:1385827 [0] NCCL INFO [YT-TRACE] [TOPO] node to_type=8 to_id=0x49000 to_dev=-1 to_rank=-1 to_cc=-1 to_gdr=-1 to_nlinks=1
jscs-backuppool-5090test-091606:1385395:1385827 [0] NCCL INFO [YT-TRACE] [TOPO] link from_type=3 from_id=0x1 to_type=8 to_id=0x49000 link_type=4 bw=48 total_bw=48
jscs-backuppool-5090test-091606:1385395:1385832 [5] NCCL INFO [YT-TRACE] [TOPO] node from_type=3 from_id=0x0 from_dev=-1 from_rank=-1 from_cc=-1 from_gdr=-1 from_nlinks=4
jscs-backuppool-5090test-091606:1385395:1385832 [5] NCCL INFO [YT-TRACE] [TOPO] node to_type=3 to_id=0x1 to_dev=-1 to_rank=-1 to_cc=-1 to_gdr=-1 to_nlinks=2
jscs-backuppool-5090test-091606:1385395:1385832 [5] NCCL INFO [YT-TRACE] [TOPO] link from_type=3 from_id=0x0 to_type=3 to_id=0x1 link_type=9 bw=40 total_bw=40
jscs-backuppool-5090test-091606:1385395:1385832 [5] NCCL INFO [YT-TRACE] [TOPO] node from_type=3 from_id=0x0 from_dev=-1 from_rank=-1 from_cc=-1 from_gdr=-1 from_nlinks=5
jscs-backuppool-5090test-091606:1385395:1385832 [5] NCCL INFO [YT-TRACE] [TOPO] node to_type=3 to_id=0x2 to_dev=-1 to_rank=-1 to_cc=-1 to_gdr=-1 to_nlinks=3
jscs-backuppool-5090test-091606:1385395:1385832 [5] NCCL INFO [YT-TRACE] [TOPO] link from_type=3 from_id=0x0 to_type=3 to_id=0x2 link_type=9 bw=40 total_bw=40
jscs-backuppool-5090test-091606:1385395:1385832 [5] NCCL INFO [YT-TRACE] [TOPO] node from_type=3 from_id=0x0 from_dev=-1 from_rank=-1 from_cc=-1 from_gdr=-1 from_nlinks=6
jscs-backuppool-5090test-091606:1385395:1385832 [5] NCCL INFO [YT-TRACE] [TOPO] node to_type=3 to_id=0x3 to_dev=-1 to_rank=-1 to_cc=-1 to_gdr=-1 to_nlinks=1
jscs-backuppool-5090test-091606:1385395:1385832 [5] NCCL INFO [YT-TRACE] [TOPO] link from_type=3 from_id=0x0 to_type=3 to_id=0x3 link_type=9 bw=40 total_bw=40
jscs-backuppool-5090test-091606:1385395:1385832 [5] NCCL INFO [YT-TRACE] [TOPO] node from_type=3 from_id=0x1 from_dev=-1 from_rank=-1 from_cc=-1 from_gdr=-1 from_nlinks=3
jscs-backuppool-5090test-091606:1385395:1385832 [5] NCCL INFO [YT-TRACE] [TOPO] node to_type=3 to_id=0x0 to_dev=-1 to_rank=-1 to_cc=-1 to_gdr=-1 to_nlinks=6
jscs-backuppool-5090test-091606:1385395:1385832 [5] NCCL INFO [YT-TRACE] [TOPO] link from_type=3 from_id=0x1 to_type=3 to_id=0x0 link_type=9 bw=40 total_bw=40
jscs-backuppool-5090test-091606:1385395:1385832 [5] NCCL INFO [YT-TRACE] [TOPO] node from_type=3 from_id=0x1 from_dev=-1 from_rank=-1 from_cc=-1 from_gdr=-1 from_nlinks=4
jscs-backuppool-5090test-091606:1385395:1385832 [5] NCCL INFO [YT-TRACE] [TOPO] node to_type=3 to_id=0x2 to_dev=-1 to_rank=-1 to_cc=-1 to_gdr=-1 to_nlinks=3
jscs-backuppool-5090test-091606:1385395:1385832 [5] NCCL INFO [YT-TRACE] [TOPO] link from_type=3 from_id=0x1 to_type=3 to_id=0x2 link_type=9 bw=40 total_bw=40
jscs-backuppool-5090test-091606:1385395:1385832 [5] NCCL INFO [YT-TRACE] [TOPO] node from_type=3 from_id=0x1 from_dev=-1 from_rank=-1 from_cc=-1 from_gdr=-1 from_nlinks=5
jscs-backuppool-5090test-091606:1385395:1385832 [5] NCCL INFO [YT-TRACE] [TOPO] node to_type=3 to_id=0x3 to_dev=-1 to_rank=-1 to_cc=-1 to_gdr=-1 to_nlinks=1
jscs-backuppool-5090test-091606:1385395:1385832 [5] NCCL INFO [YT-TRACE] [TOPO] link from_type=3 from_id=0x1 to_type=3 to_id=0x3 link_type=9 bw=40 total_bw=40
jscs-backuppool-5090test-091606:1385395:1385832 [5] NCCL INFO [YT-TRACE] [TOPO] node from_type=3 from_id=0x2 from_dev=-1 from_rank=-1 from_cc=-1 from_gdr=-1 from_nlinks=4
jscs-backuppool-5090test-091606:1385395:1385832 [5] NCCL INFO [YT-TRACE] [TOPO] node to_type=3 to_id=0x0 to_dev=-1 to_rank=-1 to_cc=-1 to_gdr=-1 to_nlinks=6
jscs-backuppool-5090test-091606:1385395:1385827 [0] NCCL INFO [YT-TRACE] [TOPO] node from_type=8 from_id=0x49000 from_dev=-1 from_rank=-1 from_cc=-1 from_gdr=-1 from_nlinks=2
jscs-backuppool-5090test-091606:1385395:1385827 [0] NCCL INFO [YT-TRACE] [TOPO] node to_type=0 to_id=0x49000 to_dev=2 to_rank=2 to_cc=120 to_gdr=0 to_nlinks=0
jscs-backuppool-5090test-091606:1385395:1385827 [0] NCCL INFO [YT-TRACE] [TOPO] link from_type=8 from_id=0x49000 to_type=0 to_id=0x49000 link_type=0 bw=5000 total_bw=5000
jscs-backuppool-5090test-091606:1385395:1385827 [0] NCCL INFO [YT-TRACE] [TOPO] node from_type=0 from_id=0x49000 from_dev=2 from_rank=2 from_cc=120 from_gdr=0 from_nlinks=1
jscs-backuppool-5090test-091606:1385395:1385827 [0] NCCL INFO [YT-TRACE] [TOPO] node to_type=8 to_id=0x49000 to_dev=-1 to_rank=-1 to_cc=-1 to_gdr=-1 to_nlinks=2
jscs-backuppool-5090test-091606:1385395:1385827 [0] NCCL INFO [YT-TRACE] [TOPO] link from_type=0 from_id=0x49000 to_type=8 to_id=0x49000 link_type=0 bw=5000 total_bw=5000
jscs-backuppool-5090test-091606:1385395:1385827 [0] NCCL INFO [YT-TRACE] [TOPO] node from_type=4 from_id=0x0 from_dev=-1 from_rank=-1 from_cc=-1 from_gdr=-1 from_nlinks=3
jscs-backuppool-5090test-091606:1385395:1385827 [0] NCCL INFO [YT-TRACE] [TOPO] node to_type=5 to_id=0x0 to_dev=-1 to_rank=-1 to_cc=-1 to_gdr=-1 to_nlinks=0
jscs-backuppool-5090test-091606:1385395:1385827 [0] NCCL INFO [YT-TRACE] [TOPO] link from_type=4 from_id=0x0 to_type=5 to_id=0x0 link_type=10 bw=25 total_bw=25
jscs-backuppool-5090test-091606:1385395:1385827 [0] NCCL INFO [YT-TRACE] [TOPO] node from_type=5 from_id=0x0 from_dev=-1 from_rank=-1 from_cc=-1 from_gdr=-1 from_nlinks=1
jscs-backuppool-5090test-091606:1385395:1385827 [0] NCCL INFO [YT-TRACE] [TOPO] node to_type=4 to_id=0x0 to_dev=-1 to_rank=-1 to_cc=-1 to_gdr=-1 to_nlinks=3
jscs-backuppool-5090test-091606:1385395:1385827 [0] NCCL INFO [YT-TRACE] [TOPO] link from_type=5 from_id=0x0 to_type=4 to_id=0x0 link_type=10 bw=25 total_bw=25
jscs-backuppool-5090test-091606:1385395:1385832 [5] NCCL INFO [YT-TRACE] [TOPO] link from_type=3 from_id=0x2 to_type=3 to_id=0x0 link_type=9 bw=40 total_bw=40
jscs-backuppool-5090test-091606:1385395:1385827 [0] NCCL INFO [YT-TRACE] [TOPO] node from_type=8 from_id=0x5a000 from_dev=-1 from_rank=-1 from_cc=-1 from_gdr=-1 from_nlinks=1
jscs-backuppool-5090test-091606:1385395:1385827 [0] NCCL INFO [YT-TRACE] [TOPO] node to_type=3 to_id=0x1 to_dev=-1 to_rank=-1 to_cc=-1 to_gdr=-1 to_nlinks=1
jscs-backuppool-5090test-091606:1385395:1385827 [0] NCCL INFO [YT-TRACE] [TOPO] link from_type=8 from_id=0x5a000 to_type=3 to_id=0x1 link_type=4 bw=48 total_bw=48
jscs-backuppool-5090test-091606:1385395:1385827 [0] NCCL INFO [YT-TRACE] [TOPO] node from_type=3 from_id=0x1 from_dev=-1 from_rank=-1 from_cc=-1 from_gdr=-1 from_nlinks=2
jscs-backuppool-5090test-091606:1385395:1385827 [0] NCCL INFO [YT-TRACE] [TOPO] node to_type=8 to_id=0x5a000 to_dev=-1 to_rank=-1 to_cc=-1 to_gdr=-1 to_nlinks=1
jscs-backuppool-5090test-091606:1385395:1385832 [5] NCCL INFO [YT-TRACE] [TOPO] node from_type=3 from_id=0x2 from_dev=-1 from_rank=-1 from_cc=-1 from_gdr=-1 from_nlinks=5
jscs-backuppool-5090test-091606:1385395:1385832 [5] NCCL INFO [YT-TRACE] [TOPO] node to_type=3 to_id=0x1 to_dev=-1 to_rank=-1 to_cc=-1 to_gdr=-1 to_nlinks=5
jscs-backuppool-5090test-091606:1385395:1385832 [5] NCCL INFO [YT-TRACE] [TOPO] link from_type=3 from_id=0x2 to_type=3 to_id=0x1 link_type=9 bw=40 total_bw=40
jscs-backuppool-5090test-091606:1385395:1385832 [5] NCCL INFO [YT-TRACE] [TOPO] node from_type=3 from_id=0x2 from_dev=-1 from_rank=-1 from_cc=-1 from_gdr=-1 from_nlinks=6
jscs-backuppool-5090test-091606:1385395:1385832 [5] NCCL INFO [YT-TRACE] [TOPO] node to_type=3 to_id=0x3 to_dev=-1 to_rank=-1 to_cc=-1 to_gdr=-1 to_nlinks=1
jscs-backuppool-5090test-091606:1385395:1385832 [5] NCCL INFO [YT-TRACE] [TOPO] link from_type=3 from_id=0x2 to_type=3 to_id=0x3 link_type=9 bw=40 total_bw=40
jscs-backuppool-5090test-091606:1385395:1385832 [5] NCCL INFO [YT-TRACE] [TOPO] node from_type=3 from_id=0x3 from_dev=-1 from_rank=-1 from_cc=-1 from_gdr=-1 from_nlinks=2
jscs-backuppool-5090test-091606:1385395:1385832 [5] NCCL INFO [YT-TRACE] [TOPO] node to_type=3 to_id=0x0 to_dev=-1 to_rank=-1 to_cc=-1 to_gdr=-1 to_nlinks=6
jscs-backuppool-5090test-091606:1385395:1385832 [5] NCCL INFO [YT-TRACE] [TOPO] link from_type=3 from_id=0x3 to_type=3 to_id=0x0 link_type=9 bw=40 total_bw=40
jscs-backuppool-5090test-091606:1385395:1385832 [5] NCCL INFO [YT-TRACE] [TOPO] node from_type=3 from_id=0x3 from_dev=-1 from_rank=-1 from_cc=-1 from_gdr=-1 from_nlinks=3
jscs-backuppool-5090test-091606:1385395:1385832 [5] NCCL INFO [YT-TRACE] [TOPO] node to_type=3 to_id=0x1 to_dev=-1 to_rank=-1 to_cc=-1 to_gdr=-1 to_nlinks=5
jscs-backuppool-5090test-091606:1385395:1385832 [5] NCCL INFO [YT-TRACE] [TOPO] link from_type=3 from_id=0x3 to_type=3 to_id=0x1 link_type=9 bw=40 total_bw=40
jscs-backuppool-5090test-091606:1385395:1385832 [5] NCCL INFO [YT-TRACE] [TOPO] node from_type=3 from_id=0x3 from_dev=-1 from_rank=-1 from_cc=-1 from_gdr=-1 from_nlinks=4
jscs-backuppool-5090test-091606:1385395:1385832 [5] NCCL INFO [YT-TRACE] [TOPO] node to_type=3 to_id=0x2 to_dev=-1 to_rank=-1 to_cc=-1 to_gdr=-1 to_nlinks=6
jscs-backuppool-5090test-091606:1385395:1385827 [0] NCCL INFO [YT-TRACE] [TOPO] link from_type=3 from_id=0x1 to_type=8 to_id=0x5a000 link_type=4 bw=48 total_bw=48
jscs-backuppool-5090test-091606:1385395:1385827 [0] NCCL INFO [YT-TRACE] [TOPO] node from_type=8 from_id=0x5a000 from_dev=-1 from_rank=-1 from_cc=-1 from_gdr=-1 from_nlinks=2
jscs-backuppool-5090test-091606:1385395:1385827 [0] NCCL INFO [YT-TRACE] [TOPO] node to_type=0 to_id=0x5a000 to_dev=3 to_rank=3 to_cc=120 to_gdr=0 to_nlinks=0
jscs-backuppool-5090test-091606:1385395:1385827 [0] NCCL INFO [YT-TRACE] [TOPO] link from_type=8 from_id=0x5a000 to_type=0 to_id=0x5a000 link_type=0 bw=5000 total_bw=5000
jscs-backuppool-5090test-091606:1385395:1385827 [0] NCCL INFO [YT-TRACE] [TOPO] node from_type=0 from_id=0x5a000 from_dev=3 from_rank=3 from_cc=120 from_gdr=0 from_nlinks=1
jscs-backuppool-5090test-091606:1385395:1385827 [0] NCCL INFO [YT-TRACE] [TOPO] node to_type=8 to_id=0x5a000 to_dev=-1 to_rank=-1 to_cc=-1 to_gdr=-1 to_nlinks=2
jscs-backuppool-5090test-091606:1385395:1385827 [0] NCCL INFO [YT-TRACE] [TOPO] link from_type=0 from_id=0x5a000 to_type=8 to_id=0x5a000 link_type=0 bw=5000 total_bw=5000
jscs-backuppool-5090test-091606:1385395:1385832 [5] NCCL INFO [YT-TRACE] [TOPO] link from_type=3 from_id=0x3 to_type=3 to_id=0x2 link_type=9 bw=40 total_bw=40
jscs-backuppool-5090test-091606:1385395:1385827 [0] NCCL INFO [YT-TRACE] [TOPO] node from_type=8 from_id=0x98000 from_dev=-1 from_rank=-1 from_cc=-1 from_gdr=-1 from_nlinks=1
jscs-backuppool-5090test-091606:1385395:1385827 [0] NCCL INFO [YT-TRACE] [TOPO] node to_type=3 to_id=0x2 to_dev=-1 to_rank=-1 to_cc=-1 to_gdr=-1 to_nlinks=0
jscs-backuppool-5090test-091606:1385395:1385827 [0] NCCL INFO [YT-TRACE] [TOPO] link from_type=8 from_id=0x98000 to_type=3 to_id=0x2 link_type=4 bw=48 total_bw=48
jscs-backuppool-5090test-091606:1385395:1385827 [0] NCCL INFO [YT-TRACE] [TOPO] node from_type=3 from_id=0x2 from_dev=-1 from_rank=-1 from_cc=-1 from_gdr=-1 from_nlinks=1
jscs-backuppool-5090test-091606:1385395:1385827 [0] NCCL INFO [YT-TRACE] [TOPO] node to_type=8 to_id=0x98000 to_dev=-1 to_rank=-1 to_cc=-1 to_gdr=-1 to_nlinks=1
jscs-backuppool-5090test-091606:1385395:1385827 [0] NCCL INFO [YT-TRACE] [TOPO] link from_type=3 from_id=0x2 to_type=8 to_id=0x98000 link_type=4 bw=48 total_bw=48
jscs-backuppool-5090test-091606:1385395:1385827 [0] NCCL INFO [YT-TRACE] [TOPO] node from_type=8 from_id=0x98000 from_dev=-1 from_rank=-1 from_cc=-1 from_gdr=-1 from_nlinks=2
jscs-backuppool-5090test-091606:1385395:1385827 [0] NCCL INFO [YT-TRACE] [TOPO] node to_type=0 to_id=0x98000 to_dev=4 to_rank=4 to_cc=120 to_gdr=0 to_nlinks=0
jscs-backuppool-5090test-091606:1385395:1385827 [0] NCCL INFO [YT-TRACE] [TOPO] link from_type=8 from_id=0x98000 to_type=0 to_id=0x98000 link_type=0 bw=5000 total_bw=5000
jscs-backuppool-5090test-091606:1385395:1385827 [0] NCCL INFO [YT-TRACE] [TOPO] node from_type=0 from_id=0x98000 from_dev=4 from_rank=4 from_cc=120 from_gdr=0 from_nlinks=1
jscs-backuppool-5090test-091606:1385395:1385827 [0] NCCL INFO [YT-TRACE] [TOPO] node to_type=8 to_id=0x98000 to_dev=-1 to_rank=-1 to_cc=-1 to_gdr=-1 to_nlinks=2
jscs-backuppool-5090test-091606:1385395:1385827 [0] NCCL INFO [YT-TRACE] [TOPO] link from_type=0 from_id=0x98000 to_type=8 to_id=0x98000 link_type=0 bw=5000 total_bw=5000
jscs-backuppool-5090test-091606:1385395:1385827 [0] NCCL INFO [YT-TRACE] [TOPO] node from_type=4 from_id=0x0 from_dev=-1 from_rank=-1 from_cc=-1 from_gdr=-1 from_nlinks=4
jscs-backuppool-5090test-091606:1385395:1385827 [0] NCCL INFO [YT-TRACE] [TOPO] node to_type=5 to_id=0x0 to_dev=-1 to_rank=-1 to_cc=-1 to_gdr=-1 to_nlinks=0
jscs-backuppool-5090test-091606:1385395:1385827 [0] NCCL INFO [YT-TRACE] [TOPO] link from_type=4 from_id=0x0 to_type=5 to_id=0x0 link_type=10 bw=25 total_bw=25
jscs-backuppool-5090test-091606:1385395:1385827 [0] NCCL INFO [YT-TRACE] [TOPO] node from_type=5 from_id=0x0 from_dev=-1 from_rank=-1 from_cc=-1 from_gdr=-1 from_nlinks=1
jscs-backuppool-5090test-091606:1385395:1385827 [0] NCCL INFO [YT-TRACE] [TOPO] node to_type=4 to_id=0x0 to_dev=-1 to_rank=-1 to_cc=-1 to_gdr=-1 to_nlinks=4
jscs-backuppool-5090test-091606:1385395:1385827 [0] NCCL INFO [YT-TRACE] [TOPO] link from_type=5 from_id=0x0 to_type=4 to_id=0x0 link_type=10 bw=25 total_bw=25
jscs-backuppool-5090test-091606:1385395:1385827 [0] NCCL INFO [YT-TRACE] [TOPO] node from_type=8 from_id=0xa8000 from_dev=-1 from_rank=-1 from_cc=-1 from_gdr=-1 from_nlinks=1
jscs-backuppool-5090test-091606:1385395:1385827 [0] NCCL INFO [YT-TRACE] [TOPO] node to_type=3 to_id=0x2 to_dev=-1 to_rank=-1 to_cc=-1 to_gdr=-1 to_nlinks=1
jscs-backuppool-5090test-091606:1385395:1385827 [0] NCCL INFO [YT-TRACE] [TOPO] link from_type=8 from_id=0xa8000 to_type=3 to_id=0x2 link_type=4 bw=48 total_bw=48
jscs-backuppool-5090test-091606:1385395:1385827 [0] NCCL INFO [YT-TRACE] [TOPO] node from_type=3 from_id=0x2 from_dev=-1 from_rank=-1 from_cc=-1 from_gdr=-1 from_nlinks=2
jscs-backuppool-5090test-091606:1385395:1385827 [0] NCCL INFO [YT-TRACE] [TOPO] node to_type=8 to_id=0xa8000 to_dev=-1 to_rank=-1 to_cc=-1 to_gdr=-1 to_nlinks=1
jscs-backuppool-5090test-091606:1385395:1385827 [0] NCCL INFO [YT-TRACE] [TOPO] link from_type=3 from_id=0x2 to_type=8 to_id=0xa8000 link_type=4 bw=48 total_bw=48
jscs-backuppool-5090test-091606:1385395:1385827 [0] NCCL INFO [YT-TRACE] [TOPO] node from_type=8 from_id=0xa8000 from_dev=-1 from_rank=-1 from_cc=-1 from_gdr=-1 from_nlinks=2
jscs-backuppool-5090test-091606:1385395:1385827 [0] NCCL INFO [YT-TRACE] [TOPO] node to_type=0 to_id=0xa8000 to_dev=5 to_rank=5 to_cc=120 to_gdr=0 to_nlinks=0
jscs-backuppool-5090test-091606:1385395:1385827 [0] NCCL INFO [YT-TRACE] [TOPO] link from_type=8 from_id=0xa8000 to_type=0 to_id=0xa8000 link_type=0 bw=5000 total_bw=5000
jscs-backuppool-5090test-091606:1385395:1385827 [0] NCCL INFO [YT-TRACE] [TOPO] node from_type=0 from_id=0xa8000 from_dev=5 from_rank=5 from_cc=120 from_gdr=0 from_nlinks=1
jscs-backuppool-5090test-091606:1385395:1385827 [0] NCCL INFO [YT-TRACE] [TOPO] node to_type=8 to_id=0xa8000 to_dev=-1 to_rank=-1 to_cc=-1 to_gdr=-1 to_nlinks=2
jscs-backuppool-5090test-091606:1385395:1385827 [0] NCCL INFO [YT-TRACE] [TOPO] link from_type=0 from_id=0xa8000 to_type=8 to_id=0xa8000 link_type=0 bw=5000 total_bw=5000
jscs-backuppool-5090test-091606:1385395:1385827 [0] NCCL INFO [YT-TRACE] [TOPO] node from_type=8 from_id=0xb8000 from_dev=-1 from_rank=-1 from_cc=-1 from_gdr=-1 from_nlinks=1
jscs-backuppool-5090test-091606:1385395:1385827 [0] NCCL INFO [YT-TRACE] [TOPO] node to_type=3 to_id=0x2 to_dev=-1 to_rank=-1 to_cc=-1 to_gdr=-1 to_nlinks=2
jscs-backuppool-5090test-091606:1385395:1385827 [0] NCCL INFO [YT-TRACE] [TOPO] link from_type=8 from_id=0xb8000 to_type=3 to_id=0x2 link_type=4 bw=48 total_bw=48
jscs-backuppool-5090test-091606:1385395:1385827 [0] NCCL INFO [YT-TRACE] [TOPO] node from_type=3 from_id=0x2 from_dev=-1 from_rank=-1 from_cc=-1 from_gdr=-1 from_nlinks=3
jscs-backuppool-5090test-091606:1385395:1385827 [0] NCCL INFO [YT-TRACE] [TOPO] node to_type=8 to_id=0xb8000 to_dev=-1 to_rank=-1 to_cc=-1 to_gdr=-1 to_nlinks=1
jscs-backuppool-5090test-091606:1385395:1385827 [0] NCCL INFO [YT-TRACE] [TOPO] link from_type=3 from_id=0x2 to_type=8 to_id=0xb8000 link_type=4 bw=48 total_bw=48
jscs-backuppool-5090test-091606:1385395:1385827 [0] NCCL INFO [YT-TRACE] [TOPO] node from_type=8 from_id=0xb8000 from_dev=-1 from_rank=-1 from_cc=-1 from_gdr=-1 from_nlinks=2
jscs-backuppool-5090test-091606:1385395:1385827 [0] NCCL INFO [YT-TRACE] [TOPO] node to_type=0 to_id=0xb8000 to_dev=6 to_rank=6 to_cc=120 to_gdr=0 to_nlinks=0
jscs-backuppool-5090test-091606:1385395:1385827 [0] NCCL INFO [YT-TRACE] [TOPO] link from_type=8 from_id=0xb8000 to_type=0 to_id=0xb8000 link_type=0 bw=5000 total_bw=5000
jscs-backuppool-5090test-091606:1385395:1385827 [0] NCCL INFO [YT-TRACE] [TOPO] node from_type=0 from_id=0xb8000 from_dev=6 from_rank=6 from_cc=120 from_gdr=0 from_nlinks=1
jscs-backuppool-5090test-091606:1385395:1385827 [0] NCCL INFO [YT-TRACE] [TOPO] node to_type=8 to_id=0xb8000 to_dev=-1 to_rank=-1 to_cc=-1 to_gdr=-1 to_nlinks=2
jscs-backuppool-5090test-091606:1385395:1385827 [0] NCCL INFO [YT-TRACE] [TOPO] link from_type=0 from_id=0xb8000 to_type=8 to_id=0xb8000 link_type=0 bw=5000 total_bw=5000
jscs-backuppool-5090test-091606:1385395:1385827 [0] NCCL INFO [YT-TRACE] [TOPO] node from_type=8 from_id=0xc8000 from_dev=-1 from_rank=-1 from_cc=-1 from_gdr=-1 from_nlinks=1
jscs-backuppool-5090test-091606:1385395:1385827 [0] NCCL INFO [YT-TRACE] [TOPO] node to_type=3 to_id=0x3 to_dev=-1 to_rank=-1 to_cc=-1 to_gdr=-1 to_nlinks=0
jscs-backuppool-5090test-091606:1385395:1385827 [0] NCCL INFO [YT-TRACE] [TOPO] link from_type=8 from_id=0xc8000 to_type=3 to_id=0x3 link_type=4 bw=48 total_bw=48
jscs-backuppool-5090test-091606:1385395:1385827 [0] NCCL INFO [YT-TRACE] [TOPO] node from_type=3 from_id=0x3 from_dev=-1 from_rank=-1 from_cc=-1 from_gdr=-1 from_nlinks=1
jscs-backuppool-5090test-091606:1385395:1385827 [0] NCCL INFO [YT-TRACE] [TOPO] node to_type=8 to_id=0xc8000 to_dev=-1 to_rank=-1 to_cc=-1 to_gdr=-1 to_nlinks=1
jscs-backuppool-5090test-091606:1385395:1385827 [0] NCCL INFO [YT-TRACE] [TOPO] link from_type=3 from_id=0x3 to_type=8 to_id=0xc8000 link_type=4 bw=48 total_bw=48
jscs-backuppool-5090test-091606:1385395:1385827 [0] NCCL INFO [YT-TRACE] [TOPO] node from_type=8 from_id=0xc8000 from_dev=-1 from_rank=-1 from_cc=-1 from_gdr=-1 from_nlinks=2
jscs-backuppool-5090test-091606:1385395:1385827 [0] NCCL INFO [YT-TRACE] [TOPO] node to_type=0 to_id=0xc8000 to_dev=7 to_rank=7 to_cc=120 to_gdr=0 to_nlinks=0
jscs-backuppool-5090test-091606:1385395:1385827 [0] NCCL INFO [YT-TRACE] [TOPO] link from_type=8 from_id=0xc8000 to_type=0 to_id=0xc8000 link_type=0 bw=5000 total_bw=5000
jscs-backuppool-5090test-091606:1385395:1385827 [0] NCCL INFO [YT-TRACE] [TOPO] node from_type=0 from_id=0xc8000 from_dev=7 from_rank=7 from_cc=120 from_gdr=0 from_nlinks=1
jscs-backuppool-5090test-091606:1385395:1385827 [0] NCCL INFO [YT-TRACE] [TOPO] node to_type=8 to_id=0xc8000 to_dev=-1 to_rank=-1 to_cc=-1 to_gdr=-1 to_nlinks=2
jscs-backuppool-5090test-091606:1385395:1385827 [0] NCCL INFO [YT-TRACE] [TOPO] link from_type=0 from_id=0xc8000 to_type=8 to_id=0xc8000 link_type=0 bw=5000 total_bw=5000
jscs-backuppool-5090test-091606:1385395:1385827 [0] NCCL INFO [YT-TRACE] [TOPO] node from_type=4 from_id=0x0 from_dev=-1 from_rank=-1 from_cc=-1 from_gdr=-1 from_nlinks=5
jscs-backuppool-5090test-091606:1385395:1385827 [0] NCCL INFO [YT-TRACE] [TOPO] node to_type=5 to_id=0x0 to_dev=-1 to_rank=-1 to_cc=-1 to_gdr=-1 to_nlinks=0
jscs-backuppool-5090test-091606:1385395:1385827 [0] NCCL INFO [YT-TRACE] [TOPO] link from_type=4 from_id=0x0 to_type=5 to_id=0x0 link_type=10 bw=25 total_bw=25
jscs-backuppool-5090test-091606:1385395:1385827 [0] NCCL INFO [YT-TRACE] [TOPO] node from_type=5 from_id=0x0 from_dev=-1 from_rank=-1 from_cc=-1 from_gdr=-1 from_nlinks=1
jscs-backuppool-5090test-091606:1385395:1385827 [0] NCCL INFO [YT-TRACE] [TOPO] node to_type=4 to_id=0x0 to_dev=-1 to_rank=-1 to_cc=-1 to_gdr=-1 to_nlinks=5
jscs-backuppool-5090test-091606:1385395:1385827 [0] NCCL INFO [YT-TRACE] [TOPO] link from_type=5 from_id=0x0 to_type=4 to_id=0x0 link_type=10 bw=25 total_bw=25
jscs-backuppool-5090test-091606:1385395:1385827 [0] NCCL INFO [YT-TRACE] [TOPO] node from_type=3 from_id=0x0 from_dev=-1 from_rank=-1 from_cc=-1 from_gdr=-1 from_nlinks=4
jscs-backuppool-5090test-091606:1385395:1385827 [0] NCCL INFO [YT-TRACE] [TOPO] node to_type=3 to_id=0x1 to_dev=-1 to_rank=-1 to_cc=-1 to_gdr=-1 to_nlinks=2
jscs-backuppool-5090test-091606:1385395:1385827 [0] NCCL INFO [YT-TRACE] [TOPO] link from_type=3 from_id=0x0 to_type=3 to_id=0x1 link_type=9 bw=40 total_bw=40
jscs-backuppool-5090test-091606:1385395:1385827 [0] NCCL INFO [YT-TRACE] [TOPO] node from_type=3 from_id=0x0 from_dev=-1 from_rank=-1 from_cc=-1 from_gdr=-1 from_nlinks=5
jscs-backuppool-5090test-091606:1385395:1385827 [0] NCCL INFO [YT-TRACE] [TOPO] node to_type=3 to_id=0x2 to_dev=-1 to_rank=-1 to_cc=-1 to_gdr=-1 to_nlinks=3
jscs-backuppool-5090test-091606:1385395:1385827 [0] NCCL INFO [YT-TRACE] [TOPO] link from_type=3 from_id=0x0 to_type=3 to_id=0x2 link_type=9 bw=40 total_bw=40
jscs-backuppool-5090test-091606:1385395:1385827 [0] NCCL INFO [YT-TRACE] [TOPO] node from_type=3 from_id=0x0 from_dev=-1 from_rank=-1 from_cc=-1 from_gdr=-1 from_nlinks=6
jscs-backuppool-5090test-091606:1385395:1385827 [0] NCCL INFO [YT-TRACE] [TOPO] node to_type=3 to_id=0x3 to_dev=-1 to_rank=-1 to_cc=-1 to_gdr=-1 to_nlinks=1
jscs-backuppool-5090test-091606:1385395:1385827 [0] NCCL INFO [YT-TRACE] [TOPO] link from_type=3 from_id=0x0 to_type=3 to_id=0x3 link_type=9 bw=40 total_bw=40
jscs-backuppool-5090test-091606:1385395:1385833 [6] NCCL INFO [YT-TRACE] [TOPO] node from_type=8 from_id=0x27000 from_dev=-1 from_rank=-1 from_cc=-1 from_gdr=-1 from_nlinks=1
jscs-backuppool-5090test-091606:1385395:1385833 [6] NCCL INFO [YT-TRACE] [TOPO] node to_type=3 to_id=0x0 to_dev=-1 to_rank=-1 to_cc=-1 to_gdr=-1 to_nlinks=0
jscs-backuppool-5090test-091606:1385395:1385833 [6] NCCL INFO [YT-TRACE] [TOPO] link from_type=8 from_id=0x27000 to_type=3 to_id=0x0 link_type=4 bw=48 total_bw=48
jscs-backuppool-5090test-091606:1385395:1385833 [6] NCCL INFO [YT-TRACE] [TOPO] node from_type=3 from_id=0x0 from_dev=-1 from_rank=-1 from_cc=-1 from_gdr=-1 from_nlinks=1
jscs-backuppool-5090test-091606:1385395:1385833 [6] NCCL INFO [YT-TRACE] [TOPO] node to_type=8 to_id=0x27000 to_dev=-1 to_rank=-1 to_cc=-1 to_gdr=-1 to_nlinks=1
jscs-backuppool-5090test-091606:1385395:1385833 [6] NCCL INFO [YT-TRACE] [TOPO] link from_type=3 from_id=0x0 to_type=8 to_id=0x27000 link_type=4 bw=48 total_bw=48
jscs-backuppool-5090test-091606:1385395:1385833 [6] NCCL INFO [YT-TRACE] [TOPO] node from_type=8 from_id=0x27000 from_dev=-1 from_rank=-1 from_cc=-1 from_gdr=-1 from_nlinks=2
jscs-backuppool-5090test-091606:1385395:1385833 [6] NCCL INFO [YT-TRACE] [TOPO] node to_type=0 to_id=0x27000 to_dev=0 to_rank=0 to_cc=120 to_gdr=0 to_nlinks=0
jscs-backuppool-5090test-091606:1385395:1385827 [0] NCCL INFO [YT-TRACE] [TOPO] node from_type=3 from_id=0x1 from_dev=-1 from_rank=-1 from_cc=-1 from_gdr=-1 from_nlinks=3
jscs-backuppool-5090test-091606:1385395:1385827 [0] NCCL INFO [YT-TRACE] [TOPO] node to_type=3 to_id=0x0 to_dev=-1 to_rank=-1 to_cc=-1 to_gdr=-1 to_nlinks=6
jscs-backuppool-5090test-091606:1385395:1385827 [0] NCCL INFO [YT-TRACE] [TOPO] link from_type=3 from_id=0x1 to_type=3 to_id=0x0 link_type=9 bw=40 total_bw=40
jscs-backuppool-5090test-091606:1385395:1385827 [0] NCCL INFO [YT-TRACE] [TOPO] node from_type=3 from_id=0x1 from_dev=-1 from_rank=-1 from_cc=-1 from_gdr=-1 from_nlinks=4
jscs-backuppool-5090test-091606:1385395:1385827 [0] NCCL INFO [YT-TRACE] [TOPO] node to_type=3 to_id=0x2 to_dev=-1 to_rank=-1 to_cc=-1 to_gdr=-1 to_nlinks=3
jscs-backuppool-5090test-091606:1385395:1385827 [0] NCCL INFO [YT-TRACE] [TOPO] link from_type=3 from_id=0x1 to_type=3 to_id=0x2 link_type=9 bw=40 total_bw=40
jscs-backuppool-5090test-091606:1385395:1385827 [0] NCCL INFO [YT-TRACE] [TOPO] node from_type=3 from_id=0x1 from_dev=-1 from_rank=-1 from_cc=-1 from_gdr=-1 from_nlinks=5
jscs-backuppool-5090test-091606:1385395:1385827 [0] NCCL INFO [YT-TRACE] [TOPO] node to_type=3 to_id=0x3 to_dev=-1 to_rank=-1 to_cc=-1 to_gdr=-1 to_nlinks=1
jscs-backuppool-5090test-091606:1385395:1385827 [0] NCCL INFO [YT-TRACE] [TOPO] link from_type=3 from_id=0x1 to_type=3 to_id=0x3 link_type=9 bw=40 total_bw=40
jscs-backuppool-5090test-091606:1385395:1385827 [0] NCCL INFO [YT-TRACE] [TOPO] node from_type=3 from_id=0x2 from_dev=-1 from_rank=-1 from_cc=-1 from_gdr=-1 from_nlinks=4
jscs-backuppool-5090test-091606:1385395:1385827 [0] NCCL INFO [YT-TRACE] [TOPO] node to_type=3 to_id=0x0 to_dev=-1 to_rank=-1 to_cc=-1 to_gdr=-1 to_nlinks=6
jscs-backuppool-5090test-091606:1385395:1385827 [0] NCCL INFO [YT-TRACE] [TOPO] link from_type=3 from_id=0x2 to_type=3 to_id=0x0 link_type=9 bw=40 total_bw=40
jscs-backuppool-5090test-091606:1385395:1385827 [0] NCCL INFO [YT-TRACE] [TOPO] node from_type=3 from_id=0x2 from_dev=-1 from_rank=-1 from_cc=-1 from_gdr=-1 from_nlinks=5
jscs-backuppool-5090test-091606:1385395:1385827 [0] NCCL INFO [YT-TRACE] [TOPO] node to_type=3 to_id=0x1 to_dev=-1 to_rank=-1 to_cc=-1 to_gdr=-1 to_nlinks=5
jscs-backuppool-5090test-091606:1385395:1385827 [0] NCCL INFO [YT-TRACE] [TOPO] link from_type=3 from_id=0x2 to_type=3 to_id=0x1 link_type=9 bw=40 total_bw=40
jscs-backuppool-5090test-091606:1385395:1385827 [0] NCCL INFO [YT-TRACE] [TOPO] node from_type=3 from_id=0x2 from_dev=-1 from_rank=-1 from_cc=-1 from_gdr=-1 from_nlinks=6
jscs-backuppool-5090test-091606:1385395:1385833 [6] NCCL INFO [YT-TRACE] [TOPO] link from_type=8 from_id=0x27000 to_type=0 to_id=0x27000 link_type=0 bw=5000 total_bw=5000
jscs-backuppool-5090test-091606:1385395:1385833 [6] NCCL INFO [YT-TRACE] [TOPO] node from_type=0 from_id=0x27000 from_dev=0 from_rank=0 from_cc=120 from_gdr=0 from_nlinks=1
jscs-backuppool-5090test-091606:1385395:1385833 [6] NCCL INFO [YT-TRACE] [TOPO] node to_type=8 to_id=0x27000 to_dev=-1 to_rank=-1 to_cc=-1 to_gdr=-1 to_nlinks=2
jscs-backuppool-5090test-091606:1385395:1385833 [6] NCCL INFO [YT-TRACE] [TOPO] link from_type=0 from_id=0x27000 to_type=8 to_id=0x27000 link_type=0 bw=5000 total_bw=5000
jscs-backuppool-5090test-091606:1385395:1385827 [0] NCCL INFO [YT-TRACE] [TOPO] node to_type=3 to_id=0x3 to_dev=-1 to_rank=-1 to_cc=-1 to_gdr=-1 to_nlinks=1
jscs-backuppool-5090test-091606:1385395:1385827 [0] NCCL INFO [YT-TRACE] [TOPO] link from_type=3 from_id=0x2 to_type=3 to_id=0x3 link_type=9 bw=40 total_bw=40
jscs-backuppool-5090test-091606:1385395:1385827 [0] NCCL INFO [YT-TRACE] [TOPO] node from_type=3 from_id=0x3 from_dev=-1 from_rank=-1 from_cc=-1 from_gdr=-1 from_nlinks=2
jscs-backuppool-5090test-091606:1385395:1385827 [0] NCCL INFO [YT-TRACE] [TOPO] node to_type=3 to_id=0x0 to_dev=-1 to_rank=-1 to_cc=-1 to_gdr=-1 to_nlinks=6
jscs-backuppool-5090test-091606:1385395:1385827 [0] NCCL INFO [YT-TRACE] [TOPO] link from_type=3 from_id=0x3 to_type=3 to_id=0x0 link_type=9 bw=40 total_bw=40
jscs-backuppool-5090test-091606:1385395:1385827 [0] NCCL INFO [YT-TRACE] [TOPO] node from_type=3 from_id=0x3 from_dev=-1 from_rank=-1 from_cc=-1 from_gdr=-1 from_nlinks=3
jscs-backuppool-5090test-091606:1385395:1385827 [0] NCCL INFO [YT-TRACE] [TOPO] node to_type=3 to_id=0x1 to_dev=-1 to_rank=-1 to_cc=-1 to_gdr=-1 to_nlinks=5
jscs-backuppool-5090test-091606:1385395:1385827 [0] NCCL INFO [YT-TRACE] [TOPO] link from_type=3 from_id=0x3 to_type=3 to_id=0x1 link_type=9 bw=40 total_bw=40
jscs-backuppool-5090test-091606:1385395:1385827 [0] NCCL INFO [YT-TRACE] [TOPO] node from_type=3 from_id=0x3 from_dev=-1 from_rank=-1 from_cc=-1 from_gdr=-1 from_nlinks=4
jscs-backuppool-5090test-091606:1385395:1385827 [0] NCCL INFO [YT-TRACE] [TOPO] node to_type=3 to_id=0x2 to_dev=-1 to_rank=-1 to_cc=-1 to_gdr=-1 to_nlinks=6
jscs-backuppool-5090test-091606:1385395:1385827 [0] NCCL INFO [YT-TRACE] [TOPO] link from_type=3 from_id=0x3 to_type=3 to_id=0x2 link_type=9 bw=40 total_bw=40
jscs-backuppool-5090test-091606:1385395:1385833 [6] NCCL INFO [YT-TRACE] [TOPO] node from_type=3 from_id=0x0 from_dev=-1 from_rank=-1 from_cc=-1 from_gdr=-1 from_nlinks=2
jscs-backuppool-5090test-091606:1385395:1385833 [6] NCCL INFO [YT-TRACE] [TOPO] node to_type=4 to_id=0x0 to_dev=-1 to_rank=-1 to_cc=-1 to_gdr=-1 to_nlinks=0
jscs-backuppool-5090test-091606:1385395:1385833 [6] NCCL INFO [YT-TRACE] [TOPO] link from_type=3 from_id=0x0 to_type=4 to_id=0x0 link_type=4 bw=5000 total_bw=5000
jscs-backuppool-5090test-091606:1385395:1385833 [6] NCCL INFO [YT-TRACE] [TOPO] node from_type=4 from_id=0x0 from_dev=-1 from_rank=-1 from_cc=-1 from_gdr=-1 from_nlinks=1
jscs-backuppool-5090test-091606:1385395:1385833 [6] NCCL INFO [YT-TRACE] [TOPO] node to_type=3 to_id=0x0 to_dev=-1 to_rank=-1 to_cc=-1 to_gdr=-1 to_nlinks=2
jscs-backuppool-5090test-091606:1385395:1385833 [6] NCCL INFO [YT-TRACE] [TOPO] link from_type=4 from_id=0x0 to_type=3 to_id=0x0 link_type=4 bw=5000 total_bw=5000
jscs-backuppool-5090test-091606:1385395:1385833 [6] NCCL INFO [YT-TRACE] [TOPO] node from_type=4 from_id=0x0 from_dev=-1 from_rank=-1 from_cc=-1 from_gdr=-1 from_nlinks=2
jscs-backuppool-5090test-091606:1385395:1385833 [6] NCCL INFO [YT-TRACE] [TOPO] node to_type=5 to_id=0x0 to_dev=-1 to_rank=-1 to_cc=-1 to_gdr=-1 to_nlinks=0
jscs-backuppool-5090test-091606:1385395:1385833 [6] NCCL INFO [YT-TRACE] [TOPO] link from_type=4 from_id=0x0 to_type=5 to_id=0x0 link_type=10 bw=25 total_bw=25
jscs-backuppool-5090test-091606:1385395:1385833 [6] NCCL INFO [YT-TRACE] [TOPO] node from_type=5 from_id=0x0 from_dev=-1 from_rank=-1 from_cc=-1 from_gdr=-1 from_nlinks=1
jscs-backuppool-5090test-091606:1385395:1385833 [6] NCCL INFO [YT-TRACE] [TOPO] node to_type=4 to_id=0x0 to_dev=-1 to_rank=-1 to_cc=-1 to_gdr=-1 to_nlinks=2
jscs-backuppool-5090test-091606:1385395:1385833 [6] NCCL INFO [YT-TRACE] [TOPO] link from_type=5 from_id=0x0 to_type=4 to_id=0x0 link_type=10 bw=25 total_bw=25
jscs-backuppool-5090test-091606:1385395:1385833 [6] NCCL INFO [YT-TRACE] [TOPO] node from_type=8 from_id=0x38000 from_dev=-1 from_rank=-1 from_cc=-1 from_gdr=-1 from_nlinks=1
jscs-backuppool-5090test-091606:1385395:1385833 [6] NCCL INFO [YT-TRACE] [TOPO] node to_type=3 to_id=0x0 to_dev=-1 to_rank=-1 to_cc=-1 to_gdr=-1 to_nlinks=2
jscs-backuppool-5090test-091606:1385395:1385833 [6] NCCL INFO [YT-TRACE] [TOPO] link from_type=8 from_id=0x38000 to_type=3 to_id=0x0 link_type=4 bw=48 total_bw=48
jscs-backuppool-5090test-091606:1385395:1385833 [6] NCCL INFO [YT-TRACE] [TOPO] node from_type=3 from_id=0x0 from_dev=-1 from_rank=-1 from_cc=-1 from_gdr=-1 from_nlinks=3
jscs-backuppool-5090test-091606:1385395:1385833 [6] NCCL INFO [YT-TRACE] [TOPO] node to_type=8 to_id=0x38000 to_dev=-1 to_rank=-1 to_cc=-1 to_gdr=-1 to_nlinks=1
jscs-backuppool-5090test-091606:1385395:1385833 [6] NCCL INFO [YT-TRACE] [TOPO] link from_type=3 from_id=0x0 to_type=8 to_id=0x38000 link_type=4 bw=48 total_bw=48
jscs-backuppool-5090test-091606:1385395:1385833 [6] NCCL INFO [YT-TRACE] [TOPO] node from_type=8 from_id=0x38000 from_dev=-1 from_rank=-1 from_cc=-1 from_gdr=-1 from_nlinks=2
jscs-backuppool-5090test-091606:1385395:1385833 [6] NCCL INFO [YT-TRACE] [TOPO] node to_type=0 to_id=0x38000 to_dev=1 to_rank=1 to_cc=120 to_gdr=0 to_nlinks=0
jscs-backuppool-5090test-091606:1385395:1385833 [6] NCCL INFO [YT-TRACE] [TOPO] link from_type=8 from_id=0x38000 to_type=0 to_id=0x38000 link_type=0 bw=5000 total_bw=5000
jscs-backuppool-5090test-091606:1385395:1385833 [6] NCCL INFO [YT-TRACE] [TOPO] node from_type=0 from_id=0x38000 from_dev=1 from_rank=1 from_cc=120 from_gdr=0 from_nlinks=1
jscs-backuppool-5090test-091606:1385395:1385833 [6] NCCL INFO [YT-TRACE] [TOPO] node to_type=8 to_id=0x38000 to_dev=-1 to_rank=-1 to_cc=-1 to_gdr=-1 to_nlinks=2
jscs-backuppool-5090test-091606:1385395:1385833 [6] NCCL INFO [YT-TRACE] [TOPO] link from_type=0 from_id=0x38000 to_type=8 to_id=0x38000 link_type=0 bw=5000 total_bw=5000
jscs-backuppool-5090test-091606:1385395:1385833 [6] NCCL INFO [YT-TRACE] [TOPO] node from_type=8 from_id=0x49000 from_dev=-1 from_rank=-1 from_cc=-1 from_gdr=-1 from_nlinks=1
jscs-backuppool-5090test-091606:1385395:1385833 [6] NCCL INFO [YT-TRACE] [TOPO] node to_type=3 to_id=0x1 to_dev=-1 to_rank=-1 to_cc=-1 to_gdr=-1 to_nlinks=0
jscs-backuppool-5090test-091606:1385395:1385833 [6] NCCL INFO [YT-TRACE] [TOPO] link from_type=8 from_id=0x49000 to_type=3 to_id=0x1 link_type=4 bw=48 total_bw=48
jscs-backuppool-5090test-091606:1385395:1385833 [6] NCCL INFO [YT-TRACE] [TOPO] node from_type=3 from_id=0x1 from_dev=-1 from_rank=-1 from_cc=-1 from_gdr=-1 from_nlinks=1
jscs-backuppool-5090test-091606:1385395:1385833 [6] NCCL INFO [YT-TRACE] [TOPO] node to_type=8 to_id=0x49000 to_dev=-1 to_rank=-1 to_cc=-1 to_gdr=-1 to_nlinks=1
jscs-backuppool-5090test-091606:1385395:1385833 [6] NCCL INFO [YT-TRACE] [TOPO] link from_type=3 from_id=0x1 to_type=8 to_id=0x49000 link_type=4 bw=48 total_bw=48
jscs-backuppool-5090test-091606:1385395:1385833 [6] NCCL INFO [YT-TRACE] [TOPO] node from_type=8 from_id=0x49000 from_dev=-1 from_rank=-1 from_cc=-1 from_gdr=-1 from_nlinks=2
jscs-backuppool-5090test-091606:1385395:1385833 [6] NCCL INFO [YT-TRACE] [TOPO] node to_type=0 to_id=0x49000 to_dev=2 to_rank=2 to_cc=120 to_gdr=0 to_nlinks=0
jscs-backuppool-5090test-091606:1385395:1385833 [6] NCCL INFO [YT-TRACE] [TOPO] link from_type=8 from_id=0x49000 to_type=0 to_id=0x49000 link_type=0 bw=5000 total_bw=5000
jscs-backuppool-5090test-091606:1385395:1385833 [6] NCCL INFO [YT-TRACE] [TOPO] node from_type=0 from_id=0x49000 from_dev=2 from_rank=2 from_cc=120 from_gdr=0 from_nlinks=1
jscs-backuppool-5090test-091606:1385395:1385833 [6] NCCL INFO [YT-TRACE] [TOPO] node to_type=8 to_id=0x49000 to_dev=-1 to_rank=-1 to_cc=-1 to_gdr=-1 to_nlinks=2
jscs-backuppool-5090test-091606:1385395:1385833 [6] NCCL INFO [YT-TRACE] [TOPO] link from_type=0 from_id=0x49000 to_type=8 to_id=0x49000 link_type=0 bw=5000 total_bw=5000
jscs-backuppool-5090test-091606:1385395:1385833 [6] NCCL INFO [YT-TRACE] [TOPO] node from_type=4 from_id=0x0 from_dev=-1 from_rank=-1 from_cc=-1 from_gdr=-1 from_nlinks=3
jscs-backuppool-5090test-091606:1385395:1385833 [6] NCCL INFO [YT-TRACE] [TOPO] node to_type=5 to_id=0x0 to_dev=-1 to_rank=-1 to_cc=-1 to_gdr=-1 to_nlinks=0
jscs-backuppool-5090test-091606:1385395:1385833 [6] NCCL INFO [YT-TRACE] [TOPO] link from_type=4 from_id=0x0 to_type=5 to_id=0x0 link_type=10 bw=25 total_bw=25
jscs-backuppool-5090test-091606:1385395:1385833 [6] NCCL INFO [YT-TRACE] [TOPO] node from_type=5 from_id=0x0 from_dev=-1 from_rank=-1 from_cc=-1 from_gdr=-1 from_nlinks=1
jscs-backuppool-5090test-091606:1385395:1385833 [6] NCCL INFO [YT-TRACE] [TOPO] node to_type=4 to_id=0x0 to_dev=-1 to_rank=-1 to_cc=-1 to_gdr=-1 to_nlinks=3
jscs-backuppool-5090test-091606:1385395:1385833 [6] NCCL INFO [YT-TRACE] [TOPO] link from_type=5 from_id=0x0 to_type=4 to_id=0x0 link_type=10 bw=25 total_bw=25
jscs-backuppool-5090test-091606:1385395:1385833 [6] NCCL INFO [YT-TRACE] [TOPO] node from_type=8 from_id=0x5a000 from_dev=-1 from_rank=-1 from_cc=-1 from_gdr=-1 from_nlinks=1
jscs-backuppool-5090test-091606:1385395:1385833 [6] NCCL INFO [YT-TRACE] [TOPO] node to_type=3 to_id=0x1 to_dev=-1 to_rank=-1 to_cc=-1 to_gdr=-1 to_nlinks=1
jscs-backuppool-5090test-091606:1385395:1385833 [6] NCCL INFO [YT-TRACE] [TOPO] link from_type=8 from_id=0x5a000 to_type=3 to_id=0x1 link_type=4 bw=48 total_bw=48
jscs-backuppool-5090test-091606:1385395:1385833 [6] NCCL INFO [YT-TRACE] [TOPO] node from_type=3 from_id=0x1 from_dev=-1 from_rank=-1 from_cc=-1 from_gdr=-1 from_nlinks=2
jscs-backuppool-5090test-091606:1385395:1385833 [6] NCCL INFO [YT-TRACE] [TOPO] node to_type=8 to_id=0x5a000 to_dev=-1 to_rank=-1 to_cc=-1 to_gdr=-1 to_nlinks=1
jscs-backuppool-5090test-091606:1385395:1385833 [6] NCCL INFO [YT-TRACE] [TOPO] link from_type=3 from_id=0x1 to_type=8 to_id=0x5a000 link_type=4 bw=48 total_bw=48
jscs-backuppool-5090test-091606:1385395:1385833 [6] NCCL INFO [YT-TRACE] [TOPO] node from_type=8 from_id=0x5a000 from_dev=-1 from_rank=-1 from_cc=-1 from_gdr=-1 from_nlinks=2
jscs-backuppool-5090test-091606:1385395:1385833 [6] NCCL INFO [YT-TRACE] [TOPO] node to_type=0 to_id=0x5a000 to_dev=3 to_rank=3 to_cc=120 to_gdr=0 to_nlinks=0
jscs-backuppool-5090test-091606:1385395:1385833 [6] NCCL INFO [YT-TRACE] [TOPO] link from_type=8 from_id=0x5a000 to_type=0 to_id=0x5a000 link_type=0 bw=5000 total_bw=5000
jscs-backuppool-5090test-091606:1385395:1385833 [6] NCCL INFO [YT-TRACE] [TOPO] node from_type=0 from_id=0x5a000 from_dev=3 from_rank=3 from_cc=120 from_gdr=0 from_nlinks=1
jscs-backuppool-5090test-091606:1385395:1385833 [6] NCCL INFO [YT-TRACE] [TOPO] node to_type=8 to_id=0x5a000 to_dev=-1 to_rank=-1 to_cc=-1 to_gdr=-1 to_nlinks=2
jscs-backuppool-5090test-091606:1385395:1385833 [6] NCCL INFO [YT-TRACE] [TOPO] link from_type=0 from_id=0x5a000 to_type=8 to_id=0x5a000 link_type=0 bw=5000 total_bw=5000
jscs-backuppool-5090test-091606:1385395:1385833 [6] NCCL INFO [YT-TRACE] [TOPO] node from_type=8 from_id=0x98000 from_dev=-1 from_rank=-1 from_cc=-1 from_gdr=-1 from_nlinks=1
jscs-backuppool-5090test-091606:1385395:1385833 [6] NCCL INFO [YT-TRACE] [TOPO] node to_type=3 to_id=0x2 to_dev=-1 to_rank=-1 to_cc=-1 to_gdr=-1 to_nlinks=0
jscs-backuppool-5090test-091606:1385395:1385833 [6] NCCL INFO [YT-TRACE] [TOPO] link from_type=8 from_id=0x98000 to_type=3 to_id=0x2 link_type=4 bw=48 total_bw=48
jscs-backuppool-5090test-091606:1385395:1385833 [6] NCCL INFO [YT-TRACE] [TOPO] node from_type=3 from_id=0x2 from_dev=-1 from_rank=-1 from_cc=-1 from_gdr=-1 from_nlinks=1
jscs-backuppool-5090test-091606:1385395:1385833 [6] NCCL INFO [YT-TRACE] [TOPO] node to_type=8 to_id=0x98000 to_dev=-1 to_rank=-1 to_cc=-1 to_gdr=-1 to_nlinks=1
jscs-backuppool-5090test-091606:1385395:1385833 [6] NCCL INFO [YT-TRACE] [TOPO] link from_type=3 from_id=0x2 to_type=8 to_id=0x98000 link_type=4 bw=48 total_bw=48
jscs-backuppool-5090test-091606:1385395:1385833 [6] NCCL INFO [YT-TRACE] [TOPO] node from_type=8 from_id=0x98000 from_dev=-1 from_rank=-1 from_cc=-1 from_gdr=-1 from_nlinks=2
jscs-backuppool-5090test-091606:1385395:1385833 [6] NCCL INFO [YT-TRACE] [TOPO] node to_type=0 to_id=0x98000 to_dev=4 to_rank=4 to_cc=120 to_gdr=0 to_nlinks=0
jscs-backuppool-5090test-091606:1385395:1385833 [6] NCCL INFO [YT-TRACE] [TOPO] link from_type=8 from_id=0x98000 to_type=0 to_id=0x98000 link_type=0 bw=5000 total_bw=5000
jscs-backuppool-5090test-091606:1385395:1385833 [6] NCCL INFO [YT-TRACE] [TOPO] node from_type=0 from_id=0x98000 from_dev=4 from_rank=4 from_cc=120 from_gdr=0 from_nlinks=1
jscs-backuppool-5090test-091606:1385395:1385833 [6] NCCL INFO [YT-TRACE] [TOPO] node to_type=8 to_id=0x98000 to_dev=-1 to_rank=-1 to_cc=-1 to_gdr=-1 to_nlinks=2
jscs-backuppool-5090test-091606:1385395:1385833 [6] NCCL INFO [YT-TRACE] [TOPO] link from_type=0 from_id=0x98000 to_type=8 to_id=0x98000 link_type=0 bw=5000 total_bw=5000
jscs-backuppool-5090test-091606:1385395:1385833 [6] NCCL INFO [YT-TRACE] [TOPO] node from_type=4 from_id=0x0 from_dev=-1 from_rank=-1 from_cc=-1 from_gdr=-1 from_nlinks=4
jscs-backuppool-5090test-091606:1385395:1385833 [6] NCCL INFO [YT-TRACE] [TOPO] node to_type=5 to_id=0x0 to_dev=-1 to_rank=-1 to_cc=-1 to_gdr=-1 to_nlinks=0
jscs-backuppool-5090test-091606:1385395:1385833 [6] NCCL INFO [YT-TRACE] [TOPO] link from_type=4 from_id=0x0 to_type=5 to_id=0x0 link_type=10 bw=25 total_bw=25
jscs-backuppool-5090test-091606:1385395:1385833 [6] NCCL INFO [YT-TRACE] [TOPO] node from_type=5 from_id=0x0 from_dev=-1 from_rank=-1 from_cc=-1 from_gdr=-1 from_nlinks=1
jscs-backuppool-5090test-091606:1385395:1385833 [6] NCCL INFO [YT-TRACE] [TOPO] node to_type=4 to_id=0x0 to_dev=-1 to_rank=-1 to_cc=-1 to_gdr=-1 to_nlinks=4
jscs-backuppool-5090test-091606:1385395:1385833 [6] NCCL INFO [YT-TRACE] [TOPO] link from_type=5 from_id=0x0 to_type=4 to_id=0x0 link_type=10 bw=25 total_bw=25
jscs-backuppool-5090test-091606:1385395:1385833 [6] NCCL INFO [YT-TRACE] [TOPO] node from_type=8 from_id=0xa8000 from_dev=-1 from_rank=-1 from_cc=-1 from_gdr=-1 from_nlinks=1
jscs-backuppool-5090test-091606:1385395:1385833 [6] NCCL INFO [YT-TRACE] [TOPO] node to_type=3 to_id=0x2 to_dev=-1 to_rank=-1 to_cc=-1 to_gdr=-1 to_nlinks=1
jscs-backuppool-5090test-091606:1385395:1385833 [6] NCCL INFO [YT-TRACE] [TOPO] link from_type=8 from_id=0xa8000 to_type=3 to_id=0x2 link_type=4 bw=48 total_bw=48
jscs-backuppool-5090test-091606:1385395:1385833 [6] NCCL INFO [YT-TRACE] [TOPO] node from_type=3 from_id=0x2 from_dev=-1 from_rank=-1 from_cc=-1 from_gdr=-1 from_nlinks=2
jscs-backuppool-5090test-091606:1385395:1385833 [6] NCCL INFO [YT-TRACE] [TOPO] node to_type=8 to_id=0xa8000 to_dev=-1 to_rank=-1 to_cc=-1 to_gdr=-1 to_nlinks=1
jscs-backuppool-5090test-091606:1385395:1385833 [6] NCCL INFO [YT-TRACE] [TOPO] link from_type=3 from_id=0x2 to_type=8 to_id=0xa8000 link_type=4 bw=48 total_bw=48
jscs-backuppool-5090test-091606:1385395:1385833 [6] NCCL INFO [YT-TRACE] [TOPO] node from_type=8 from_id=0xa8000 from_dev=-1 from_rank=-1 from_cc=-1 from_gdr=-1 from_nlinks=2
jscs-backuppool-5090test-091606:1385395:1385833 [6] NCCL INFO [YT-TRACE] [TOPO] node to_type=0 to_id=0xa8000 to_dev=5 to_rank=5 to_cc=120 to_gdr=0 to_nlinks=0
jscs-backuppool-5090test-091606:1385395:1385833 [6] NCCL INFO [YT-TRACE] [TOPO] link from_type=8 from_id=0xa8000 to_type=0 to_id=0xa8000 link_type=0 bw=5000 total_bw=5000
jscs-backuppool-5090test-091606:1385395:1385833 [6] NCCL INFO [YT-TRACE] [TOPO] node from_type=0 from_id=0xa8000 from_dev=5 from_rank=5 from_cc=120 from_gdr=0 from_nlinks=1
jscs-backuppool-5090test-091606:1385395:1385833 [6] NCCL INFO [YT-TRACE] [TOPO] node to_type=8 to_id=0xa8000 to_dev=-1 to_rank=-1 to_cc=-1 to_gdr=-1 to_nlinks=2
jscs-backuppool-5090test-091606:1385395:1385833 [6] NCCL INFO [YT-TRACE] [TOPO] link from_type=0 from_id=0xa8000 to_type=8 to_id=0xa8000 link_type=0 bw=5000 total_bw=5000
jscs-backuppool-5090test-091606:1385395:1385833 [6] NCCL INFO [YT-TRACE] [TOPO] node from_type=8 from_id=0xb8000 from_dev=-1 from_rank=-1 from_cc=-1 from_gdr=-1 from_nlinks=1
jscs-backuppool-5090test-091606:1385395:1385833 [6] NCCL INFO [YT-TRACE] [TOPO] node to_type=3 to_id=0x2 to_dev=-1 to_rank=-1 to_cc=-1 to_gdr=-1 to_nlinks=2
jscs-backuppool-5090test-091606:1385395:1385833 [6] NCCL INFO [YT-TRACE] [TOPO] link from_type=8 from_id=0xb8000 to_type=3 to_id=0x2 link_type=4 bw=48 total_bw=48
jscs-backuppool-5090test-091606:1385395:1385833 [6] NCCL INFO [YT-TRACE] [TOPO] node from_type=3 from_id=0x2 from_dev=-1 from_rank=-1 from_cc=-1 from_gdr=-1 from_nlinks=3
jscs-backuppool-5090test-091606:1385395:1385833 [6] NCCL INFO [YT-TRACE] [TOPO] node to_type=8 to_id=0xb8000 to_dev=-1 to_rank=-1 to_cc=-1 to_gdr=-1 to_nlinks=1
jscs-backuppool-5090test-091606:1385395:1385833 [6] NCCL INFO [YT-TRACE] [TOPO] link from_type=3 from_id=0x2 to_type=8 to_id=0xb8000 link_type=4 bw=48 total_bw=48
jscs-backuppool-5090test-091606:1385395:1385833 [6] NCCL INFO [YT-TRACE] [TOPO] node from_type=8 from_id=0xb8000 from_dev=-1 from_rank=-1 from_cc=-1 from_gdr=-1 from_nlinks=2
jscs-backuppool-5090test-091606:1385395:1385833 [6] NCCL INFO [YT-TRACE] [TOPO] node to_type=0 to_id=0xb8000 to_dev=6 to_rank=6 to_cc=120 to_gdr=0 to_nlinks=0
jscs-backuppool-5090test-091606:1385395:1385833 [6] NCCL INFO [YT-TRACE] [TOPO] link from_type=8 from_id=0xb8000 to_type=0 to_id=0xb8000 link_type=0 bw=5000 total_bw=5000
jscs-backuppool-5090test-091606:1385395:1385833 [6] NCCL INFO [YT-TRACE] [TOPO] node from_type=0 from_id=0xb8000 from_dev=6 from_rank=6 from_cc=120 from_gdr=0 from_nlinks=1
jscs-backuppool-5090test-091606:1385395:1385833 [6] NCCL INFO [YT-TRACE] [TOPO] node to_type=8 to_id=0xb8000 to_dev=-1 to_rank=-1 to_cc=-1 to_gdr=-1 to_nlinks=2
jscs-backuppool-5090test-091606:1385395:1385833 [6] NCCL INFO [YT-TRACE] [TOPO] link from_type=0 from_id=0xb8000 to_type=8 to_id=0xb8000 link_type=0 bw=5000 total_bw=5000
jscs-backuppool-5090test-091606:1385395:1385833 [6] NCCL INFO [YT-TRACE] [TOPO] node from_type=8 from_id=0xc8000 from_dev=-1 from_rank=-1 from_cc=-1 from_gdr=-1 from_nlinks=1
jscs-backuppool-5090test-091606:1385395:1385833 [6] NCCL INFO [YT-TRACE] [TOPO] node to_type=3 to_id=0x3 to_dev=-1 to_rank=-1 to_cc=-1 to_gdr=-1 to_nlinks=0
jscs-backuppool-5090test-091606:1385395:1385833 [6] NCCL INFO [YT-TRACE] [TOPO] link from_type=8 from_id=0xc8000 to_type=3 to_id=0x3 link_type=4 bw=48 total_bw=48
jscs-backuppool-5090test-091606:1385395:1385833 [6] NCCL INFO [YT-TRACE] [TOPO] node from_type=3 from_id=0x3 from_dev=-1 from_rank=-1 from_cc=-1 from_gdr=-1 from_nlinks=1
jscs-backuppool-5090test-091606:1385395:1385833 [6] NCCL INFO [YT-TRACE] [TOPO] node to_type=8 to_id=0xc8000 to_dev=-1 to_rank=-1 to_cc=-1 to_gdr=-1 to_nlinks=1
jscs-backuppool-5090test-091606:1385395:1385833 [6] NCCL INFO [YT-TRACE] [TOPO] link from_type=3 from_id=0x3 to_type=8 to_id=0xc8000 link_type=4 bw=48 total_bw=48
jscs-backuppool-5090test-091606:1385395:1385833 [6] NCCL INFO [YT-TRACE] [TOPO] node from_type=8 from_id=0xc8000 from_dev=-1 from_rank=-1 from_cc=-1 from_gdr=-1 from_nlinks=2
jscs-backuppool-5090test-091606:1385395:1385833 [6] NCCL INFO [YT-TRACE] [TOPO] node to_type=0 to_id=0xc8000 to_dev=7 to_rank=7 to_cc=120 to_gdr=0 to_nlinks=0
jscs-backuppool-5090test-091606:1385395:1385833 [6] NCCL INFO [YT-TRACE] [TOPO] link from_type=8 from_id=0xc8000 to_type=0 to_id=0xc8000 link_type=0 bw=5000 total_bw=5000
jscs-backuppool-5090test-091606:1385395:1385833 [6] NCCL INFO [YT-TRACE] [TOPO] node from_type=0 from_id=0xc8000 from_dev=7 from_rank=7 from_cc=120 from_gdr=0 from_nlinks=1
jscs-backuppool-5090test-091606:1385395:1385833 [6] NCCL INFO [YT-TRACE] [TOPO] node to_type=8 to_id=0xc8000 to_dev=-1 to_rank=-1 to_cc=-1 to_gdr=-1 to_nlinks=2
jscs-backuppool-5090test-091606:1385395:1385833 [6] NCCL INFO [YT-TRACE] [TOPO] link from_type=0 from_id=0xc8000 to_type=8 to_id=0xc8000 link_type=0 bw=5000 total_bw=5000
jscs-backuppool-5090test-091606:1385395:1385833 [6] NCCL INFO [YT-TRACE] [TOPO] node from_type=4 from_id=0x0 from_dev=-1 from_rank=-1 from_cc=-1 from_gdr=-1 from_nlinks=5
jscs-backuppool-5090test-091606:1385395:1385833 [6] NCCL INFO [YT-TRACE] [TOPO] node to_type=5 to_id=0x0 to_dev=-1 to_rank=-1 to_cc=-1 to_gdr=-1 to_nlinks=0
jscs-backuppool-5090test-091606:1385395:1385833 [6] NCCL INFO [YT-TRACE] [TOPO] link from_type=4 from_id=0x0 to_type=5 to_id=0x0 link_type=10 bw=25 total_bw=25
jscs-backuppool-5090test-091606:1385395:1385833 [6] NCCL INFO [YT-TRACE] [TOPO] node from_type=5 from_id=0x0 from_dev=-1 from_rank=-1 from_cc=-1 from_gdr=-1 from_nlinks=1
jscs-backuppool-5090test-091606:1385395:1385833 [6] NCCL INFO [YT-TRACE] [TOPO] node to_type=4 to_id=0x0 to_dev=-1 to_rank=-1 to_cc=-1 to_gdr=-1 to_nlinks=5
jscs-backuppool-5090test-091606:1385395:1385833 [6] NCCL INFO [YT-TRACE] [TOPO] link from_type=5 from_id=0x0 to_type=4 to_id=0x0 link_type=10 bw=25 total_bw=25
jscs-backuppool-5090test-091606:1385395:1385833 [6] NCCL INFO [YT-TRACE] [TOPO] node from_type=3 from_id=0x0 from_dev=-1 from_rank=-1 from_cc=-1 from_gdr=-1 from_nlinks=4
jscs-backuppool-5090test-091606:1385395:1385833 [6] NCCL INFO [YT-TRACE] [TOPO] node to_type=3 to_id=0x1 to_dev=-1 to_rank=-1 to_cc=-1 to_gdr=-1 to_nlinks=2
jscs-backuppool-5090test-091606:1385395:1385833 [6] NCCL INFO [YT-TRACE] [TOPO] link from_type=3 from_id=0x0 to_type=3 to_id=0x1 link_type=9 bw=40 total_bw=40
jscs-backuppool-5090test-091606:1385395:1385833 [6] NCCL INFO [YT-TRACE] [TOPO] node from_type=3 from_id=0x0 from_dev=-1 from_rank=-1 from_cc=-1 from_gdr=-1 from_nlinks=5
jscs-backuppool-5090test-091606:1385395:1385833 [6] NCCL INFO [YT-TRACE] [TOPO] node to_type=3 to_id=0x2 to_dev=-1 to_rank=-1 to_cc=-1 to_gdr=-1 to_nlinks=3
jscs-backuppool-5090test-091606:1385395:1385833 [6] NCCL INFO [YT-TRACE] [TOPO] link from_type=3 from_id=0x0 to_type=3 to_id=0x2 link_type=9 bw=40 total_bw=40
jscs-backuppool-5090test-091606:1385395:1385833 [6] NCCL INFO [YT-TRACE] [TOPO] node from_type=3 from_id=0x0 from_dev=-1 from_rank=-1 from_cc=-1 from_gdr=-1 from_nlinks=6
jscs-backuppool-5090test-091606:1385395:1385833 [6] NCCL INFO [YT-TRACE] [TOPO] node to_type=3 to_id=0x3 to_dev=-1 to_rank=-1 to_cc=-1 to_gdr=-1 to_nlinks=1
jscs-backuppool-5090test-091606:1385395:1385833 [6] NCCL INFO [YT-TRACE] [TOPO] link from_type=3 from_id=0x0 to_type=3 to_id=0x3 link_type=9 bw=40 total_bw=40
jscs-backuppool-5090test-091606:1385395:1385833 [6] NCCL INFO [YT-TRACE] [TOPO] node from_type=3 from_id=0x1 from_dev=-1 from_rank=-1 from_cc=-1 from_gdr=-1 from_nlinks=3
jscs-backuppool-5090test-091606:1385395:1385833 [6] NCCL INFO [YT-TRACE] [TOPO] node to_type=3 to_id=0x0 to_dev=-1 to_rank=-1 to_cc=-1 to_gdr=-1 to_nlinks=6
jscs-backuppool-5090test-091606:1385395:1385833 [6] NCCL INFO [YT-TRACE] [TOPO] link from_type=3 from_id=0x1 to_type=3 to_id=0x0 link_type=9 bw=40 total_bw=40
jscs-backuppool-5090test-091606:1385395:1385833 [6] NCCL INFO [YT-TRACE] [TOPO] node from_type=3 from_id=0x1 from_dev=-1 from_rank=-1 from_cc=-1 from_gdr=-1 from_nlinks=4
jscs-backuppool-5090test-091606:1385395:1385833 [6] NCCL INFO [YT-TRACE] [TOPO] node to_type=3 to_id=0x2 to_dev=-1 to_rank=-1 to_cc=-1 to_gdr=-1 to_nlinks=3
jscs-backuppool-5090test-091606:1385395:1385833 [6] NCCL INFO [YT-TRACE] [TOPO] link from_type=3 from_id=0x1 to_type=3 to_id=0x2 link_type=9 bw=40 total_bw=40
jscs-backuppool-5090test-091606:1385395:1385833 [6] NCCL INFO [YT-TRACE] [TOPO] node from_type=3 from_id=0x1 from_dev=-1 from_rank=-1 from_cc=-1 from_gdr=-1 from_nlinks=5
jscs-backuppool-5090test-091606:1385395:1385833 [6] NCCL INFO [YT-TRACE] [TOPO] node to_type=3 to_id=0x3 to_dev=-1 to_rank=-1 to_cc=-1 to_gdr=-1 to_nlinks=1
jscs-backuppool-5090test-091606:1385395:1385833 [6] NCCL INFO [YT-TRACE] [TOPO] link from_type=3 from_id=0x1 to_type=3 to_id=0x3 link_type=9 bw=40 total_bw=40
jscs-backuppool-5090test-091606:1385395:1385833 [6] NCCL INFO [YT-TRACE] [TOPO] node from_type=3 from_id=0x2 from_dev=-1 from_rank=-1 from_cc=-1 from_gdr=-1 from_nlinks=4
jscs-backuppool-5090test-091606:1385395:1385833 [6] NCCL INFO [YT-TRACE] [TOPO] node to_type=3 to_id=0x0 to_dev=-1 to_rank=-1 to_cc=-1 to_gdr=-1 to_nlinks=6
jscs-backuppool-5090test-091606:1385395:1385833 [6] NCCL INFO [YT-TRACE] [TOPO] link from_type=3 from_id=0x2 to_type=3 to_id=0x0 link_type=9 bw=40 total_bw=40
jscs-backuppool-5090test-091606:1385395:1385833 [6] NCCL INFO [YT-TRACE] [TOPO] node from_type=3 from_id=0x2 from_dev=-1 from_rank=-1 from_cc=-1 from_gdr=-1 from_nlinks=5
jscs-backuppool-5090test-091606:1385395:1385833 [6] NCCL INFO [YT-TRACE] [TOPO] node to_type=3 to_id=0x1 to_dev=-1 to_rank=-1 to_cc=-1 to_gdr=-1 to_nlinks=5
jscs-backuppool-5090test-091606:1385395:1385833 [6] NCCL INFO [YT-TRACE] [TOPO] link from_type=3 from_id=0x2 to_type=3 to_id=0x1 link_type=9 bw=40 total_bw=40
jscs-backuppool-5090test-091606:1385395:1385833 [6] NCCL INFO [YT-TRACE] [TOPO] node from_type=3 from_id=0x2 from_dev=-1 from_rank=-1 from_cc=-1 from_gdr=-1 from_nlinks=6
jscs-backuppool-5090test-091606:1385395:1385833 [6] NCCL INFO [YT-TRACE] [TOPO] node to_type=3 to_id=0x3 to_dev=-1 to_rank=-1 to_cc=-1 to_gdr=-1 to_nlinks=1
jscs-backuppool-5090test-091606:1385395:1385833 [6] NCCL INFO [YT-TRACE] [TOPO] link from_type=3 from_id=0x2 to_type=3 to_id=0x3 link_type=9 bw=40 total_bw=40
jscs-backuppool-5090test-091606:1385395:1385833 [6] NCCL INFO [YT-TRACE] [TOPO] node from_type=3 from_id=0x3 from_dev=-1 from_rank=-1 from_cc=-1 from_gdr=-1 from_nlinks=2
jscs-backuppool-5090test-091606:1385395:1385833 [6] NCCL INFO [YT-TRACE] [TOPO] node to_type=3 to_id=0x0 to_dev=-1 to_rank=-1 to_cc=-1 to_gdr=-1 to_nlinks=6
jscs-backuppool-5090test-091606:1385395:1385833 [6] NCCL INFO [YT-TRACE] [TOPO] link from_type=3 from_id=0x3 to_type=3 to_id=0x0 link_type=9 bw=40 total_bw=40
jscs-backuppool-5090test-091606:1385395:1385833 [6] NCCL INFO [YT-TRACE] [TOPO] node from_type=3 from_id=0x3 from_dev=-1 from_rank=-1 from_cc=-1 from_gdr=-1 from_nlinks=3
jscs-backuppool-5090test-091606:1385395:1385833 [6] NCCL INFO [YT-TRACE] [TOPO] node to_type=3 to_id=0x1 to_dev=-1 to_rank=-1 to_cc=-1 to_gdr=-1 to_nlinks=5
jscs-backuppool-5090test-091606:1385395:1385833 [6] NCCL INFO [YT-TRACE] [TOPO] link from_type=3 from_id=0x3 to_type=3 to_id=0x1 link_type=9 bw=40 total_bw=40
jscs-backuppool-5090test-091606:1385395:1385833 [6] NCCL INFO [YT-TRACE] [TOPO] node from_type=3 from_id=0x3 from_dev=-1 from_rank=-1 from_cc=-1 from_gdr=-1 from_nlinks=4
jscs-backuppool-5090test-091606:1385395:1385833 [6] NCCL INFO [YT-TRACE] [TOPO] node to_type=3 to_id=0x2 to_dev=-1 to_rank=-1 to_cc=-1 to_gdr=-1 to_nlinks=6
jscs-backuppool-5090test-091606:1385395:1385833 [6] NCCL INFO [YT-TRACE] [TOPO] link from_type=3 from_id=0x3 to_type=3 to_id=0x2 link_type=9 bw=40 total_bw=40
jscs-backuppool-5090test-091606:1385395:1385831 [4] NCCL INFO [YT-TRACE] [TOPO] node from_type=8 from_id=0x27000 from_dev=-1 from_rank=-1 from_cc=-1 from_gdr=-1 from_nlinks=1
jscs-backuppool-5090test-091606:1385395:1385831 [4] NCCL INFO [YT-TRACE] [TOPO] node to_type=3 to_id=0x0 to_dev=-1 to_rank=-1 to_cc=-1 to_gdr=-1 to_nlinks=0
jscs-backuppool-5090test-091606:1385395:1385831 [4] NCCL INFO [YT-TRACE] [TOPO] link from_type=8 from_id=0x27000 to_type=3 to_id=0x0 link_type=4 bw=48 total_bw=48
jscs-backuppool-5090test-091606:1385395:1385831 [4] NCCL INFO [YT-TRACE] [TOPO] node from_type=3 from_id=0x0 from_dev=-1 from_rank=-1 from_cc=-1 from_gdr=-1 from_nlinks=1
jscs-backuppool-5090test-091606:1385395:1385831 [4] NCCL INFO [YT-TRACE] [TOPO] node to_type=8 to_id=0x27000 to_dev=-1 to_rank=-1 to_cc=-1 to_gdr=-1 to_nlinks=1
jscs-backuppool-5090test-091606:1385395:1385831 [4] NCCL INFO [YT-TRACE] [TOPO] link from_type=3 from_id=0x0 to_type=8 to_id=0x27000 link_type=4 bw=48 total_bw=48
jscs-backuppool-5090test-091606:1385395:1385831 [4] NCCL INFO [YT-TRACE] [TOPO] node from_type=8 from_id=0x27000 from_dev=-1 from_rank=-1 from_cc=-1 from_gdr=-1 from_nlinks=2
jscs-backuppool-5090test-091606:1385395:1385831 [4] NCCL INFO [YT-TRACE] [TOPO] node to_type=0 to_id=0x27000 to_dev=0 to_rank=0 to_cc=120 to_gdr=0 to_nlinks=0
jscs-backuppool-5090test-091606:1385395:1385831 [4] NCCL INFO [YT-TRACE] [TOPO] link from_type=8 from_id=0x27000 to_type=0 to_id=0x27000 link_type=0 bw=5000 total_bw=5000
jscs-backuppool-5090test-091606:1385395:1385831 [4] NCCL INFO [YT-TRACE] [TOPO] node from_type=0 from_id=0x27000 from_dev=0 from_rank=0 from_cc=120 from_gdr=0 from_nlinks=1
jscs-backuppool-5090test-091606:1385395:1385831 [4] NCCL INFO [YT-TRACE] [TOPO] node to_type=8 to_id=0x27000 to_dev=-1 to_rank=-1 to_cc=-1 to_gdr=-1 to_nlinks=2
jscs-backuppool-5090test-091606:1385395:1385831 [4] NCCL INFO [YT-TRACE] [TOPO] link from_type=0 from_id=0x27000 to_type=8 to_id=0x27000 link_type=0 bw=5000 total_bw=5000
jscs-backuppool-5090test-091606:1385395:1385831 [4] NCCL INFO [YT-TRACE] [TOPO] node from_type=3 from_id=0x0 from_dev=-1 from_rank=-1 from_cc=-1 from_gdr=-1 from_nlinks=2
jscs-backuppool-5090test-091606:1385395:1385831 [4] NCCL INFO [YT-TRACE] [TOPO] node to_type=4 to_id=0x0 to_dev=-1 to_rank=-1 to_cc=-1 to_gdr=-1 to_nlinks=0
jscs-backuppool-5090test-091606:1385395:1385831 [4] NCCL INFO [YT-TRACE] [TOPO] link from_type=3 from_id=0x0 to_type=4 to_id=0x0 link_type=4 bw=5000 total_bw=5000
jscs-backuppool-5090test-091606:1385395:1385831 [4] NCCL INFO [YT-TRACE] [TOPO] node from_type=4 from_id=0x0 from_dev=-1 from_rank=-1 from_cc=-1 from_gdr=-1 from_nlinks=1
jscs-backuppool-5090test-091606:1385395:1385831 [4] NCCL INFO [YT-TRACE] [TOPO] node to_type=3 to_id=0x0 to_dev=-1 to_rank=-1 to_cc=-1 to_gdr=-1 to_nlinks=2
jscs-backuppool-5090test-091606:1385395:1385831 [4] NCCL INFO [YT-TRACE] [TOPO] link from_type=4 from_id=0x0 to_type=3 to_id=0x0 link_type=4 bw=5000 total_bw=5000
jscs-backuppool-5090test-091606:1385395:1385831 [4] NCCL INFO [YT-TRACE] [TOPO] node from_type=4 from_id=0x0 from_dev=-1 from_rank=-1 from_cc=-1 from_gdr=-1 from_nlinks=2
jscs-backuppool-5090test-091606:1385395:1385831 [4] NCCL INFO [YT-TRACE] [TOPO] node to_type=5 to_id=0x0 to_dev=-1 to_rank=-1 to_cc=-1 to_gdr=-1 to_nlinks=0
jscs-backuppool-5090test-091606:1385395:1385831 [4] NCCL INFO [YT-TRACE] [TOPO] link from_type=4 from_id=0x0 to_type=5 to_id=0x0 link_type=10 bw=25 total_bw=25
jscs-backuppool-5090test-091606:1385395:1385831 [4] NCCL INFO [YT-TRACE] [TOPO] node from_type=5 from_id=0x0 from_dev=-1 from_rank=-1 from_cc=-1 from_gdr=-1 from_nlinks=1
jscs-backuppool-5090test-091606:1385395:1385831 [4] NCCL INFO [YT-TRACE] [TOPO] node to_type=4 to_id=0x0 to_dev=-1 to_rank=-1 to_cc=-1 to_gdr=-1 to_nlinks=2
jscs-backuppool-5090test-091606:1385395:1385831 [4] NCCL INFO [YT-TRACE] [TOPO] link from_type=5 from_id=0x0 to_type=4 to_id=0x0 link_type=10 bw=25 total_bw=25
jscs-backuppool-5090test-091606:1385395:1385831 [4] NCCL INFO [YT-TRACE] [TOPO] node from_type=8 from_id=0x38000 from_dev=-1 from_rank=-1 from_cc=-1 from_gdr=-1 from_nlinks=1
jscs-backuppool-5090test-091606:1385395:1385831 [4] NCCL INFO [YT-TRACE] [TOPO] node to_type=3 to_id=0x0 to_dev=-1 to_rank=-1 to_cc=-1 to_gdr=-1 to_nlinks=2
jscs-backuppool-5090test-091606:1385395:1385831 [4] NCCL INFO [YT-TRACE] [TOPO] link from_type=8 from_id=0x38000 to_type=3 to_id=0x0 link_type=4 bw=48 total_bw=48
jscs-backuppool-5090test-091606:1385395:1385831 [4] NCCL INFO [YT-TRACE] [TOPO] node from_type=3 from_id=0x0 from_dev=-1 from_rank=-1 from_cc=-1 from_gdr=-1 from_nlinks=3
jscs-backuppool-5090test-091606:1385395:1385831 [4] NCCL INFO [YT-TRACE] [TOPO] node to_type=8 to_id=0x38000 to_dev=-1 to_rank=-1 to_cc=-1 to_gdr=-1 to_nlinks=1
jscs-backuppool-5090test-091606:1385395:1385831 [4] NCCL INFO [YT-TRACE] [TOPO] link from_type=3 from_id=0x0 to_type=8 to_id=0x38000 link_type=4 bw=48 total_bw=48
jscs-backuppool-5090test-091606:1385395:1385831 [4] NCCL INFO [YT-TRACE] [TOPO] node from_type=8 from_id=0x38000 from_dev=-1 from_rank=-1 from_cc=-1 from_gdr=-1 from_nlinks=2
jscs-backuppool-5090test-091606:1385395:1385831 [4] NCCL INFO [YT-TRACE] [TOPO] node to_type=0 to_id=0x38000 to_dev=1 to_rank=1 to_cc=120 to_gdr=0 to_nlinks=0
jscs-backuppool-5090test-091606:1385395:1385831 [4] NCCL INFO [YT-TRACE] [TOPO] link from_type=8 from_id=0x38000 to_type=0 to_id=0x38000 link_type=0 bw=5000 total_bw=5000
jscs-backuppool-5090test-091606:1385395:1385831 [4] NCCL INFO [YT-TRACE] [TOPO] node from_type=0 from_id=0x38000 from_dev=1 from_rank=1 from_cc=120 from_gdr=0 from_nlinks=1
jscs-backuppool-5090test-091606:1385395:1385831 [4] NCCL INFO [YT-TRACE] [TOPO] node to_type=8 to_id=0x38000 to_dev=-1 to_rank=-1 to_cc=-1 to_gdr=-1 to_nlinks=2
jscs-backuppool-5090test-091606:1385395:1385831 [4] NCCL INFO [YT-TRACE] [TOPO] link from_type=0 from_id=0x38000 to_type=8 to_id=0x38000 link_type=0 bw=5000 total_bw=5000
jscs-backuppool-5090test-091606:1385395:1385831 [4] NCCL INFO [YT-TRACE] [TOPO] node from_type=8 from_id=0x49000 from_dev=-1 from_rank=-1 from_cc=-1 from_gdr=-1 from_nlinks=1
jscs-backuppool-5090test-091606:1385395:1385831 [4] NCCL INFO [YT-TRACE] [TOPO] node to_type=3 to_id=0x1 to_dev=-1 to_rank=-1 to_cc=-1 to_gdr=-1 to_nlinks=0
jscs-backuppool-5090test-091606:1385395:1385831 [4] NCCL INFO [YT-TRACE] [TOPO] link from_type=8 from_id=0x49000 to_type=3 to_id=0x1 link_type=4 bw=48 total_bw=48
jscs-backuppool-5090test-091606:1385395:1385831 [4] NCCL INFO [YT-TRACE] [TOPO] node from_type=3 from_id=0x1 from_dev=-1 from_rank=-1 from_cc=-1 from_gdr=-1 from_nlinks=1
jscs-backuppool-5090test-091606:1385395:1385831 [4] NCCL INFO [YT-TRACE] [TOPO] node to_type=8 to_id=0x49000 to_dev=-1 to_rank=-1 to_cc=-1 to_gdr=-1 to_nlinks=1
jscs-backuppool-5090test-091606:1385395:1385831 [4] NCCL INFO [YT-TRACE] [TOPO] link from_type=3 from_id=0x1 to_type=8 to_id=0x49000 link_type=4 bw=48 total_bw=48
jscs-backuppool-5090test-091606:1385395:1385831 [4] NCCL INFO [YT-TRACE] [TOPO] node from_type=8 from_id=0x49000 from_dev=-1 from_rank=-1 from_cc=-1 from_gdr=-1 from_nlinks=2
jscs-backuppool-5090test-091606:1385395:1385831 [4] NCCL INFO [YT-TRACE] [TOPO] node to_type=0 to_id=0x49000 to_dev=2 to_rank=2 to_cc=120 to_gdr=0 to_nlinks=0
jscs-backuppool-5090test-091606:1385395:1385831 [4] NCCL INFO [YT-TRACE] [TOPO] link from_type=8 from_id=0x49000 to_type=0 to_id=0x49000 link_type=0 bw=5000 total_bw=5000
jscs-backuppool-5090test-091606:1385395:1385831 [4] NCCL INFO [YT-TRACE] [TOPO] node from_type=0 from_id=0x49000 from_dev=2 from_rank=2 from_cc=120 from_gdr=0 from_nlinks=1
jscs-backuppool-5090test-091606:1385395:1385831 [4] NCCL INFO [YT-TRACE] [TOPO] node to_type=8 to_id=0x49000 to_dev=-1 to_rank=-1 to_cc=-1 to_gdr=-1 to_nlinks=2
jscs-backuppool-5090test-091606:1385395:1385831 [4] NCCL INFO [YT-TRACE] [TOPO] link from_type=0 from_id=0x49000 to_type=8 to_id=0x49000 link_type=0 bw=5000 total_bw=5000
jscs-backuppool-5090test-091606:1385395:1385831 [4] NCCL INFO [YT-TRACE] [TOPO] node from_type=4 from_id=0x0 from_dev=-1 from_rank=-1 from_cc=-1 from_gdr=-1 from_nlinks=3
jscs-backuppool-5090test-091606:1385395:1385831 [4] NCCL INFO [YT-TRACE] [TOPO] node to_type=5 to_id=0x0 to_dev=-1 to_rank=-1 to_cc=-1 to_gdr=-1 to_nlinks=0
jscs-backuppool-5090test-091606:1385395:1385831 [4] NCCL INFO [YT-TRACE] [TOPO] link from_type=4 from_id=0x0 to_type=5 to_id=0x0 link_type=10 bw=25 total_bw=25
jscs-backuppool-5090test-091606:1385395:1385831 [4] NCCL INFO [YT-TRACE] [TOPO] node from_type=5 from_id=0x0 from_dev=-1 from_rank=-1 from_cc=-1 from_gdr=-1 from_nlinks=1
jscs-backuppool-5090test-091606:1385395:1385831 [4] NCCL INFO [YT-TRACE] [TOPO] node to_type=4 to_id=0x0 to_dev=-1 to_rank=-1 to_cc=-1 to_gdr=-1 to_nlinks=3
jscs-backuppool-5090test-091606:1385395:1385831 [4] NCCL INFO [YT-TRACE] [TOPO] link from_type=5 from_id=0x0 to_type=4 to_id=0x0 link_type=10 bw=25 total_bw=25
jscs-backuppool-5090test-091606:1385395:1385831 [4] NCCL INFO [YT-TRACE] [TOPO] node from_type=8 from_id=0x5a000 from_dev=-1 from_rank=-1 from_cc=-1 from_gdr=-1 from_nlinks=1
jscs-backuppool-5090test-091606:1385395:1385831 [4] NCCL INFO [YT-TRACE] [TOPO] node to_type=3 to_id=0x1 to_dev=-1 to_rank=-1 to_cc=-1 to_gdr=-1 to_nlinks=1
jscs-backuppool-5090test-091606:1385395:1385831 [4] NCCL INFO [YT-TRACE] [TOPO] link from_type=8 from_id=0x5a000 to_type=3 to_id=0x1 link_type=4 bw=48 total_bw=48
jscs-backuppool-5090test-091606:1385395:1385831 [4] NCCL INFO [YT-TRACE] [TOPO] node from_type=3 from_id=0x1 from_dev=-1 from_rank=-1 from_cc=-1 from_gdr=-1 from_nlinks=2
jscs-backuppool-5090test-091606:1385395:1385831 [4] NCCL INFO [YT-TRACE] [TOPO] node to_type=8 to_id=0x5a000 to_dev=-1 to_rank=-1 to_cc=-1 to_gdr=-1 to_nlinks=1
jscs-backuppool-5090test-091606:1385395:1385831 [4] NCCL INFO [YT-TRACE] [TOPO] link from_type=3 from_id=0x1 to_type=8 to_id=0x5a000 link_type=4 bw=48 total_bw=48
jscs-backuppool-5090test-091606:1385395:1385831 [4] NCCL INFO [YT-TRACE] [TOPO] node from_type=8 from_id=0x5a000 from_dev=-1 from_rank=-1 from_cc=-1 from_gdr=-1 from_nlinks=2
jscs-backuppool-5090test-091606:1385395:1385831 [4] NCCL INFO [YT-TRACE] [TOPO] node to_type=0 to_id=0x5a000 to_dev=3 to_rank=3 to_cc=120 to_gdr=0 to_nlinks=0
jscs-backuppool-5090test-091606:1385395:1385831 [4] NCCL INFO [YT-TRACE] [TOPO] link from_type=8 from_id=0x5a000 to_type=0 to_id=0x5a000 link_type=0 bw=5000 total_bw=5000
jscs-backuppool-5090test-091606:1385395:1385831 [4] NCCL INFO [YT-TRACE] [TOPO] node from_type=0 from_id=0x5a000 from_dev=3 from_rank=3 from_cc=120 from_gdr=0 from_nlinks=1
jscs-backuppool-5090test-091606:1385395:1385831 [4] NCCL INFO [YT-TRACE] [TOPO] node to_type=8 to_id=0x5a000 to_dev=-1 to_rank=-1 to_cc=-1 to_gdr=-1 to_nlinks=2
jscs-backuppool-5090test-091606:1385395:1385831 [4] NCCL INFO [YT-TRACE] [TOPO] link from_type=0 from_id=0x5a000 to_type=8 to_id=0x5a000 link_type=0 bw=5000 total_bw=5000
jscs-backuppool-5090test-091606:1385395:1385831 [4] NCCL INFO [YT-TRACE] [TOPO] node from_type=8 from_id=0x98000 from_dev=-1 from_rank=-1 from_cc=-1 from_gdr=-1 from_nlinks=1
jscs-backuppool-5090test-091606:1385395:1385831 [4] NCCL INFO [YT-TRACE] [TOPO] node to_type=3 to_id=0x2 to_dev=-1 to_rank=-1 to_cc=-1 to_gdr=-1 to_nlinks=0
jscs-backuppool-5090test-091606:1385395:1385831 [4] NCCL INFO [YT-TRACE] [TOPO] link from_type=8 from_id=0x98000 to_type=3 to_id=0x2 link_type=4 bw=48 total_bw=48
jscs-backuppool-5090test-091606:1385395:1385831 [4] NCCL INFO [YT-TRACE] [TOPO] node from_type=3 from_id=0x2 from_dev=-1 from_rank=-1 from_cc=-1 from_gdr=-1 from_nlinks=1
jscs-backuppool-5090test-091606:1385395:1385831 [4] NCCL INFO [YT-TRACE] [TOPO] node to_type=8 to_id=0x98000 to_dev=-1 to_rank=-1 to_cc=-1 to_gdr=-1 to_nlinks=1
jscs-backuppool-5090test-091606:1385395:1385831 [4] NCCL INFO [YT-TRACE] [TOPO] link from_type=3 from_id=0x2 to_type=8 to_id=0x98000 link_type=4 bw=48 total_bw=48
jscs-backuppool-5090test-091606:1385395:1385831 [4] NCCL INFO [YT-TRACE] [TOPO] node from_type=8 from_id=0x98000 from_dev=-1 from_rank=-1 from_cc=-1 from_gdr=-1 from_nlinks=2
jscs-backuppool-5090test-091606:1385395:1385831 [4] NCCL INFO [YT-TRACE] [TOPO] node to_type=0 to_id=0x98000 to_dev=4 to_rank=4 to_cc=120 to_gdr=0 to_nlinks=0
jscs-backuppool-5090test-091606:1385395:1385831 [4] NCCL INFO [YT-TRACE] [TOPO] link from_type=8 from_id=0x98000 to_type=0 to_id=0x98000 link_type=0 bw=5000 total_bw=5000
jscs-backuppool-5090test-091606:1385395:1385831 [4] NCCL INFO [YT-TRACE] [TOPO] node from_type=0 from_id=0x98000 from_dev=4 from_rank=4 from_cc=120 from_gdr=0 from_nlinks=1
jscs-backuppool-5090test-091606:1385395:1385831 [4] NCCL INFO [YT-TRACE] [TOPO] node to_type=8 to_id=0x98000 to_dev=-1 to_rank=-1 to_cc=-1 to_gdr=-1 to_nlinks=2
jscs-backuppool-5090test-091606:1385395:1385831 [4] NCCL INFO [YT-TRACE] [TOPO] link from_type=0 from_id=0x98000 to_type=8 to_id=0x98000 link_type=0 bw=5000 total_bw=5000
jscs-backuppool-5090test-091606:1385395:1385831 [4] NCCL INFO [YT-TRACE] [TOPO] node from_type=4 from_id=0x0 from_dev=-1 from_rank=-1 from_cc=-1 from_gdr=-1 from_nlinks=4
jscs-backuppool-5090test-091606:1385395:1385831 [4] NCCL INFO [YT-TRACE] [TOPO] node to_type=5 to_id=0x0 to_dev=-1 to_rank=-1 to_cc=-1 to_gdr=-1 to_nlinks=0
jscs-backuppool-5090test-091606:1385395:1385831 [4] NCCL INFO [YT-TRACE] [TOPO] link from_type=4 from_id=0x0 to_type=5 to_id=0x0 link_type=10 bw=25 total_bw=25
jscs-backuppool-5090test-091606:1385395:1385831 [4] NCCL INFO [YT-TRACE] [TOPO] node from_type=5 from_id=0x0 from_dev=-1 from_rank=-1 from_cc=-1 from_gdr=-1 from_nlinks=1
jscs-backuppool-5090test-091606:1385395:1385831 [4] NCCL INFO [YT-TRACE] [TOPO] node to_type=4 to_id=0x0 to_dev=-1 to_rank=-1 to_cc=-1 to_gdr=-1 to_nlinks=4
jscs-backuppool-5090test-091606:1385395:1385831 [4] NCCL INFO [YT-TRACE] [TOPO] link from_type=5 from_id=0x0 to_type=4 to_id=0x0 link_type=10 bw=25 total_bw=25
jscs-backuppool-5090test-091606:1385395:1385831 [4] NCCL INFO [YT-TRACE] [TOPO] node from_type=8 from_id=0xa8000 from_dev=-1 from_rank=-1 from_cc=-1 from_gdr=-1 from_nlinks=1
jscs-backuppool-5090test-091606:1385395:1385831 [4] NCCL INFO [YT-TRACE] [TOPO] node to_type=3 to_id=0x2 to_dev=-1 to_rank=-1 to_cc=-1 to_gdr=-1 to_nlinks=1
jscs-backuppool-5090test-091606:1385395:1385831 [4] NCCL INFO [YT-TRACE] [TOPO] link from_type=8 from_id=0xa8000 to_type=3 to_id=0x2 link_type=4 bw=48 total_bw=48
jscs-backuppool-5090test-091606:1385395:1385831 [4] NCCL INFO [YT-TRACE] [TOPO] node from_type=3 from_id=0x2 from_dev=-1 from_rank=-1 from_cc=-1 from_gdr=-1 from_nlinks=2
jscs-backuppool-5090test-091606:1385395:1385831 [4] NCCL INFO [YT-TRACE] [TOPO] node to_type=8 to_id=0xa8000 to_dev=-1 to_rank=-1 to_cc=-1 to_gdr=-1 to_nlinks=1
jscs-backuppool-5090test-091606:1385395:1385831 [4] NCCL INFO [YT-TRACE] [TOPO] link from_type=3 from_id=0x2 to_type=8 to_id=0xa8000 link_type=4 bw=48 total_bw=48
jscs-backuppool-5090test-091606:1385395:1385831 [4] NCCL INFO [YT-TRACE] [TOPO] node from_type=8 from_id=0xa8000 from_dev=-1 from_rank=-1 from_cc=-1 from_gdr=-1 from_nlinks=2
jscs-backuppool-5090test-091606:1385395:1385831 [4] NCCL INFO [YT-TRACE] [TOPO] node to_type=0 to_id=0xa8000 to_dev=5 to_rank=5 to_cc=120 to_gdr=0 to_nlinks=0
jscs-backuppool-5090test-091606:1385395:1385831 [4] NCCL INFO [YT-TRACE] [TOPO] link from_type=8 from_id=0xa8000 to_type=0 to_id=0xa8000 link_type=0 bw=5000 total_bw=5000
jscs-backuppool-5090test-091606:1385395:1385831 [4] NCCL INFO [YT-TRACE] [TOPO] node from_type=0 from_id=0xa8000 from_dev=5 from_rank=5 from_cc=120 from_gdr=0 from_nlinks=1
jscs-backuppool-5090test-091606:1385395:1385831 [4] NCCL INFO [YT-TRACE] [TOPO] node to_type=8 to_id=0xa8000 to_dev=-1 to_rank=-1 to_cc=-1 to_gdr=-1 to_nlinks=2
jscs-backuppool-5090test-091606:1385395:1385831 [4] NCCL INFO [YT-TRACE] [TOPO] link from_type=0 from_id=0xa8000 to_type=8 to_id=0xa8000 link_type=0 bw=5000 total_bw=5000
jscs-backuppool-5090test-091606:1385395:1385831 [4] NCCL INFO [YT-TRACE] [TOPO] node from_type=8 from_id=0xb8000 from_dev=-1 from_rank=-1 from_cc=-1 from_gdr=-1 from_nlinks=1
jscs-backuppool-5090test-091606:1385395:1385831 [4] NCCL INFO [YT-TRACE] [TOPO] node to_type=3 to_id=0x2 to_dev=-1 to_rank=-1 to_cc=-1 to_gdr=-1 to_nlinks=2
jscs-backuppool-5090test-091606:1385395:1385831 [4] NCCL INFO [YT-TRACE] [TOPO] link from_type=8 from_id=0xb8000 to_type=3 to_id=0x2 link_type=4 bw=48 total_bw=48
jscs-backuppool-5090test-091606:1385395:1385831 [4] NCCL INFO [YT-TRACE] [TOPO] node from_type=3 from_id=0x2 from_dev=-1 from_rank=-1 from_cc=-1 from_gdr=-1 from_nlinks=3
jscs-backuppool-5090test-091606:1385395:1385831 [4] NCCL INFO [YT-TRACE] [TOPO] node to_type=8 to_id=0xb8000 to_dev=-1 to_rank=-1 to_cc=-1 to_gdr=-1 to_nlinks=1
jscs-backuppool-5090test-091606:1385395:1385831 [4] NCCL INFO [YT-TRACE] [TOPO] link from_type=3 from_id=0x2 to_type=8 to_id=0xb8000 link_type=4 bw=48 total_bw=48
jscs-backuppool-5090test-091606:1385395:1385831 [4] NCCL INFO [YT-TRACE] [TOPO] node from_type=8 from_id=0xb8000 from_dev=-1 from_rank=-1 from_cc=-1 from_gdr=-1 from_nlinks=2
jscs-backuppool-5090test-091606:1385395:1385831 [4] NCCL INFO [YT-TRACE] [TOPO] node to_type=0 to_id=0xb8000 to_dev=6 to_rank=6 to_cc=120 to_gdr=0 to_nlinks=0
jscs-backuppool-5090test-091606:1385395:1385831 [4] NCCL INFO [YT-TRACE] [TOPO] link from_type=8 from_id=0xb8000 to_type=0 to_id=0xb8000 link_type=0 bw=5000 total_bw=5000
jscs-backuppool-5090test-091606:1385395:1385831 [4] NCCL INFO [YT-TRACE] [TOPO] node from_type=0 from_id=0xb8000 from_dev=6 from_rank=6 from_cc=120 from_gdr=0 from_nlinks=1
jscs-backuppool-5090test-091606:1385395:1385831 [4] NCCL INFO [YT-TRACE] [TOPO] node to_type=8 to_id=0xb8000 to_dev=-1 to_rank=-1 to_cc=-1 to_gdr=-1 to_nlinks=2
jscs-backuppool-5090test-091606:1385395:1385831 [4] NCCL INFO [YT-TRACE] [TOPO] link from_type=0 from_id=0xb8000 to_type=8 to_id=0xb8000 link_type=0 bw=5000 total_bw=5000
jscs-backuppool-5090test-091606:1385395:1385831 [4] NCCL INFO [YT-TRACE] [TOPO] node from_type=8 from_id=0xc8000 from_dev=-1 from_rank=-1 from_cc=-1 from_gdr=-1 from_nlinks=1
jscs-backuppool-5090test-091606:1385395:1385831 [4] NCCL INFO [YT-TRACE] [TOPO] node to_type=3 to_id=0x3 to_dev=-1 to_rank=-1 to_cc=-1 to_gdr=-1 to_nlinks=0
jscs-backuppool-5090test-091606:1385395:1385831 [4] NCCL INFO [YT-TRACE] [TOPO] link from_type=8 from_id=0xc8000 to_type=3 to_id=0x3 link_type=4 bw=48 total_bw=48
jscs-backuppool-5090test-091606:1385395:1385831 [4] NCCL INFO [YT-TRACE] [TOPO] node from_type=3 from_id=0x3 from_dev=-1 from_rank=-1 from_cc=-1 from_gdr=-1 from_nlinks=1
jscs-backuppool-5090test-091606:1385395:1385831 [4] NCCL INFO [YT-TRACE] [TOPO] node to_type=8 to_id=0xc8000 to_dev=-1 to_rank=-1 to_cc=-1 to_gdr=-1 to_nlinks=1
jscs-backuppool-5090test-091606:1385395:1385831 [4] NCCL INFO [YT-TRACE] [TOPO] link from_type=3 from_id=0x3 to_type=8 to_id=0xc8000 link_type=4 bw=48 total_bw=48
jscs-backuppool-5090test-091606:1385395:1385831 [4] NCCL INFO [YT-TRACE] [TOPO] node from_type=8 from_id=0xc8000 from_dev=-1 from_rank=-1 from_cc=-1 from_gdr=-1 from_nlinks=2
jscs-backuppool-5090test-091606:1385395:1385831 [4] NCCL INFO [YT-TRACE] [TOPO] node to_type=0 to_id=0xc8000 to_dev=7 to_rank=7 to_cc=120 to_gdr=0 to_nlinks=0
jscs-backuppool-5090test-091606:1385395:1385831 [4] NCCL INFO [YT-TRACE] [TOPO] link from_type=8 from_id=0xc8000 to_type=0 to_id=0xc8000 link_type=0 bw=5000 total_bw=5000
jscs-backuppool-5090test-091606:1385395:1385831 [4] NCCL INFO [YT-TRACE] [TOPO] node from_type=0 from_id=0xc8000 from_dev=7 from_rank=7 from_cc=120 from_gdr=0 from_nlinks=1
jscs-backuppool-5090test-091606:1385395:1385831 [4] NCCL INFO [YT-TRACE] [TOPO] node to_type=8 to_id=0xc8000 to_dev=-1 to_rank=-1 to_cc=-1 to_gdr=-1 to_nlinks=2
jscs-backuppool-5090test-091606:1385395:1385831 [4] NCCL INFO [YT-TRACE] [TOPO] link from_type=0 from_id=0xc8000 to_type=8 to_id=0xc8000 link_type=0 bw=5000 total_bw=5000
jscs-backuppool-5090test-091606:1385395:1385831 [4] NCCL INFO [YT-TRACE] [TOPO] node from_type=4 from_id=0x0 from_dev=-1 from_rank=-1 from_cc=-1 from_gdr=-1 from_nlinks=5
jscs-backuppool-5090test-091606:1385395:1385831 [4] NCCL INFO [YT-TRACE] [TOPO] node to_type=5 to_id=0x0 to_dev=-1 to_rank=-1 to_cc=-1 to_gdr=-1 to_nlinks=0
jscs-backuppool-5090test-091606:1385395:1385831 [4] NCCL INFO [YT-TRACE] [TOPO] link from_type=4 from_id=0x0 to_type=5 to_id=0x0 link_type=10 bw=25 total_bw=25
jscs-backuppool-5090test-091606:1385395:1385831 [4] NCCL INFO [YT-TRACE] [TOPO] node from_type=5 from_id=0x0 from_dev=-1 from_rank=-1 from_cc=-1 from_gdr=-1 from_nlinks=1
jscs-backuppool-5090test-091606:1385395:1385831 [4] NCCL INFO [YT-TRACE] [TOPO] node to_type=4 to_id=0x0 to_dev=-1 to_rank=-1 to_cc=-1 to_gdr=-1 to_nlinks=5
jscs-backuppool-5090test-091606:1385395:1385831 [4] NCCL INFO [YT-TRACE] [TOPO] link from_type=5 from_id=0x0 to_type=4 to_id=0x0 link_type=10 bw=25 total_bw=25
jscs-backuppool-5090test-091606:1385395:1385831 [4] NCCL INFO [YT-TRACE] [TOPO] node from_type=3 from_id=0x0 from_dev=-1 from_rank=-1 from_cc=-1 from_gdr=-1 from_nlinks=4
jscs-backuppool-5090test-091606:1385395:1385831 [4] NCCL INFO [YT-TRACE] [TOPO] node to_type=3 to_id=0x1 to_dev=-1 to_rank=-1 to_cc=-1 to_gdr=-1 to_nlinks=2
jscs-backuppool-5090test-091606:1385395:1385831 [4] NCCL INFO [YT-TRACE] [TOPO] link from_type=3 from_id=0x0 to_type=3 to_id=0x1 link_type=9 bw=40 total_bw=40
jscs-backuppool-5090test-091606:1385395:1385831 [4] NCCL INFO [YT-TRACE] [TOPO] node from_type=3 from_id=0x0 from_dev=-1 from_rank=-1 from_cc=-1 from_gdr=-1 from_nlinks=5
jscs-backuppool-5090test-091606:1385395:1385831 [4] NCCL INFO [YT-TRACE] [TOPO] node to_type=3 to_id=0x2 to_dev=-1 to_rank=-1 to_cc=-1 to_gdr=-1 to_nlinks=3
jscs-backuppool-5090test-091606:1385395:1385831 [4] NCCL INFO [YT-TRACE] [TOPO] link from_type=3 from_id=0x0 to_type=3 to_id=0x2 link_type=9 bw=40 total_bw=40
jscs-backuppool-5090test-091606:1385395:1385831 [4] NCCL INFO [YT-TRACE] [TOPO] node from_type=3 from_id=0x0 from_dev=-1 from_rank=-1 from_cc=-1 from_gdr=-1 from_nlinks=6
jscs-backuppool-5090test-091606:1385395:1385831 [4] NCCL INFO [YT-TRACE] [TOPO] node to_type=3 to_id=0x3 to_dev=-1 to_rank=-1 to_cc=-1 to_gdr=-1 to_nlinks=1
jscs-backuppool-5090test-091606:1385395:1385831 [4] NCCL INFO [YT-TRACE] [TOPO] link from_type=3 from_id=0x0 to_type=3 to_id=0x3 link_type=9 bw=40 total_bw=40
jscs-backuppool-5090test-091606:1385395:1385831 [4] NCCL INFO [YT-TRACE] [TOPO] node from_type=3 from_id=0x1 from_dev=-1 from_rank=-1 from_cc=-1 from_gdr=-1 from_nlinks=3
jscs-backuppool-5090test-091606:1385395:1385831 [4] NCCL INFO [YT-TRACE] [TOPO] node to_type=3 to_id=0x0 to_dev=-1 to_rank=-1 to_cc=-1 to_gdr=-1 to_nlinks=6
jscs-backuppool-5090test-091606:1385395:1385831 [4] NCCL INFO [YT-TRACE] [TOPO] link from_type=3 from_id=0x1 to_type=3 to_id=0x0 link_type=9 bw=40 total_bw=40
jscs-backuppool-5090test-091606:1385395:1385831 [4] NCCL INFO [YT-TRACE] [TOPO] node from_type=3 from_id=0x1 from_dev=-1 from_rank=-1 from_cc=-1 from_gdr=-1 from_nlinks=4
jscs-backuppool-5090test-091606:1385395:1385831 [4] NCCL INFO [YT-TRACE] [TOPO] node to_type=3 to_id=0x2 to_dev=-1 to_rank=-1 to_cc=-1 to_gdr=-1 to_nlinks=3
jscs-backuppool-5090test-091606:1385395:1385831 [4] NCCL INFO [YT-TRACE] [TOPO] link from_type=3 from_id=0x1 to_type=3 to_id=0x2 link_type=9 bw=40 total_bw=40
jscs-backuppool-5090test-091606:1385395:1385831 [4] NCCL INFO [YT-TRACE] [TOPO] node from_type=3 from_id=0x1 from_dev=-1 from_rank=-1 from_cc=-1 from_gdr=-1 from_nlinks=5
jscs-backuppool-5090test-091606:1385395:1385831 [4] NCCL INFO [YT-TRACE] [TOPO] node to_type=3 to_id=0x3 to_dev=-1 to_rank=-1 to_cc=-1 to_gdr=-1 to_nlinks=1
jscs-backuppool-5090test-091606:1385395:1385831 [4] NCCL INFO [YT-TRACE] [TOPO] link from_type=3 from_id=0x1 to_type=3 to_id=0x3 link_type=9 bw=40 total_bw=40
jscs-backuppool-5090test-091606:1385395:1385831 [4] NCCL INFO [YT-TRACE] [TOPO] node from_type=3 from_id=0x2 from_dev=-1 from_rank=-1 from_cc=-1 from_gdr=-1 from_nlinks=4
jscs-backuppool-5090test-091606:1385395:1385831 [4] NCCL INFO [YT-TRACE] [TOPO] node to_type=3 to_id=0x0 to_dev=-1 to_rank=-1 to_cc=-1 to_gdr=-1 to_nlinks=6
jscs-backuppool-5090test-091606:1385395:1385831 [4] NCCL INFO [YT-TRACE] [TOPO] link from_type=3 from_id=0x2 to_type=3 to_id=0x0 link_type=9 bw=40 total_bw=40
jscs-backuppool-5090test-091606:1385395:1385831 [4] NCCL INFO [YT-TRACE] [TOPO] node from_type=3 from_id=0x2 from_dev=-1 from_rank=-1 from_cc=-1 from_gdr=-1 from_nlinks=5
jscs-backuppool-5090test-091606:1385395:1385831 [4] NCCL INFO [YT-TRACE] [TOPO] node to_type=3 to_id=0x1 to_dev=-1 to_rank=-1 to_cc=-1 to_gdr=-1 to_nlinks=5
jscs-backuppool-5090test-091606:1385395:1385831 [4] NCCL INFO [YT-TRACE] [TOPO] link from_type=3 from_id=0x2 to_type=3 to_id=0x1 link_type=9 bw=40 total_bw=40
jscs-backuppool-5090test-091606:1385395:1385831 [4] NCCL INFO [YT-TRACE] [TOPO] node from_type=3 from_id=0x2 from_dev=-1 from_rank=-1 from_cc=-1 from_gdr=-1 from_nlinks=6
jscs-backuppool-5090test-091606:1385395:1385831 [4] NCCL INFO [YT-TRACE] [TOPO] node to_type=3 to_id=0x3 to_dev=-1 to_rank=-1 to_cc=-1 to_gdr=-1 to_nlinks=1
jscs-backuppool-5090test-091606:1385395:1385831 [4] NCCL INFO [YT-TRACE] [TOPO] link from_type=3 from_id=0x2 to_type=3 to_id=0x3 link_type=9 bw=40 total_bw=40
jscs-backuppool-5090test-091606:1385395:1385831 [4] NCCL INFO [YT-TRACE] [TOPO] node from_type=3 from_id=0x3 from_dev=-1 from_rank=-1 from_cc=-1 from_gdr=-1 from_nlinks=2
jscs-backuppool-5090test-091606:1385395:1385831 [4] NCCL INFO [YT-TRACE] [TOPO] node to_type=3 to_id=0x0 to_dev=-1 to_rank=-1 to_cc=-1 to_gdr=-1 to_nlinks=6
jscs-backuppool-5090test-091606:1385395:1385831 [4] NCCL INFO [YT-TRACE] [TOPO] link from_type=3 from_id=0x3 to_type=3 to_id=0x0 link_type=9 bw=40 total_bw=40
jscs-backuppool-5090test-091606:1385395:1385831 [4] NCCL INFO [YT-TRACE] [TOPO] node from_type=3 from_id=0x3 from_dev=-1 from_rank=-1 from_cc=-1 from_gdr=-1 from_nlinks=3
jscs-backuppool-5090test-091606:1385395:1385831 [4] NCCL INFO [YT-TRACE] [TOPO] node to_type=3 to_id=0x1 to_dev=-1 to_rank=-1 to_cc=-1 to_gdr=-1 to_nlinks=5
jscs-backuppool-5090test-091606:1385395:1385831 [4] NCCL INFO [YT-TRACE] [TOPO] link from_type=3 from_id=0x3 to_type=3 to_id=0x1 link_type=9 bw=40 total_bw=40
jscs-backuppool-5090test-091606:1385395:1385831 [4] NCCL INFO [YT-TRACE] [TOPO] node from_type=3 from_id=0x3 from_dev=-1 from_rank=-1 from_cc=-1 from_gdr=-1 from_nlinks=4
jscs-backuppool-5090test-091606:1385395:1385831 [4] NCCL INFO [YT-TRACE] [TOPO] node to_type=3 to_id=0x2 to_dev=-1 to_rank=-1 to_cc=-1 to_gdr=-1 to_nlinks=6
jscs-backuppool-5090test-091606:1385395:1385831 [4] NCCL INFO [YT-TRACE] [TOPO] link from_type=3 from_id=0x3 to_type=3 to_id=0x2 link_type=9 bw=40 total_bw=40
