Found 8 CUDA devices\nInitializing NCCL with 8 GPUs...\njscs-backuppool-5090test-091606:1758315:1758315 [0] NCCL INFO NCCL version 2.30.7+cuda12.9
jscs-backuppool-5090test-091606:1758315:1758315 [0] NCCL INFO NCCL git version yt-trace c6782d8-dirty
jscs-backuppool-5090test-091606:1758315:1758655 [0] NCCL INFO transport/net_ib/init.cc:526 (ncclIbInit) -> 3

[2026-07-18 02:26:16] jscs-backuppool-5090test-091606:1758315:1758655 [0] misc/ibvwrap.cc:185 (wrap_ibv_alloc_pd) NCCL WARN lib wrapper not initialized.
jscs-backuppool-5090test-091606:1758315:1758655 [0] NCCL INFO transport/net_ib/gdr.cc:55 (ibDmaBufSupportInitOnce) -> 3
jscs-backuppool-5090test-091606:1758315:1758659 [4] NCCL INFO [YT-TRACE] [SCAN] cpu numa=2 arch=x86_64 vendor=GenuineIntel family=6 model=207 affinity=000000ff,ffff0000,00000000,000000ff,ffff0000,00000000
jscs-backuppool-5090test-091606:1758315:1758659 [4] NCCL INFO [YT-TRACE] [SCAN] pci busid=0000:98:00.0 class=0x030000 vendor=0x10de device=0x2b85 subven=0x10de subdev=0x5309 link=32.0 GT/s PCIe width=16
jscs-backuppool-5090test-091606:1758315:1758657 [2] NCCL INFO [YT-TRACE] [SCAN] cpu numa=1 arch=x86_64 vendor=GenuineIntel family=6 model=207 affinity=00000000,0000ffff,ff000000,00000000,0000ffff,ff000000
jscs-backuppool-5090test-091606:1758315:1758657 [2] NCCL INFO [YT-TRACE] [SCAN] pci busid=0000:49:00.0 class=0x030000 vendor=0x10de device=0x2b85 subven=0x10de subdev=0x5309 link=32.0 GT/s PCIe width=16
jscs-backuppool-5090test-091606:1758315:1758655 [0] NCCL INFO [YT-TRACE] [SCAN] cpu numa=0 arch=x86_64 vendor=GenuineIntel family=6 model=207 affinity=00000000,00000000,00ffffff,00000000,00000000,00ffffff
jscs-backuppool-5090test-091606:1758315:1758659 [4] NCCL INFO [YT-TRACE] [SCAN] gpu dev=4 sm=120 busid=0000:98:00.0
jscs-backuppool-5090test-091606:1758315:1758655 [0] NCCL INFO [YT-TRACE] [SCAN] pci busid=0000:27:00.0 class=0x030000 vendor=0x10de device=0x2b85 subven=0x10de subdev=0x5309 link=32.0 GT/s PCIe width=16
jscs-backuppool-5090test-091606:1758315:1758658 [3] NCCL INFO [YT-TRACE] [SCAN] cpu numa=1 arch=x86_64 vendor=GenuineIntel family=6 model=207 affinity=00000000,0000ffff,ff000000,00000000,0000ffff,ff000000
jscs-backuppool-5090test-091606:1758315:1758658 [3] NCCL INFO [YT-TRACE] [SCAN] pci busid=0000:5a:00.0 class=0x030000 vendor=0x10de device=0x2b85 subven=0x10de subdev=0x5309 link=32.0 GT/s PCIe width=16
jscs-backuppool-5090test-091606:1758315:1758658 [3] NCCL INFO [YT-TRACE] [SCAN] gpu dev=3 sm=120 busid=0000:5a:00.0
jscs-backuppool-5090test-091606:1758315:1758662 [7] NCCL INFO [YT-TRACE] [SCAN] cpu numa=3 arch=x86_64 vendor=GenuineIntel family=6 model=207 affinity=ffffff00,00000000,00000000,ffffff00,00000000,00000000
jscs-backuppool-5090test-091606:1758315:1758662 [7] NCCL INFO [YT-TRACE] [SCAN] pci busid=0000:c8:00.0 class=0x030000 vendor=0x10de device=0x2b85 subven=0x10de subdev=0x5309 link=32.0 GT/s PCIe width=16
jscs-backuppool-5090test-091606:1758315:1758662 [7] NCCL INFO [YT-TRACE] [SCAN] gpu dev=7 sm=120 busid=0000:c8:00.0
jscs-backuppool-5090test-091606:1758315:1758661 [6] NCCL INFO [YT-TRACE] [SCAN] cpu numa=2 arch=x86_64 vendor=GenuineIntel family=6 model=207 affinity=000000ff,ffff0000,00000000,000000ff,ffff0000,00000000
jscs-backuppool-5090test-091606:1758315:1758661 [6] NCCL INFO [YT-TRACE] [SCAN] pci busid=0000:b8:00.0 class=0x030000 vendor=0x10de device=0x2b85 subven=0x10de subdev=0x5309 link=32.0 GT/s PCIe width=16
jscs-backuppool-5090test-091606:1758315:1758658 [3] NCCL INFO [YT-TRACE] [RANK] gpu rank=3 gdr=0 mlopart=-1
jscs-backuppool-5090test-091606:1758315:1758658 [3] NCCL INFO TOPO/NET : Importing network plugins to topology
jscs-backuppool-5090test-091606:1758315:1758658 [3] NCCL INFO ncclTopoPopulateNics : Filled bond0 in topo with pciPath=(null) net=1 gin=(null) rma=(null) keep=1 coll=(null) rail=-1 plane=-1
jscs-backuppool-5090test-091606:1758315:1758661 [6] NCCL INFO [YT-TRACE] [SCAN] gpu dev=6 sm=120 busid=0000:b8:00.0
jscs-backuppool-5090test-091606:1758315:1758656 [1] NCCL INFO [YT-TRACE] [SCAN] cpu numa=0 arch=x86_64 vendor=GenuineIntel family=6 model=207 affinity=00000000,00000000,00ffffff,00000000,00000000,00ffffff
jscs-backuppool-5090test-091606:1758315:1758656 [1] NCCL INFO [YT-TRACE] [SCAN] pci busid=0000:38:00.0 class=0x030000 vendor=0x10de device=0x2b85 subven=0x10de subdev=0x5309 link=32.0 GT/s PCIe width=16
jscs-backuppool-5090test-091606:1758315:1758660 [5] NCCL INFO [YT-TRACE] [SCAN] cpu numa=2 arch=x86_64 vendor=GenuineIntel family=6 model=207 affinity=000000ff,ffff0000,00000000,000000ff,ffff0000,00000000
jscs-backuppool-5090test-091606:1758315:1758660 [5] NCCL INFO [YT-TRACE] [SCAN] pci busid=0000:a8:00.0 class=0x030000 vendor=0x10de device=0x2b85 subven=0x10de subdev=0x5309 link=32.0 GT/s PCIe width=16
jscs-backuppool-5090test-091606:1758315:1758660 [5] NCCL INFO [YT-TRACE] [SCAN] gpu dev=5 sm=120 busid=0000:a8:00.0
jscs-backuppool-5090test-091606:1758315:1758655 [0] NCCL INFO [YT-TRACE] [SCAN] gpu dev=0 sm=120 busid=0000:27:00.0
jscs-backuppool-5090test-091606:1758315:1758657 [2] NCCL INFO [YT-TRACE] [SCAN] gpu dev=2 sm=120 busid=0000:49:00.0
jscs-backuppool-5090test-091606:1758315:1758661 [6] NCCL INFO [YT-TRACE] [RANK] gpu rank=6 gdr=0 mlopart=-1
jscs-backuppool-5090test-091606:1758315:1758661 [6] NCCL INFO TOPO/NET : Importing network plugins to topology
jscs-backuppool-5090test-091606:1758315:1758661 [6] NCCL INFO ncclTopoPopulateNics : Filled bond0 in topo with pciPath=(null) net=1 gin=(null) rma=(null) keep=1 coll=(null) rail=-1 plane=-1
jscs-backuppool-5090test-091606:1758315:1758657 [2] NCCL INFO [YT-TRACE] [RANK] gpu rank=2 gdr=0 mlopart=-1
jscs-backuppool-5090test-091606:1758315:1758657 [2] NCCL INFO TOPO/NET : Importing network plugins to topology
jscs-backuppool-5090test-091606:1758315:1758656 [1] NCCL INFO [YT-TRACE] [SCAN] gpu dev=1 sm=120 busid=0000:38:00.0
jscs-backuppool-5090test-091606:1758315:1758657 [2] NCCL INFO ncclTopoPopulateNics : Filled bond0 in topo with pciPath=(null) net=1 gin=(null) rma=(null) keep=1 coll=(null) rail=-1 plane=-1
jscs-backuppool-5090test-091606:1758315:1758655 [0] NCCL INFO [YT-TRACE] [RANK] gpu rank=0 gdr=0 mlopart=-1
jscs-backuppool-5090test-091606:1758315:1758655 [0] NCCL INFO TOPO/NET : Importing network plugins to topology
jscs-backuppool-5090test-091606:1758315:1758655 [0] NCCL INFO ncclTopoPopulateNics : Filled bond0 in topo with pciPath=(null) net=1 gin=(null) rma=(null) keep=1 coll=(null) rail=-1 plane=-1
jscs-backuppool-5090test-091606:1758315:1758659 [4] NCCL INFO [YT-TRACE] [RANK] gpu rank=4 gdr=0 mlopart=-1
jscs-backuppool-5090test-091606:1758315:1758659 [4] NCCL INFO TOPO/NET : Importing network plugins to topology
jscs-backuppool-5090test-091606:1758315:1758659 [4] NCCL INFO ncclTopoPopulateNics : Filled bond0 in topo with pciPath=(null) net=1 gin=(null) rma=(null) keep=1 coll=(null) rail=-1 plane=-1
jscs-backuppool-5090test-091606:1758315:1758660 [5] NCCL INFO [YT-TRACE] [RANK] gpu rank=5 gdr=0 mlopart=-1
jscs-backuppool-5090test-091606:1758315:1758660 [5] NCCL INFO TOPO/NET : Importing network plugins to topology
jscs-backuppool-5090test-091606:1758315:1758660 [5] NCCL INFO ncclTopoPopulateNics : Filled bond0 in topo with pciPath=(null) net=1 gin=(null) rma=(null) keep=1 coll=(null) rail=-1 plane=-1
jscs-backuppool-5090test-091606:1758315:1758656 [1] NCCL INFO [YT-TRACE] [RANK] gpu rank=1 gdr=0 mlopart=-1
jscs-backuppool-5090test-091606:1758315:1758656 [1] NCCL INFO TOPO/NET : Importing network plugins to topology
jscs-backuppool-5090test-091606:1758315:1758656 [1] NCCL INFO ncclTopoPopulateNics : Filled bond0 in topo with pciPath=(null) net=1 gin=(null) rma=(null) keep=1 coll=(null) rail=-1 plane=-1
jscs-backuppool-5090test-091606:1758315:1758662 [7] NCCL INFO [YT-TRACE] [RANK] gpu rank=7 gdr=0 mlopart=-1
jscs-backuppool-5090test-091606:1758315:1758662 [7] NCCL INFO TOPO/NET : Importing network plugins to topology
jscs-backuppool-5090test-091606:1758315:1758662 [7] NCCL INFO ncclTopoPopulateNics : Filled bond0 in topo with pciPath=(null) net=1 gin=(null) rma=(null) keep=1 coll=(null) rail=-1 plane=-1
jscs-backuppool-5090test-091606:1758315:1758660 [5] NCCL INFO === System : maxBw 48.0 totalBw 48.0 ===
jscs-backuppool-5090test-091606:1758315:1758660 [5] NCCL INFO CPU/0-0 (1/1/4)
jscs-backuppool-5090test-091606:1758315:1758660 [5] NCCL INFO + PCI[5000.0] - NIC/0-0
jscs-backuppool-5090test-091606:1758315:1758660 [5] NCCL INFO                 + NET[25.0] - NET/0-0 (0/0/0/25.000000)
jscs-backuppool-5090test-091606:1758315:1758660 [5] NCCL INFO                 + NET[25.0] - NET/0-0 (0/0/0/25.000000)
jscs-backuppool-5090test-091606:1758315:1758660 [5] NCCL INFO                 + NET[25.0] - NET/0-0 (0/0/0/25.000000)
jscs-backuppool-5090test-091606:1758315:1758660 [5] NCCL INFO                 + NET[25.0] - NET/0-0 (0/0/0/25.000000)
jscs-backuppool-5090test-091606:1758315:1758660 [5] NCCL INFO + PCI[48.0] - DEV/0-27000 (10de2b8510de5309)
jscs-backuppool-5090test-091606:1758315:1758660 [5] NCCL INFO               + LOC[5000.0] - GPU/0-27000
jscs-backuppool-5090test-091606:1758315:1758660 [5] NCCL INFO + PCI[48.0] - DEV/0-38000 (10de2b8510de5309)
jscs-backuppool-5090test-091606:1758315:1758660 [5] NCCL INFO               + LOC[5000.0] - GPU/0-38000
jscs-backuppool-5090test-091606:1758315:1758660 [5] NCCL INFO + SYS[40.0] - CPU/0-1
jscs-backuppool-5090test-091606:1758315:1758660 [5] NCCL INFO + SYS[40.0] - CPU/0-2
jscs-backuppool-5090test-091606:1758315:1758660 [5] NCCL INFO + SYS[40.0] - CPU/0-3
jscs-backuppool-5090test-091606:1758315:1758660 [5] NCCL INFO CPU/0-1 (1/1/4)
jscs-backuppool-5090test-091606:1758315:1758660 [5] NCCL INFO + PCI[48.0] - DEV/0-49000 (10de2b8510de5309)
jscs-backuppool-5090test-091606:1758315:1758660 [5] NCCL INFO               + LOC[5000.0] - GPU/0-49000
jscs-backuppool-5090test-091606:1758315:1758660 [5] NCCL INFO + PCI[48.0] - DEV/0-5a000 (10de2b8510de5309)
jscs-backuppool-5090test-091606:1758315:1758660 [5] NCCL INFO               + LOC[5000.0] - GPU/0-5a000
jscs-backuppool-5090test-091606:1758315:1758660 [5] NCCL INFO + SYS[40.0] - CPU/0-0
jscs-backuppool-5090test-091606:1758315:1758660 [5] NCCL INFO + SYS[40.0] - CPU/0-2
jscs-backuppool-5090test-091606:1758315:1758660 [5] NCCL INFO + SYS[40.0] - CPU/0-3
jscs-backuppool-5090test-091606:1758315:1758660 [5] NCCL INFO CPU/0-2 (1/1/4)
jscs-backuppool-5090test-091606:1758315:1758660 [5] NCCL INFO + PCI[48.0] - DEV/0-98000 (10de2b8510de5309)
jscs-backuppool-5090test-091606:1758315:1758660 [5] NCCL INFO               + LOC[5000.0] - GPU/0-98000
jscs-backuppool-5090test-091606:1758315:1758660 [5] NCCL INFO + PCI[48.0] - DEV/0-a8000 (10de2b8510de5309)
jscs-backuppool-5090test-091606:1758315:1758660 [5] NCCL INFO               + LOC[5000.0] - GPU/0-a8000
jscs-backuppool-5090test-091606:1758315:1758660 [5] NCCL INFO + PCI[48.0] - DEV/0-b8000 (10de2b8510de5309)
jscs-backuppool-5090test-091606:1758315:1758660 [5] NCCL INFO               + LOC[5000.0] - GPU/0-b8000
jscs-backuppool-5090test-091606:1758315:1758660 [5] NCCL INFO + SYS[40.0] - CPU/0-0
jscs-backuppool-5090test-091606:1758315:1758660 [5] NCCL INFO + SYS[40.0] - CPU/0-1
jscs-backuppool-5090test-091606:1758315:1758660 [5] NCCL INFO + SYS[40.0] - CPU/0-3
jscs-backuppool-5090test-091606:1758315:1758660 [5] NCCL INFO CPU/0-3 (1/1/4)
jscs-backuppool-5090test-091606:1758315:1758660 [5] NCCL INFO + PCI[48.0] - DEV/0-c8000 (10de2b8510de5309)
jscs-backuppool-5090test-091606:1758315:1758660 [5] NCCL INFO               + LOC[5000.0] - GPU/0-c8000
jscs-backuppool-5090test-091606:1758315:1758660 [5] NCCL INFO + SYS[40.0] - CPU/0-0
jscs-backuppool-5090test-091606:1758315:1758660 [5] NCCL INFO + SYS[40.0] - CPU/0-1
jscs-backuppool-5090test-091606:1758315:1758660 [5] NCCL INFO + SYS[40.0] - CPU/0-2
jscs-backuppool-5090test-091606:1758315:1758660 [5] NCCL INFO ==========================================
jscs-backuppool-5090test-091606:1758315:1758657 [2] NCCL INFO === System : maxBw 48.0 totalBw 48.0 ===
jscs-backuppool-5090test-091606:1758315:1758657 [2] NCCL INFO CPU/0-0 (1/1/4)
jscs-backuppool-5090test-091606:1758315:1758660 [5] NCCL INFO GPU/0-27000 :GPU/0-27000 (0/5000.0/LOC) GPU/0-38000 (4/48.0/PHB) GPU/0-49000 (5/40.0/SYS) GPU/0-5a000 (5/40.0/SYS) GPU/0-98000 (5/40.0/SYS) GPU/0-a8000 (5/40.0/SYS) GPU/0-b8000 (5/40.0/SYS) GPU/0-c8000 (5/40.0/SYS) CPU/0-0 (2/48.0/PHB) CPU/0-1 (3/40.0/SYS) CPU/0-2 (3/40.0/SYS) CPU/0-3 (3/40.0/SYS) NET/0-0 (4/25.0/PHB) NET/0-0 (0/0.0/DIS) NET/0-0 (0/0.0/DIS) NET/0-0 (0/0.0/DIS) DEV/0-27000 (1/5000.0/LOC) DEV/0-38000 (3/48.0/PHB) DEV/0-49000 (4/40.0/SYS) DEV/0-5a000 (4/40.0/SYS) DEV/0-98000 (4/40.0/SYS) DEV/0-a8000 (4/40.0/SYS) DEV/0-b8000 (4/40.0/SYS) DEV/0-c8000 (4/40.0/SYS) 
jscs-backuppool-5090test-091606:1758315:1758657 [2] NCCL INFO + PCI[5000.0] - NIC/0-0
jscs-backuppool-5090test-091606:1758315:1758657 [2] NCCL INFO                 + NET[25.0] - NET/0-0 (0/0/0/25.000000)
jscs-backuppool-5090test-091606:1758315:1758657 [2] NCCL INFO                 + NET[25.0] - NET/0-0 (0/0/0/25.000000)
jscs-backuppool-5090test-091606:1758315:1758657 [2] NCCL INFO                 + NET[25.0] - NET/0-0 (0/0/0/25.000000)
jscs-backuppool-5090test-091606:1758315:1758660 [5] NCCL INFO GPU/0-38000 :GPU/0-27000 (4/48.0/PHB) GPU/0-38000 (0/5000.0/LOC) GPU/0-49000 (5/40.0/SYS) GPU/0-5a000 (5/40.0/SYS) GPU/0-98000 (5/40.0/SYS) GPU/0-a8000 (5/40.0/SYS) GPU/0-b8000 (5/40.0/SYS) GPU/0-c8000 (5/40.0/SYS) CPU/0-0 (2/48.0/PHB) CPU/0-1 (3/40.0/SYS) CPU/0-2 (3/40.0/SYS) CPU/0-3 (3/40.0/SYS) NET/0-0 (4/25.0/PHB) NET/0-0 (0/0.0/DIS) NET/0-0 (0/0.0/DIS) NET/0-0 (0/0.0/DIS) DEV/0-27000 (3/48.0/PHB) DEV/0-38000 (1/5000.0/LOC) DEV/0-49000 (4/40.0/SYS) DEV/0-5a000 (4/40.0/SYS) DEV/0-98000 (4/40.0/SYS) DEV/0-a8000 (4/40.0/SYS) DEV/0-b8000 (4/40.0/SYS) DEV/0-c8000 (4/40.0/SYS) 
jscs-backuppool-5090test-091606:1758315:1758657 [2] NCCL INFO                 + NET[25.0] - NET/0-0 (0/0/0/25.000000)
jscs-backuppool-5090test-091606:1758315:1758657 [2] NCCL INFO + PCI[48.0] - DEV/0-27000 (10de2b8510de5309)
jscs-backuppool-5090test-091606:1758315:1758657 [2] NCCL INFO               + LOC[5000.0] - GPU/0-27000
jscs-backuppool-5090test-091606:1758315:1758657 [2] NCCL INFO + PCI[48.0] - DEV/0-38000 (10de2b8510de5309)
jscs-backuppool-5090test-091606:1758315:1758657 [2] NCCL INFO               + LOC[5000.0] - GPU/0-38000
jscs-backuppool-5090test-091606:1758315:1758657 [2] NCCL INFO + SYS[40.0] - CPU/0-1
jscs-backuppool-5090test-091606:1758315:1758657 [2] NCCL INFO + SYS[40.0] - CPU/0-2
jscs-backuppool-5090test-091606:1758315:1758657 [2] NCCL INFO + SYS[40.0] - CPU/0-3
jscs-backuppool-5090test-091606:1758315:1758657 [2] NCCL INFO CPU/0-1 (1/1/4)
jscs-backuppool-5090test-091606:1758315:1758657 [2] NCCL INFO + PCI[48.0] - DEV/0-49000 (10de2b8510de5309)
jscs-backuppool-5090test-091606:1758315:1758660 [5] NCCL INFO GPU/0-49000 :GPU/0-27000 (5/40.0/SYS) GPU/0-38000 (5/40.0/SYS) GPU/0-49000 (0/5000.0/LOC) GPU/0-5a000 (4/48.0/PHB) GPU/0-98000 (5/40.0/SYS) GPU/0-a8000 (5/40.0/SYS) GPU/0-b8000 (5/40.0/SYS) GPU/0-c8000 (5/40.0/SYS) CPU/0-0 (3/40.0/SYS) CPU/0-1 (2/48.0/PHB) CPU/0-2 (3/40.0/SYS) CPU/0-3 (3/40.0/SYS) NET/0-0 (5/25.0/SYS) NET/0-0 (0/0.0/DIS) NET/0-0 (0/0.0/DIS) NET/0-0 (0/0.0/DIS) DEV/0-27000 (4/40.0/SYS) DEV/0-38000 (4/40.0/SYS) DEV/0-49000 (1/5000.0/LOC) DEV/0-5a000 (3/48.0/PHB) DEV/0-98000 (4/40.0/SYS) DEV/0-a8000 (4/40.0/SYS) DEV/0-b8000 (4/40.0/SYS) DEV/0-c8000 (4/40.0/SYS) 
jscs-backuppool-5090test-091606:1758315:1758657 [2] NCCL INFO               + LOC[5000.0] - GPU/0-49000
jscs-backuppool-5090test-091606:1758315:1758657 [2] NCCL INFO + PCI[48.0] - DEV/0-5a000 (10de2b8510de5309)
jscs-backuppool-5090test-091606:1758315:1758657 [2] NCCL INFO               + LOC[5000.0] - GPU/0-5a000
jscs-backuppool-5090test-091606:1758315:1758657 [2] NCCL INFO + SYS[40.0] - CPU/0-0
jscs-backuppool-5090test-091606:1758315:1758657 [2] NCCL INFO + SYS[40.0] - CPU/0-2
jscs-backuppool-5090test-091606:1758315:1758657 [2] NCCL INFO + SYS[40.0] - CPU/0-3
jscs-backuppool-5090test-091606:1758315:1758657 [2] NCCL INFO CPU/0-2 (1/1/4)
jscs-backuppool-5090test-091606:1758315:1758657 [2] NCCL INFO + PCI[48.0] - DEV/0-98000 (10de2b8510de5309)
jscs-backuppool-5090test-091606:1758315:1758657 [2] NCCL INFO               + LOC[5000.0] - GPU/0-98000
jscs-backuppool-5090test-091606:1758315:1758660 [5] NCCL INFO GPU/0-5a000 :GPU/0-27000 (5/40.0/SYS) GPU/0-38000 (5/40.0/SYS) GPU/0-49000 (4/48.0/PHB) GPU/0-5a000 (0/5000.0/LOC) GPU/0-98000 (5/40.0/SYS) GPU/0-a8000 (5/40.0/SYS) GPU/0-b8000 (5/40.0/SYS) GPU/0-c8000 (5/40.0/SYS) CPU/0-0 (3/40.0/SYS) CPU/0-1 (2/48.0/PHB) CPU/0-2 (3/40.0/SYS) CPU/0-3 (3/40.0/SYS) NET/0-0 (5/25.0/SYS) NET/0-0 (0/0.0/DIS) NET/0-0 (0/0.0/DIS) NET/0-0 (0/0.0/DIS) DEV/0-27000 (4/40.0/SYS) DEV/0-38000 (4/40.0/SYS) DEV/0-49000 (3/48.0/PHB) DEV/0-5a000 (1/5000.0/LOC) DEV/0-98000 (4/40.0/SYS) DEV/0-a8000 (4/40.0/SYS) DEV/0-b8000 (4/40.0/SYS) DEV/0-c8000 (4/40.0/SYS) 
jscs-backuppool-5090test-091606:1758315:1758657 [2] NCCL INFO + PCI[48.0] - DEV/0-a8000 (10de2b8510de5309)
jscs-backuppool-5090test-091606:1758315:1758657 [2] NCCL INFO               + LOC[5000.0] - GPU/0-a8000
jscs-backuppool-5090test-091606:1758315:1758657 [2] NCCL INFO + PCI[48.0] - DEV/0-b8000 (10de2b8510de5309)
jscs-backuppool-5090test-091606:1758315:1758657 [2] NCCL INFO               + LOC[5000.0] - GPU/0-b8000
jscs-backuppool-5090test-091606:1758315:1758657 [2] NCCL INFO + SYS[40.0] - CPU/0-0
jscs-backuppool-5090test-091606:1758315:1758657 [2] NCCL INFO + SYS[40.0] - CPU/0-1
jscs-backuppool-5090test-091606:1758315:1758657 [2] NCCL INFO + SYS[40.0] - CPU/0-3
jscs-backuppool-5090test-091606:1758315:1758657 [2] NCCL INFO CPU/0-3 (1/1/4)
jscs-backuppool-5090test-091606:1758315:1758657 [2] NCCL INFO + PCI[48.0] - DEV/0-c8000 (10de2b8510de5309)
jscs-backuppool-5090test-091606:1758315:1758660 [5] NCCL INFO GPU/0-98000 :GPU/0-27000 (5/40.0/SYS) GPU/0-38000 (5/40.0/SYS) GPU/0-49000 (5/40.0/SYS) GPU/0-5a000 (5/40.0/SYS) GPU/0-98000 (0/5000.0/LOC) GPU/0-a8000 (4/48.0/PHB) GPU/0-b8000 (4/48.0/PHB) GPU/0-c8000 (5/40.0/SYS) CPU/0-0 (3/40.0/SYS) CPU/0-1 (3/40.0/SYS) CPU/0-2 (2/48.0/PHB) CPU/0-3 (3/40.0/SYS) NET/0-0 (5/25.0/SYS) NET/0-0 (0/0.0/DIS) NET/0-0 (0/0.0/DIS) NET/0-0 (0/0.0/DIS) DEV/0-27000 (4/40.0/SYS) DEV/0-38000 (4/40.0/SYS) DEV/0-49000 (4/40.0/SYS) DEV/0-5a000 (4/40.0/SYS) DEV/0-98000 (1/5000.0/LOC) DEV/0-a8000 (3/48.0/PHB) DEV/0-b8000 (3/48.0/PHB) DEV/0-c8000 (4/40.0/SYS) 
jscs-backuppool-5090test-091606:1758315:1758657 [2] NCCL INFO               + LOC[5000.0] - GPU/0-c8000
jscs-backuppool-5090test-091606:1758315:1758657 [2] NCCL INFO + SYS[40.0] - CPU/0-0
jscs-backuppool-5090test-091606:1758315:1758657 [2] NCCL INFO + SYS[40.0] - CPU/0-1
jscs-backuppool-5090test-091606:1758315:1758657 [2] NCCL INFO + SYS[40.0] - CPU/0-2
jscs-backuppool-5090test-091606:1758315:1758657 [2] NCCL INFO ==========================================
jscs-backuppool-5090test-091606:1758315:1758660 [5] NCCL INFO GPU/0-a8000 :GPU/0-27000 (5/40.0/SYS) GPU/0-38000 (5/40.0/SYS) GPU/0-49000 (5/40.0/SYS) GPU/0-5a000 (5/40.0/SYS) GPU/0-98000 (4/48.0/PHB) GPU/0-a8000 (0/5000.0/LOC) GPU/0-b8000 (4/48.0/PHB) GPU/0-c8000 (5/40.0/SYS) CPU/0-0 (3/40.0/SYS) CPU/0-1 (3/40.0/SYS) CPU/0-2 (2/48.0/PHB) CPU/0-3 (3/40.0/SYS) NET/0-0 (5/25.0/SYS) NET/0-0 (0/0.0/DIS) NET/0-0 (0/0.0/DIS) NET/0-0 (0/0.0/DIS) DEV/0-27000 (4/40.0/SYS) DEV/0-38000 (4/40.0/SYS) DEV/0-49000 (4/40.0/SYS) DEV/0-5a000 (4/40.0/SYS) DEV/0-98000 (3/48.0/PHB) DEV/0-a8000 (1/5000.0/LOC) DEV/0-b8000 (3/48.0/PHB) DEV/0-c8000 (4/40.0/SYS) 
jscs-backuppool-5090test-091606:1758315:1758657 [2] NCCL INFO GPU/0-27000 :GPU/0-27000 (0/5000.0/LOC) GPU/0-38000 (4/48.0/PHB) GPU/0-49000 (5/40.0/SYS) GPU/0-5a000 (5/40.0/SYS) GPU/0-98000 (5/40.0/SYS) GPU/0-a8000 (5/40.0/SYS) GPU/0-b8000 (5/40.0/SYS) GPU/0-c8000 (5/40.0/SYS) CPU/0-0 (2/48.0/PHB) CPU/0-1 (3/40.0/SYS) CPU/0-2 (3/40.0/SYS) CPU/0-3 (3/40.0/SYS) NET/0-0 (4/25.0/PHB) NET/0-0 (0/0.0/DIS) NET/0-0 (0/0.0/DIS) NET/0-0 (0/0.0/DIS) DEV/0-27000 (1/5000.0/LOC) DEV/0-38000 (3/48.0/PHB) DEV/0-49000 (4/40.0/SYS) DEV/0-5a000 (4/40.0/SYS) DEV/0-98000 (4/40.0/SYS) DEV/0-a8000 (4/40.0/SYS) DEV/0-b8000 (4/40.0/SYS) DEV/0-c8000 (4/40.0/SYS) 
jscs-backuppool-5090test-091606:1758315:1758660 [5] NCCL INFO GPU/0-b8000 :GPU/0-27000 (5/40.0/SYS) GPU/0-38000 (5/40.0/SYS) GPU/0-49000 (5/40.0/SYS) GPU/0-5a000 (5/40.0/SYS) GPU/0-98000 (4/48.0/PHB) GPU/0-a8000 (4/48.0/PHB) GPU/0-b8000 (0/5000.0/LOC) GPU/0-c8000 (5/40.0/SYS) CPU/0-0 (3/40.0/SYS) CPU/0-1 (3/40.0/SYS) CPU/0-2 (2/48.0/PHB) CPU/0-3 (3/40.0/SYS) NET/0-0 (5/25.0/SYS) NET/0-0 (0/0.0/DIS) NET/0-0 (0/0.0/DIS) NET/0-0 (0/0.0/DIS) DEV/0-27000 (4/40.0/SYS) DEV/0-38000 (4/40.0/SYS) DEV/0-49000 (4/40.0/SYS) DEV/0-5a000 (4/40.0/SYS) DEV/0-98000 (3/48.0/PHB) DEV/0-a8000 (3/48.0/PHB) DEV/0-b8000 (1/5000.0/LOC) DEV/0-c8000 (4/40.0/SYS) 
jscs-backuppool-5090test-091606:1758315:1758657 [2] NCCL INFO GPU/0-38000 :GPU/0-27000 (4/48.0/PHB) GPU/0-38000 (0/5000.0/LOC) GPU/0-49000 (5/40.0/SYS) GPU/0-5a000 (5/40.0/SYS) GPU/0-98000 (5/40.0/SYS) GPU/0-a8000 (5/40.0/SYS) GPU/0-b8000 (5/40.0/SYS) GPU/0-c8000 (5/40.0/SYS) CPU/0-0 (2/48.0/PHB) CPU/0-1 (3/40.0/SYS) CPU/0-2 (3/40.0/SYS) CPU/0-3 (3/40.0/SYS) NET/0-0 (4/25.0/PHB) NET/0-0 (0/0.0/DIS) NET/0-0 (0/0.0/DIS) NET/0-0 (0/0.0/DIS) DEV/0-27000 (3/48.0/PHB) DEV/0-38000 (1/5000.0/LOC) DEV/0-49000 (4/40.0/SYS) DEV/0-5a000 (4/40.0/SYS) DEV/0-98000 (4/40.0/SYS) DEV/0-a8000 (4/40.0/SYS) DEV/0-b8000 (4/40.0/SYS) DEV/0-c8000 (4/40.0/SYS) 
jscs-backuppool-5090test-091606:1758315:1758660 [5] NCCL INFO GPU/0-c8000 :GPU/0-27000 (5/40.0/SYS) GPU/0-38000 (5/40.0/SYS) GPU/0-49000 (5/40.0/SYS) GPU/0-5a000 (5/40.0/SYS) GPU/0-98000 (5/40.0/SYS) GPU/0-a8000 (5/40.0/SYS) GPU/0-b8000 (5/40.0/SYS) GPU/0-c8000 (0/5000.0/LOC) CPU/0-0 (3/40.0/SYS) CPU/0-1 (3/40.0/SYS) CPU/0-2 (3/40.0/SYS) CPU/0-3 (2/48.0/PHB) NET/0-0 (5/25.0/SYS) NET/0-0 (0/0.0/DIS) NET/0-0 (0/0.0/DIS) NET/0-0 (0/0.0/DIS) DEV/0-27000 (4/40.0/SYS) DEV/0-38000 (4/40.0/SYS) DEV/0-49000 (4/40.0/SYS) DEV/0-5a000 (4/40.0/SYS) DEV/0-98000 (4/40.0/SYS) DEV/0-a8000 (4/40.0/SYS) DEV/0-b8000 (4/40.0/SYS) DEV/0-c8000 (1/5000.0/LOC) 
jscs-backuppool-5090test-091606:1758315:1758657 [2] NCCL INFO GPU/0-49000 :GPU/0-27000 (5/40.0/SYS) GPU/0-38000 (5/40.0/SYS) GPU/0-49000 (0/5000.0/LOC) GPU/0-5a000 (4/48.0/PHB) GPU/0-98000 (5/40.0/SYS) GPU/0-a8000 (5/40.0/SYS) GPU/0-b8000 (5/40.0/SYS) GPU/0-c8000 (5/40.0/SYS) CPU/0-0 (3/40.0/SYS) CPU/0-1 (2/48.0/PHB) CPU/0-2 (3/40.0/SYS) CPU/0-3 (3/40.0/SYS) NET/0-0 (5/25.0/SYS) NET/0-0 (0/0.0/DIS) NET/0-0 (0/0.0/DIS) NET/0-0 (0/0.0/DIS) DEV/0-27000 (4/40.0/SYS) DEV/0-38000 (4/40.0/SYS) DEV/0-49000 (1/5000.0/LOC) DEV/0-5a000 (3/48.0/PHB) DEV/0-98000 (4/40.0/SYS) DEV/0-a8000 (4/40.0/SYS) DEV/0-b8000 (4/40.0/SYS) DEV/0-c8000 (4/40.0/SYS) 
jscs-backuppool-5090test-091606:1758315:1758660 [5] NCCL INFO NET/0-0 :GPU/0-27000 (4/25.0/PHB) GPU/0-38000 (4/25.0/PHB) GPU/0-49000 (5/25.0/SYS) GPU/0-5a000 (5/25.0/SYS) GPU/0-98000 (5/25.0/SYS) GPU/0-a8000 (5/25.0/SYS) GPU/0-b8000 (5/25.0/SYS) GPU/0-c8000 (5/25.0/SYS) CPU/0-0 (2/25.0/PHB) CPU/0-1 (3/25.0/SYS) CPU/0-2 (3/25.0/SYS) CPU/0-3 (3/25.0/SYS) NET/0-0 (0/5000.0/LOC) NET/0-0 (0/0.0/DIS) NET/0-0 (0/0.0/DIS) NET/0-0 (0/0.0/DIS) DEV/0-27000 (3/25.0/PHB) DEV/0-38000 (3/25.0/PHB) DEV/0-49000 (4/25.0/SYS) DEV/0-5a000 (4/25.0/SYS) DEV/0-98000 (4/25.0/SYS) DEV/0-a8000 (4/25.0/SYS) DEV/0-b8000 (4/25.0/SYS) DEV/0-c8000 (4/25.0/SYS) 
jscs-backuppool-5090test-091606:1758315:1758657 [2] NCCL INFO GPU/0-5a000 :GPU/0-27000 (5/40.0/SYS) GPU/0-38000 (5/40.0/SYS) GPU/0-49000 (4/48.0/PHB) GPU/0-5a000 (0/5000.0/LOC) GPU/0-98000 (5/40.0/SYS) GPU/0-a8000 (5/40.0/SYS) GPU/0-b8000 (5/40.0/SYS) GPU/0-c8000 (5/40.0/SYS) CPU/0-0 (3/40.0/SYS) CPU/0-1 (2/48.0/PHB) CPU/0-2 (3/40.0/SYS) CPU/0-3 (3/40.0/SYS) NET/0-0 (5/25.0/SYS) NET/0-0 (0/0.0/DIS) NET/0-0 (0/0.0/DIS) NET/0-0 (0/0.0/DIS) DEV/0-27000 (4/40.0/SYS) DEV/0-38000 (4/40.0/SYS) DEV/0-49000 (3/48.0/PHB) DEV/0-5a000 (1/5000.0/LOC) DEV/0-98000 (4/40.0/SYS) DEV/0-a8000 (4/40.0/SYS) DEV/0-b8000 (4/40.0/SYS) DEV/0-c8000 (4/40.0/SYS) 
jscs-backuppool-5090test-091606:1758315:1758660 [5] NCCL INFO NET/0-0 :GPU/0-27000 (4/25.0/PHB) GPU/0-38000 (4/25.0/PHB) GPU/0-49000 (5/25.0/SYS) GPU/0-5a000 (5/25.0/SYS) GPU/0-98000 (5/25.0/SYS) GPU/0-a8000 (5/25.0/SYS) GPU/0-b8000 (5/25.0/SYS) GPU/0-c8000 (5/25.0/SYS) CPU/0-0 (2/25.0/PHB) CPU/0-1 (3/25.0/SYS) CPU/0-2 (3/25.0/SYS) CPU/0-3 (3/25.0/SYS) NET/0-0 (0/5000.0/LOC) NET/0-0 (0/0.0/DIS) NET/0-0 (0/0.0/DIS) NET/0-0 (0/0.0/DIS) DEV/0-27000 (3/25.0/PHB) DEV/0-38000 (3/25.0/PHB) DEV/0-49000 (4/25.0/SYS) DEV/0-5a000 (4/25.0/SYS) DEV/0-98000 (4/25.0/SYS) DEV/0-a8000 (4/25.0/SYS) DEV/0-b8000 (4/25.0/SYS) DEV/0-c8000 (4/25.0/SYS) 
jscs-backuppool-5090test-091606:1758315:1758657 [2] NCCL INFO GPU/0-98000 :GPU/0-27000 (5/40.0/SYS) GPU/0-38000 (5/40.0/SYS) GPU/0-49000 (5/40.0/SYS) GPU/0-5a000 (5/40.0/SYS) GPU/0-98000 (0/5000.0/LOC) GPU/0-a8000 (4/48.0/PHB) GPU/0-b8000 (4/48.0/PHB) GPU/0-c8000 (5/40.0/SYS) CPU/0-0 (3/40.0/SYS) CPU/0-1 (3/40.0/SYS) CPU/0-2 (2/48.0/PHB) CPU/0-3 (3/40.0/SYS) NET/0-0 (5/25.0/SYS) NET/0-0 (0/0.0/DIS) NET/0-0 (0/0.0/DIS) NET/0-0 (0/0.0/DIS) DEV/0-27000 (4/40.0/SYS) DEV/0-38000 (4/40.0/SYS) DEV/0-49000 (4/40.0/SYS) DEV/0-5a000 (4/40.0/SYS) DEV/0-98000 (1/5000.0/LOC) DEV/0-a8000 (3/48.0/PHB) DEV/0-b8000 (3/48.0/PHB) DEV/0-c8000 (4/40.0/SYS) 
jscs-backuppool-5090test-091606:1758315:1758657 [2] NCCL INFO GPU/0-a8000 :GPU/0-27000 (5/40.0/SYS) GPU/0-38000 (5/40.0/SYS) GPU/0-49000 (5/40.0/SYS) GPU/0-5a000 (5/40.0/SYS) GPU/0-98000 (4/48.0/PHB) GPU/0-a8000 (0/5000.0/LOC) GPU/0-b8000 (4/48.0/PHB) GPU/0-c8000 (5/40.0/SYS) CPU/0-0 (3/40.0/SYS) CPU/0-1 (3/40.0/SYS) CPU/0-2 (2/48.0/PHB) CPU/0-3 (3/40.0/SYS) NET/0-0 (5/25.0/SYS) NET/0-0 (0/0.0/DIS) NET/0-0 (0/0.0/DIS) NET/0-0 (0/0.0/DIS) DEV/0-27000 (4/40.0/SYS) DEV/0-38000 (4/40.0/SYS) DEV/0-49000 (4/40.0/SYS) DEV/0-5a000 (4/40.0/SYS) DEV/0-98000 (3/48.0/PHB) DEV/0-a8000 (1/5000.0/LOC) DEV/0-b8000 (3/48.0/PHB) DEV/0-c8000 (4/40.0/SYS) 
jscs-backuppool-5090test-091606:1758315:1758660 [5] NCCL INFO NET/0-0 :GPU/0-27000 (4/25.0/PHB) GPU/0-38000 (4/25.0/PHB) GPU/0-49000 (5/25.0/SYS) GPU/0-5a000 (5/25.0/SYS) GPU/0-98000 (5/25.0/SYS) GPU/0-a8000 (5/25.0/SYS) GPU/0-b8000 (5/25.0/SYS) GPU/0-c8000 (5/25.0/SYS) CPU/0-0 (2/25.0/PHB) CPU/0-1 (3/25.0/SYS) CPU/0-2 (3/25.0/SYS) CPU/0-3 (3/25.0/SYS) NET/0-0 (0/5000.0/LOC) NET/0-0 (0/0.0/DIS) NET/0-0 (0/0.0/DIS) NET/0-0 (0/0.0/DIS) DEV/0-27000 (3/25.0/PHB) DEV/0-38000 (3/25.0/PHB) DEV/0-49000 (4/25.0/SYS) DEV/0-5a000 (4/25.0/SYS) DEV/0-98000 (4/25.0/SYS) DEV/0-a8000 (4/25.0/SYS) DEV/0-b8000 (4/25.0/SYS) DEV/0-c8000 (4/25.0/SYS) 
jscs-backuppool-5090test-091606:1758315:1758657 [2] NCCL INFO GPU/0-b8000 :GPU/0-27000 (5/40.0/SYS) GPU/0-38000 (5/40.0/SYS) GPU/0-49000 (5/40.0/SYS) GPU/0-5a000 (5/40.0/SYS) GPU/0-98000 (4/48.0/PHB) GPU/0-a8000 (4/48.0/PHB) GPU/0-b8000 (0/5000.0/LOC) GPU/0-c8000 (5/40.0/SYS) CPU/0-0 (3/40.0/SYS) CPU/0-1 (3/40.0/SYS) CPU/0-2 (2/48.0/PHB) CPU/0-3 (3/40.0/SYS) NET/0-0 (5/25.0/SYS) NET/0-0 (0/0.0/DIS) NET/0-0 (0/0.0/DIS) NET/0-0 (0/0.0/DIS) DEV/0-27000 (4/40.0/SYS) DEV/0-38000 (4/40.0/SYS) DEV/0-49000 (4/40.0/SYS) DEV/0-5a000 (4/40.0/SYS) DEV/0-98000 (3/48.0/PHB) DEV/0-a8000 (3/48.0/PHB) DEV/0-b8000 (1/5000.0/LOC) DEV/0-c8000 (4/40.0/SYS) 
jscs-backuppool-5090test-091606:1758315:1758660 [5] NCCL INFO NET/0-0 :GPU/0-27000 (4/25.0/PHB) GPU/0-38000 (4/25.0/PHB) GPU/0-49000 (5/25.0/SYS) GPU/0-5a000 (5/25.0/SYS) GPU/0-98000 (5/25.0/SYS) GPU/0-a8000 (5/25.0/SYS) GPU/0-b8000 (5/25.0/SYS) GPU/0-c8000 (5/25.0/SYS) CPU/0-0 (2/25.0/PHB) CPU/0-1 (3/25.0/SYS) CPU/0-2 (3/25.0/SYS) CPU/0-3 (3/25.0/SYS) NET/0-0 (0/5000.0/LOC) NET/0-0 (0/0.0/DIS) NET/0-0 (0/0.0/DIS) NET/0-0 (0/0.0/DIS) DEV/0-27000 (3/25.0/PHB) DEV/0-38000 (3/25.0/PHB) DEV/0-49000 (4/25.0/SYS) DEV/0-5a000 (4/25.0/SYS) DEV/0-98000 (4/25.0/SYS) DEV/0-a8000 (4/25.0/SYS) DEV/0-b8000 (4/25.0/SYS) DEV/0-c8000 (4/25.0/SYS) 
jscs-backuppool-5090test-091606:1758315:1758657 [2] NCCL INFO GPU/0-c8000 :GPU/0-27000 (5/40.0/SYS) GPU/0-38000 (5/40.0/SYS) GPU/0-49000 (5/40.0/SYS) GPU/0-5a000 (5/40.0/SYS) GPU/0-98000 (5/40.0/SYS) GPU/0-a8000 (5/40.0/SYS) GPU/0-b8000 (5/40.0/SYS) GPU/0-c8000 (0/5000.0/LOC) CPU/0-0 (3/40.0/SYS) CPU/0-1 (3/40.0/SYS) CPU/0-2 (3/40.0/SYS) CPU/0-3 (2/48.0/PHB) NET/0-0 (5/25.0/SYS) NET/0-0 (0/0.0/DIS) NET/0-0 (0/0.0/DIS) NET/0-0 (0/0.0/DIS) DEV/0-27000 (4/40.0/SYS) DEV/0-38000 (4/40.0/SYS) DEV/0-49000 (4/40.0/SYS) DEV/0-5a000 (4/40.0/SYS) DEV/0-98000 (4/40.0/SYS) DEV/0-a8000 (4/40.0/SYS) DEV/0-b8000 (4/40.0/SYS) DEV/0-c8000 (1/5000.0/LOC) 
jscs-backuppool-5090test-091606:1758315:1758657 [2] NCCL INFO NET/0-0 :GPU/0-27000 (4/25.0/PHB) GPU/0-38000 (4/25.0/PHB) GPU/0-49000 (5/25.0/SYS) GPU/0-5a000 (5/25.0/SYS) GPU/0-98000 (5/25.0/SYS) GPU/0-a8000 (5/25.0/SYS) GPU/0-b8000 (5/25.0/SYS) GPU/0-c8000 (5/25.0/SYS) CPU/0-0 (2/25.0/PHB) CPU/0-1 (3/25.0/SYS) CPU/0-2 (3/25.0/SYS) CPU/0-3 (3/25.0/SYS) NET/0-0 (0/5000.0/LOC) NET/0-0 (0/0.0/DIS) NET/0-0 (0/0.0/DIS) NET/0-0 (0/0.0/DIS) DEV/0-27000 (3/25.0/PHB) DEV/0-38000 (3/25.0/PHB) DEV/0-49000 (4/25.0/SYS) DEV/0-5a000 (4/25.0/SYS) DEV/0-98000 (4/25.0/SYS) DEV/0-a8000 (4/25.0/SYS) DEV/0-b8000 (4/25.0/SYS) DEV/0-c8000 (4/25.0/SYS) 
jscs-backuppool-5090test-091606:1758315:1758657 [2] NCCL INFO NET/0-0 :GPU/0-27000 (4/25.0/PHB) GPU/0-38000 (4/25.0/PHB) GPU/0-49000 (5/25.0/SYS) GPU/0-5a000 (5/25.0/SYS) GPU/0-98000 (5/25.0/SYS) GPU/0-a8000 (5/25.0/SYS) GPU/0-b8000 (5/25.0/SYS) GPU/0-c8000 (5/25.0/SYS) CPU/0-0 (2/25.0/PHB) CPU/0-1 (3/25.0/SYS) CPU/0-2 (3/25.0/SYS) CPU/0-3 (3/25.0/SYS) NET/0-0 (0/5000.0/LOC) NET/0-0 (0/0.0/DIS) NET/0-0 (0/0.0/DIS) NET/0-0 (0/0.0/DIS) DEV/0-27000 (3/25.0/PHB) DEV/0-38000 (3/25.0/PHB) DEV/0-49000 (4/25.0/SYS) DEV/0-5a000 (4/25.0/SYS) DEV/0-98000 (4/25.0/SYS) DEV/0-a8000 (4/25.0/SYS) DEV/0-b8000 (4/25.0/SYS) DEV/0-c8000 (4/25.0/SYS) 
jscs-backuppool-5090test-091606:1758315:1758657 [2] NCCL INFO NET/0-0 :GPU/0-27000 (4/25.0/PHB) GPU/0-38000 (4/25.0/PHB) GPU/0-49000 (5/25.0/SYS) GPU/0-5a000 (5/25.0/SYS) GPU/0-98000 (5/25.0/SYS) GPU/0-a8000 (5/25.0/SYS) GPU/0-b8000 (5/25.0/SYS) GPU/0-c8000 (5/25.0/SYS) CPU/0-0 (2/25.0/PHB) CPU/0-1 (3/25.0/SYS) CPU/0-2 (3/25.0/SYS) CPU/0-3 (3/25.0/SYS) NET/0-0 (0/5000.0/LOC) NET/0-0 (0/0.0/DIS) NET/0-0 (0/0.0/DIS) NET/0-0 (0/0.0/DIS) DEV/0-27000 (3/25.0/PHB) DEV/0-38000 (3/25.0/PHB) DEV/0-49000 (4/25.0/SYS) DEV/0-5a000 (4/25.0/SYS) DEV/0-98000 (4/25.0/SYS) DEV/0-a8000 (4/25.0/SYS) DEV/0-b8000 (4/25.0/SYS) DEV/0-c8000 (4/25.0/SYS) 
jscs-backuppool-5090test-091606:1758315:1758657 [2] NCCL INFO NET/0-0 :GPU/0-27000 (4/25.0/PHB) GPU/0-38000 (4/25.0/PHB) GPU/0-49000 (5/25.0/SYS) GPU/0-5a000 (5/25.0/SYS) GPU/0-98000 (5/25.0/SYS) GPU/0-a8000 (5/25.0/SYS) GPU/0-b8000 (5/25.0/SYS) GPU/0-c8000 (5/25.0/SYS) CPU/0-0 (2/25.0/PHB) CPU/0-1 (3/25.0/SYS) CPU/0-2 (3/25.0/SYS) CPU/0-3 (3/25.0/SYS) NET/0-0 (0/5000.0/LOC) NET/0-0 (0/0.0/DIS) NET/0-0 (0/0.0/DIS) NET/0-0 (0/0.0/DIS) DEV/0-27000 (3/25.0/PHB) DEV/0-38000 (3/25.0/PHB) DEV/0-49000 (4/25.0/SYS) DEV/0-5a000 (4/25.0/SYS) DEV/0-98000 (4/25.0/SYS) DEV/0-a8000 (4/25.0/SYS) DEV/0-b8000 (4/25.0/SYS) DEV/0-c8000 (4/25.0/SYS) 
jscs-backuppool-5090test-091606:1758315:1758658 [3] NCCL INFO === System : maxBw 48.0 totalBw 48.0 ===
jscs-backuppool-5090test-091606:1758315:1758658 [3] NCCL INFO CPU/0-0 (1/1/4)
jscs-backuppool-5090test-091606:1758315:1758658 [3] NCCL INFO + PCI[5000.0] - NIC/0-0
jscs-backuppool-5090test-091606:1758315:1758658 [3] NCCL INFO                 + NET[25.0] - NET/0-0 (0/0/0/25.000000)
jscs-backuppool-5090test-091606:1758315:1758658 [3] NCCL INFO                 + NET[25.0] - NET/0-0 (0/0/0/25.000000)
jscs-backuppool-5090test-091606:1758315:1758658 [3] NCCL INFO                 + NET[25.0] - NET/0-0 (0/0/0/25.000000)
jscs-backuppool-5090test-091606:1758315:1758658 [3] NCCL INFO                 + NET[25.0] - NET/0-0 (0/0/0/25.000000)
jscs-backuppool-5090test-091606:1758315:1758658 [3] NCCL INFO + PCI[48.0] - DEV/0-27000 (10de2b8510de5309)
jscs-backuppool-5090test-091606:1758315:1758658 [3] NCCL INFO               + LOC[5000.0] - GPU/0-27000
jscs-backuppool-5090test-091606:1758315:1758658 [3] NCCL INFO + PCI[48.0] - DEV/0-38000 (10de2b8510de5309)
jscs-backuppool-5090test-091606:1758315:1758658 [3] NCCL INFO               + LOC[5000.0] - GPU/0-38000
jscs-backuppool-5090test-091606:1758315:1758658 [3] NCCL INFO + SYS[40.0] - CPU/0-1
jscs-backuppool-5090test-091606:1758315:1758658 [3] NCCL INFO + SYS[40.0] - CPU/0-2
jscs-backuppool-5090test-091606:1758315:1758658 [3] NCCL INFO + SYS[40.0] - CPU/0-3
jscs-backuppool-5090test-091606:1758315:1758658 [3] NCCL INFO CPU/0-1 (1/1/4)
jscs-backuppool-5090test-091606:1758315:1758658 [3] NCCL INFO + PCI[48.0] - DEV/0-49000 (10de2b8510de5309)
jscs-backuppool-5090test-091606:1758315:1758658 [3] NCCL INFO               + LOC[5000.0] - GPU/0-49000
jscs-backuppool-5090test-091606:1758315:1758658 [3] NCCL INFO + PCI[48.0] - DEV/0-5a000 (10de2b8510de5309)
jscs-backuppool-5090test-091606:1758315:1758658 [3] NCCL INFO               + LOC[5000.0] - GPU/0-5a000
jscs-backuppool-5090test-091606:1758315:1758658 [3] NCCL INFO + SYS[40.0] - CPU/0-0
jscs-backuppool-5090test-091606:1758315:1758658 [3] NCCL INFO + SYS[40.0] - CPU/0-2
jscs-backuppool-5090test-091606:1758315:1758658 [3] NCCL INFO + SYS[40.0] - CPU/0-3
jscs-backuppool-5090test-091606:1758315:1758658 [3] NCCL INFO CPU/0-2 (1/1/4)
jscs-backuppool-5090test-091606:1758315:1758658 [3] NCCL INFO + PCI[48.0] - DEV/0-98000 (10de2b8510de5309)
jscs-backuppool-5090test-091606:1758315:1758658 [3] NCCL INFO               + LOC[5000.0] - GPU/0-98000
jscs-backuppool-5090test-091606:1758315:1758658 [3] NCCL INFO + PCI[48.0] - DEV/0-a8000 (10de2b8510de5309)
jscs-backuppool-5090test-091606:1758315:1758658 [3] NCCL INFO               + LOC[5000.0] - GPU/0-a8000
jscs-backuppool-5090test-091606:1758315:1758658 [3] NCCL INFO + PCI[48.0] - DEV/0-b8000 (10de2b8510de5309)
jscs-backuppool-5090test-091606:1758315:1758658 [3] NCCL INFO               + LOC[5000.0] - GPU/0-b8000
jscs-backuppool-5090test-091606:1758315:1758658 [3] NCCL INFO + SYS[40.0] - CPU/0-0
jscs-backuppool-5090test-091606:1758315:1758658 [3] NCCL INFO + SYS[40.0] - CPU/0-1
jscs-backuppool-5090test-091606:1758315:1758658 [3] NCCL INFO + SYS[40.0] - CPU/0-3
jscs-backuppool-5090test-091606:1758315:1758658 [3] NCCL INFO CPU/0-3 (1/1/4)
jscs-backuppool-5090test-091606:1758315:1758658 [3] NCCL INFO + PCI[48.0] - DEV/0-c8000 (10de2b8510de5309)
jscs-backuppool-5090test-091606:1758315:1758658 [3] NCCL INFO               + LOC[5000.0] - GPU/0-c8000
jscs-backuppool-5090test-091606:1758315:1758658 [3] NCCL INFO + SYS[40.0] - CPU/0-0
jscs-backuppool-5090test-091606:1758315:1758658 [3] NCCL INFO + SYS[40.0] - CPU/0-1
jscs-backuppool-5090test-091606:1758315:1758658 [3] NCCL INFO + SYS[40.0] - CPU/0-2
jscs-backuppool-5090test-091606:1758315:1758658 [3] NCCL INFO ==========================================
jscs-backuppool-5090test-091606:1758315:1758658 [3] NCCL INFO GPU/0-27000 :GPU/0-27000 (0/5000.0/LOC) GPU/0-38000 (4/48.0/PHB) GPU/0-49000 (5/40.0/SYS) GPU/0-5a000 (5/40.0/SYS) GPU/0-98000 (5/40.0/SYS) GPU/0-a8000 (5/40.0/SYS) GPU/0-b8000 (5/40.0/SYS) GPU/0-c8000 (5/40.0/SYS) CPU/0-0 (2/48.0/PHB) CPU/0-1 (3/40.0/SYS) CPU/0-2 (3/40.0/SYS) CPU/0-3 (3/40.0/SYS) NET/0-0 (4/25.0/PHB) NET/0-0 (0/0.0/DIS) NET/0-0 (0/0.0/DIS) NET/0-0 (0/0.0/DIS) DEV/0-27000 (1/5000.0/LOC) DEV/0-38000 (3/48.0/PHB) DEV/0-49000 (4/40.0/SYS) DEV/0-5a000 (4/40.0/SYS) DEV/0-98000 (4/40.0/SYS) DEV/0-a8000 (4/40.0/SYS) DEV/0-b8000 (4/40.0/SYS) DEV/0-c8000 (4/40.0/SYS) 
jscs-backuppool-5090test-091606:1758315:1758658 [3] NCCL INFO GPU/0-38000 :GPU/0-27000 (4/48.0/PHB) GPU/0-38000 (0/5000.0/LOC) GPU/0-49000 (5/40.0/SYS) GPU/0-5a000 (5/40.0/SYS) GPU/0-98000 (5/40.0/SYS) GPU/0-a8000 (5/40.0/SYS) GPU/0-b8000 (5/40.0/SYS) GPU/0-c8000 (5/40.0/SYS) CPU/0-0 (2/48.0/PHB) CPU/0-1 (3/40.0/SYS) CPU/0-2 (3/40.0/SYS) CPU/0-3 (3/40.0/SYS) NET/0-0 (4/25.0/PHB) NET/0-0 (0/0.0/DIS) NET/0-0 (0/0.0/DIS) NET/0-0 (0/0.0/DIS) DEV/0-27000 (3/48.0/PHB) DEV/0-38000 (1/5000.0/LOC) DEV/0-49000 (4/40.0/SYS) DEV/0-5a000 (4/40.0/SYS) DEV/0-98000 (4/40.0/SYS) DEV/0-a8000 (4/40.0/SYS) DEV/0-b8000 (4/40.0/SYS) DEV/0-c8000 (4/40.0/SYS) 
jscs-backuppool-5090test-091606:1758315:1758658 [3] NCCL INFO GPU/0-49000 :GPU/0-27000 (5/40.0/SYS) GPU/0-38000 (5/40.0/SYS) GPU/0-49000 (0/5000.0/LOC) GPU/0-5a000 (4/48.0/PHB) GPU/0-98000 (5/40.0/SYS) GPU/0-a8000 (5/40.0/SYS) GPU/0-b8000 (5/40.0/SYS) GPU/0-c8000 (5/40.0/SYS) CPU/0-0 (3/40.0/SYS) CPU/0-1 (2/48.0/PHB) CPU/0-2 (3/40.0/SYS) CPU/0-3 (3/40.0/SYS) NET/0-0 (5/25.0/SYS) NET/0-0 (0/0.0/DIS) NET/0-0 (0/0.0/DIS) NET/0-0 (0/0.0/DIS) DEV/0-27000 (4/40.0/SYS) DEV/0-38000 (4/40.0/SYS) DEV/0-49000 (1/5000.0/LOC) DEV/0-5a000 (3/48.0/PHB) DEV/0-98000 (4/40.0/SYS) DEV/0-a8000 (4/40.0/SYS) DEV/0-b8000 (4/40.0/SYS) DEV/0-c8000 (4/40.0/SYS) 
jscs-backuppool-5090test-091606:1758315:1758658 [3] NCCL INFO GPU/0-5a000 :GPU/0-27000 (5/40.0/SYS) GPU/0-38000 (5/40.0/SYS) GPU/0-49000 (4/48.0/PHB) GPU/0-5a000 (0/5000.0/LOC) GPU/0-98000 (5/40.0/SYS) GPU/0-a8000 (5/40.0/SYS) GPU/0-b8000 (5/40.0/SYS) GPU/0-c8000 (5/40.0/SYS) CPU/0-0 (3/40.0/SYS) CPU/0-1 (2/48.0/PHB) CPU/0-2 (3/40.0/SYS) CPU/0-3 (3/40.0/SYS) NET/0-0 (5/25.0/SYS) NET/0-0 (0/0.0/DIS) NET/0-0 (0/0.0/DIS) NET/0-0 (0/0.0/DIS) DEV/0-27000 (4/40.0/SYS) DEV/0-38000 (4/40.0/SYS) DEV/0-49000 (3/48.0/PHB) DEV/0-5a000 (1/5000.0/LOC) DEV/0-98000 (4/40.0/SYS) DEV/0-a8000 (4/40.0/SYS) DEV/0-b8000 (4/40.0/SYS) DEV/0-c8000 (4/40.0/SYS) 
jscs-backuppool-5090test-091606:1758315:1758658 [3] NCCL INFO GPU/0-98000 :GPU/0-27000 (5/40.0/SYS) GPU/0-38000 (5/40.0/SYS) GPU/0-49000 (5/40.0/SYS) GPU/0-5a000 (5/40.0/SYS) GPU/0-98000 (0/5000.0/LOC) GPU/0-a8000 (4/48.0/PHB) GPU/0-b8000 (4/48.0/PHB) GPU/0-c8000 (5/40.0/SYS) CPU/0-0 (3/40.0/SYS) CPU/0-1 (3/40.0/SYS) CPU/0-2 (2/48.0/PHB) CPU/0-3 (3/40.0/SYS) NET/0-0 (5/25.0/SYS) NET/0-0 (0/0.0/DIS) NET/0-0 (0/0.0/DIS) NET/0-0 (0/0.0/DIS) DEV/0-27000 (4/40.0/SYS) DEV/0-38000 (4/40.0/SYS) DEV/0-49000 (4/40.0/SYS) DEV/0-5a000 (4/40.0/SYS) DEV/0-98000 (1/5000.0/LOC) DEV/0-a8000 (3/48.0/PHB) DEV/0-b8000 (3/48.0/PHB) DEV/0-c8000 (4/40.0/SYS) 
jscs-backuppool-5090test-091606:1758315:1758658 [3] NCCL INFO GPU/0-a8000 :GPU/0-27000 (5/40.0/SYS) GPU/0-38000 (5/40.0/SYS) GPU/0-49000 (5/40.0/SYS) GPU/0-5a000 (5/40.0/SYS) GPU/0-98000 (4/48.0/PHB) GPU/0-a8000 (0/5000.0/LOC) GPU/0-b8000 (4/48.0/PHB) GPU/0-c8000 (5/40.0/SYS) CPU/0-0 (3/40.0/SYS) CPU/0-1 (3/40.0/SYS) CPU/0-2 (2/48.0/PHB) CPU/0-3 (3/40.0/SYS) NET/0-0 (5/25.0/SYS) NET/0-0 (0/0.0/DIS) NET/0-0 (0/0.0/DIS) NET/0-0 (0/0.0/DIS) DEV/0-27000 (4/40.0/SYS) DEV/0-38000 (4/40.0/SYS) DEV/0-49000 (4/40.0/SYS) DEV/0-5a000 (4/40.0/SYS) DEV/0-98000 (3/48.0/PHB) DEV/0-a8000 (1/5000.0/LOC) DEV/0-b8000 (3/48.0/PHB) DEV/0-c8000 (4/40.0/SYS) 
jscs-backuppool-5090test-091606:1758315:1758658 [3] NCCL INFO GPU/0-b8000 :GPU/0-27000 (5/40.0/SYS) GPU/0-38000 (5/40.0/SYS) GPU/0-49000 (5/40.0/SYS) GPU/0-5a000 (5/40.0/SYS) GPU/0-98000 (4/48.0/PHB) GPU/0-a8000 (4/48.0/PHB) GPU/0-b8000 (0/5000.0/LOC) GPU/0-c8000 (5/40.0/SYS) CPU/0-0 (3/40.0/SYS) CPU/0-1 (3/40.0/SYS) CPU/0-2 (2/48.0/PHB) CPU/0-3 (3/40.0/SYS) NET/0-0 (5/25.0/SYS) NET/0-0 (0/0.0/DIS) NET/0-0 (0/0.0/DIS) NET/0-0 (0/0.0/DIS) DEV/0-27000 (4/40.0/SYS) DEV/0-38000 (4/40.0/SYS) DEV/0-49000 (4/40.0/SYS) DEV/0-5a000 (4/40.0/SYS) DEV/0-98000 (3/48.0/PHB) DEV/0-a8000 (3/48.0/PHB) DEV/0-b8000 (1/5000.0/LOC) DEV/0-c8000 (4/40.0/SYS) 
jscs-backuppool-5090test-091606:1758315:1758658 [3] NCCL INFO GPU/0-c8000 :GPU/0-27000 (5/40.0/SYS) GPU/0-38000 (5/40.0/SYS) GPU/0-49000 (5/40.0/SYS) GPU/0-5a000 (5/40.0/SYS) GPU/0-98000 (5/40.0/SYS) GPU/0-a8000 (5/40.0/SYS) GPU/0-b8000 (5/40.0/SYS) GPU/0-c8000 (0/5000.0/LOC) CPU/0-0 (3/40.0/SYS) CPU/0-1 (3/40.0/SYS) CPU/0-2 (3/40.0/SYS) CPU/0-3 (2/48.0/PHB) NET/0-0 (5/25.0/SYS) NET/0-0 (0/0.0/DIS) NET/0-0 (0/0.0/DIS) NET/0-0 (0/0.0/DIS) DEV/0-27000 (4/40.0/SYS) DEV/0-38000 (4/40.0/SYS) DEV/0-49000 (4/40.0/SYS) DEV/0-5a000 (4/40.0/SYS) DEV/0-98000 (4/40.0/SYS) DEV/0-a8000 (4/40.0/SYS) DEV/0-b8000 (4/40.0/SYS) DEV/0-c8000 (1/5000.0/LOC) 
jscs-backuppool-5090test-091606:1758315:1758658 [3] NCCL INFO NET/0-0 :GPU/0-27000 (4/25.0/PHB) GPU/0-38000 (4/25.0/PHB) GPU/0-49000 (5/25.0/SYS) GPU/0-5a000 (5/25.0/SYS) GPU/0-98000 (5/25.0/SYS) GPU/0-a8000 (5/25.0/SYS) GPU/0-b8000 (5/25.0/SYS) GPU/0-c8000 (5/25.0/SYS) CPU/0-0 (2/25.0/PHB) CPU/0-1 (3/25.0/SYS) CPU/0-2 (3/25.0/SYS) CPU/0-3 (3/25.0/SYS) NET/0-0 (0/5000.0/LOC) NET/0-0 (0/0.0/DIS) NET/0-0 (0/0.0/DIS) NET/0-0 (0/0.0/DIS) DEV/0-27000 (3/25.0/PHB) DEV/0-38000 (3/25.0/PHB) DEV/0-49000 (4/25.0/SYS) DEV/0-5a000 (4/25.0/SYS) DEV/0-98000 (4/25.0/SYS) DEV/0-a8000 (4/25.0/SYS) DEV/0-b8000 (4/25.0/SYS) DEV/0-c8000 (4/25.0/SYS) 
jscs-backuppool-5090test-091606:1758315:1758658 [3] NCCL INFO NET/0-0 :GPU/0-27000 (4/25.0/PHB) GPU/0-38000 (4/25.0/PHB) GPU/0-49000 (5/25.0/SYS) GPU/0-5a000 (5/25.0/SYS) GPU/0-98000 (5/25.0/SYS) GPU/0-a8000 (5/25.0/SYS) GPU/0-b8000 (5/25.0/SYS) GPU/0-c8000 (5/25.0/SYS) CPU/0-0 (2/25.0/PHB) CPU/0-1 (3/25.0/SYS) CPU/0-2 (3/25.0/SYS) CPU/0-3 (3/25.0/SYS) NET/0-0 (0/5000.0/LOC) NET/0-0 (0/0.0/DIS) NET/0-0 (0/0.0/DIS) NET/0-0 (0/0.0/DIS) DEV/0-27000 (3/25.0/PHB) DEV/0-38000 (3/25.0/PHB) DEV/0-49000 (4/25.0/SYS) DEV/0-5a000 (4/25.0/SYS) DEV/0-98000 (4/25.0/SYS) DEV/0-a8000 (4/25.0/SYS) DEV/0-b8000 (4/25.0/SYS) DEV/0-c8000 (4/25.0/SYS) 
jscs-backuppool-5090test-091606:1758315:1758658 [3] NCCL INFO NET/0-0 :GPU/0-27000 (4/25.0/PHB) GPU/0-38000 (4/25.0/PHB) GPU/0-49000 (5/25.0/SYS) GPU/0-5a000 (5/25.0/SYS) GPU/0-98000 (5/25.0/SYS) GPU/0-a8000 (5/25.0/SYS) GPU/0-b8000 (5/25.0/SYS) GPU/0-c8000 (5/25.0/SYS) CPU/0-0 (2/25.0/PHB) CPU/0-1 (3/25.0/SYS) CPU/0-2 (3/25.0/SYS) CPU/0-3 (3/25.0/SYS) NET/0-0 (0/5000.0/LOC) NET/0-0 (0/0.0/DIS) NET/0-0 (0/0.0/DIS) NET/0-0 (0/0.0/DIS) DEV/0-27000 (3/25.0/PHB) DEV/0-38000 (3/25.0/PHB) DEV/0-49000 (4/25.0/SYS) DEV/0-5a000 (4/25.0/SYS) DEV/0-98000 (4/25.0/SYS) DEV/0-a8000 (4/25.0/SYS) DEV/0-b8000 (4/25.0/SYS) DEV/0-c8000 (4/25.0/SYS) 
jscs-backuppool-5090test-091606:1758315:1758658 [3] NCCL INFO NET/0-0 :GPU/0-27000 (4/25.0/PHB) GPU/0-38000 (4/25.0/PHB) GPU/0-49000 (5/25.0/SYS) GPU/0-5a000 (5/25.0/SYS) GPU/0-98000 (5/25.0/SYS) GPU/0-a8000 (5/25.0/SYS) GPU/0-b8000 (5/25.0/SYS) GPU/0-c8000 (5/25.0/SYS) CPU/0-0 (2/25.0/PHB) CPU/0-1 (3/25.0/SYS) CPU/0-2 (3/25.0/SYS) CPU/0-3 (3/25.0/SYS) NET/0-0 (0/5000.0/LOC) NET/0-0 (0/0.0/DIS) NET/0-0 (0/0.0/DIS) NET/0-0 (0/0.0/DIS) DEV/0-27000 (3/25.0/PHB) DEV/0-38000 (3/25.0/PHB) DEV/0-49000 (4/25.0/SYS) DEV/0-5a000 (4/25.0/SYS) DEV/0-98000 (4/25.0/SYS) DEV/0-a8000 (4/25.0/SYS) DEV/0-b8000 (4/25.0/SYS) DEV/0-c8000 (4/25.0/SYS) 
jscs-backuppool-5090test-091606:1758315:1758655 [0] NCCL INFO === System : maxBw 48.0 totalBw 48.0 ===
jscs-backuppool-5090test-091606:1758315:1758655 [0] NCCL INFO CPU/0-0 (1/1/4)
jscs-backuppool-5090test-091606:1758315:1758655 [0] NCCL INFO + PCI[5000.0] - NIC/0-0
jscs-backuppool-5090test-091606:1758315:1758655 [0] NCCL INFO                 + NET[25.0] - NET/0-0 (0/0/0/25.000000)
jscs-backuppool-5090test-091606:1758315:1758655 [0] NCCL INFO                 + NET[25.0] - NET/0-0 (0/0/0/25.000000)
jscs-backuppool-5090test-091606:1758315:1758655 [0] NCCL INFO                 + NET[25.0] - NET/0-0 (0/0/0/25.000000)
jscs-backuppool-5090test-091606:1758315:1758655 [0] NCCL INFO                 + NET[25.0] - NET/0-0 (0/0/0/25.000000)
jscs-backuppool-5090test-091606:1758315:1758655 [0] NCCL INFO + PCI[48.0] - DEV/0-27000 (10de2b8510de5309)
jscs-backuppool-5090test-091606:1758315:1758655 [0] NCCL INFO               + LOC[5000.0] - GPU/0-27000
jscs-backuppool-5090test-091606:1758315:1758655 [0] NCCL INFO + PCI[48.0] - DEV/0-38000 (10de2b8510de5309)
jscs-backuppool-5090test-091606:1758315:1758655 [0] NCCL INFO               + LOC[5000.0] - GPU/0-38000
jscs-backuppool-5090test-091606:1758315:1758655 [0] NCCL INFO + SYS[40.0] - CPU/0-1
jscs-backuppool-5090test-091606:1758315:1758655 [0] NCCL INFO + SYS[40.0] - CPU/0-2
jscs-backuppool-5090test-091606:1758315:1758655 [0] NCCL INFO + SYS[40.0] - CPU/0-3
jscs-backuppool-5090test-091606:1758315:1758655 [0] NCCL INFO CPU/0-1 (1/1/4)
jscs-backuppool-5090test-091606:1758315:1758655 [0] NCCL INFO + PCI[48.0] - DEV/0-49000 (10de2b8510de5309)
jscs-backuppool-5090test-091606:1758315:1758655 [0] NCCL INFO               + LOC[5000.0] - GPU/0-49000
jscs-backuppool-5090test-091606:1758315:1758655 [0] NCCL INFO + PCI[48.0] - DEV/0-5a000 (10de2b8510de5309)
jscs-backuppool-5090test-091606:1758315:1758655 [0] NCCL INFO               + LOC[5000.0] - GPU/0-5a000
jscs-backuppool-5090test-091606:1758315:1758655 [0] NCCL INFO + SYS[40.0] - CPU/0-0
jscs-backuppool-5090test-091606:1758315:1758655 [0] NCCL INFO + SYS[40.0] - CPU/0-2
jscs-backuppool-5090test-091606:1758315:1758655 [0] NCCL INFO + SYS[40.0] - CPU/0-3
jscs-backuppool-5090test-091606:1758315:1758655 [0] NCCL INFO CPU/0-2 (1/1/4)
jscs-backuppool-5090test-091606:1758315:1758655 [0] NCCL INFO + PCI[48.0] - DEV/0-98000 (10de2b8510de5309)
jscs-backuppool-5090test-091606:1758315:1758655 [0] NCCL INFO               + LOC[5000.0] - GPU/0-98000
jscs-backuppool-5090test-091606:1758315:1758655 [0] NCCL INFO + PCI[48.0] - DEV/0-a8000 (10de2b8510de5309)
jscs-backuppool-5090test-091606:1758315:1758655 [0] NCCL INFO               + LOC[5000.0] - GPU/0-a8000
jscs-backuppool-5090test-091606:1758315:1758655 [0] NCCL INFO + PCI[48.0] - DEV/0-b8000 (10de2b8510de5309)
jscs-backuppool-5090test-091606:1758315:1758655 [0] NCCL INFO               + LOC[5000.0] - GPU/0-b8000
jscs-backuppool-5090test-091606:1758315:1758655 [0] NCCL INFO + SYS[40.0] - CPU/0-0
jscs-backuppool-5090test-091606:1758315:1758655 [0] NCCL INFO + SYS[40.0] - CPU/0-1
jscs-backuppool-5090test-091606:1758315:1758655 [0] NCCL INFO + SYS[40.0] - CPU/0-3
jscs-backuppool-5090test-091606:1758315:1758655 [0] NCCL INFO CPU/0-3 (1/1/4)
jscs-backuppool-5090test-091606:1758315:1758655 [0] NCCL INFO + PCI[48.0] - DEV/0-c8000 (10de2b8510de5309)
jscs-backuppool-5090test-091606:1758315:1758655 [0] NCCL INFO               + LOC[5000.0] - GPU/0-c8000
jscs-backuppool-5090test-091606:1758315:1758655 [0] NCCL INFO + SYS[40.0] - CPU/0-0
jscs-backuppool-5090test-091606:1758315:1758655 [0] NCCL INFO + SYS[40.0] - CPU/0-1
jscs-backuppool-5090test-091606:1758315:1758655 [0] NCCL INFO + SYS[40.0] - CPU/0-2
jscs-backuppool-5090test-091606:1758315:1758655 [0] NCCL INFO ==========================================
jscs-backuppool-5090test-091606:1758315:1758655 [0] NCCL INFO GPU/0-27000 :GPU/0-27000 (0/5000.0/LOC) GPU/0-38000 (4/48.0/PHB) GPU/0-49000 (5/40.0/SYS) GPU/0-5a000 (5/40.0/SYS) GPU/0-98000 (5/40.0/SYS) GPU/0-a8000 (5/40.0/SYS) GPU/0-b8000 (5/40.0/SYS) GPU/0-c8000 (5/40.0/SYS) CPU/0-0 (2/48.0/PHB) CPU/0-1 (3/40.0/SYS) CPU/0-2 (3/40.0/SYS) CPU/0-3 (3/40.0/SYS) NET/0-0 (4/25.0/PHB) NET/0-0 (0/0.0/DIS) NET/0-0 (0/0.0/DIS) NET/0-0 (0/0.0/DIS) DEV/0-27000 (1/5000.0/LOC) DEV/0-38000 (3/48.0/PHB) DEV/0-49000 (4/40.0/SYS) DEV/0-5a000 (4/40.0/SYS) DEV/0-98000 (4/40.0/SYS) DEV/0-a8000 (4/40.0/SYS) DEV/0-b8000 (4/40.0/SYS) DEV/0-c8000 (4/40.0/SYS) 
jscs-backuppool-5090test-091606:1758315:1758655 [0] NCCL INFO GPU/0-38000 :GPU/0-27000 (4/48.0/PHB) GPU/0-38000 (0/5000.0/LOC) GPU/0-49000 (5/40.0/SYS) GPU/0-5a000 (5/40.0/SYS) GPU/0-98000 (5/40.0/SYS) GPU/0-a8000 (5/40.0/SYS) GPU/0-b8000 (5/40.0/SYS) GPU/0-c8000 (5/40.0/SYS) CPU/0-0 (2/48.0/PHB) CPU/0-1 (3/40.0/SYS) CPU/0-2 (3/40.0/SYS) CPU/0-3 (3/40.0/SYS) NET/0-0 (4/25.0/PHB) NET/0-0 (0/0.0/DIS) NET/0-0 (0/0.0/DIS) NET/0-0 (0/0.0/DIS) DEV/0-27000 (3/48.0/PHB) DEV/0-38000 (1/5000.0/LOC) DEV/0-49000 (4/40.0/SYS) DEV/0-5a000 (4/40.0/SYS) DEV/0-98000 (4/40.0/SYS) DEV/0-a8000 (4/40.0/SYS) DEV/0-b8000 (4/40.0/SYS) DEV/0-c8000 (4/40.0/SYS) 
jscs-backuppool-5090test-091606:1758315:1758655 [0] NCCL INFO GPU/0-49000 :GPU/0-27000 (5/40.0/SYS) GPU/0-38000 (5/40.0/SYS) GPU/0-49000 (0/5000.0/LOC) GPU/0-5a000 (4/48.0/PHB) GPU/0-98000 (5/40.0/SYS) GPU/0-a8000 (5/40.0/SYS) GPU/0-b8000 (5/40.0/SYS) GPU/0-c8000 (5/40.0/SYS) CPU/0-0 (3/40.0/SYS) CPU/0-1 (2/48.0/PHB) CPU/0-2 (3/40.0/SYS) CPU/0-3 (3/40.0/SYS) NET/0-0 (5/25.0/SYS) NET/0-0 (0/0.0/DIS) NET/0-0 (0/0.0/DIS) NET/0-0 (0/0.0/DIS) DEV/0-27000 (4/40.0/SYS) DEV/0-38000 (4/40.0/SYS) DEV/0-49000 (1/5000.0/LOC) DEV/0-5a000 (3/48.0/PHB) DEV/0-98000 (4/40.0/SYS) DEV/0-a8000 (4/40.0/SYS) DEV/0-b8000 (4/40.0/SYS) DEV/0-c8000 (4/40.0/SYS) 
jscs-backuppool-5090test-091606:1758315:1758655 [0] NCCL INFO GPU/0-5a000 :GPU/0-27000 (5/40.0/SYS) GPU/0-38000 (5/40.0/SYS) GPU/0-49000 (4/48.0/PHB) GPU/0-5a000 (0/5000.0/LOC) GPU/0-98000 (5/40.0/SYS) GPU/0-a8000 (5/40.0/SYS) GPU/0-b8000 (5/40.0/SYS) GPU/0-c8000 (5/40.0/SYS) CPU/0-0 (3/40.0/SYS) CPU/0-1 (2/48.0/PHB) CPU/0-2 (3/40.0/SYS) CPU/0-3 (3/40.0/SYS) NET/0-0 (5/25.0/SYS) NET/0-0 (0/0.0/DIS) NET/0-0 (0/0.0/DIS) NET/0-0 (0/0.0/DIS) DEV/0-27000 (4/40.0/SYS) DEV/0-38000 (4/40.0/SYS) DEV/0-49000 (3/48.0/PHB) DEV/0-5a000 (1/5000.0/LOC) DEV/0-98000 (4/40.0/SYS) DEV/0-a8000 (4/40.0/SYS) DEV/0-b8000 (4/40.0/SYS) DEV/0-c8000 (4/40.0/SYS) 
jscs-backuppool-5090test-091606:1758315:1758655 [0] NCCL INFO GPU/0-98000 :GPU/0-27000 (5/40.0/SYS) GPU/0-38000 (5/40.0/SYS) GPU/0-49000 (5/40.0/SYS) GPU/0-5a000 (5/40.0/SYS) GPU/0-98000 (0/5000.0/LOC) GPU/0-a8000 (4/48.0/PHB) GPU/0-b8000 (4/48.0/PHB) GPU/0-c8000 (5/40.0/SYS) CPU/0-0 (3/40.0/SYS) CPU/0-1 (3/40.0/SYS) CPU/0-2 (2/48.0/PHB) CPU/0-3 (3/40.0/SYS) NET/0-0 (5/25.0/SYS) NET/0-0 (0/0.0/DIS) NET/0-0 (0/0.0/DIS) NET/0-0 (0/0.0/DIS) DEV/0-27000 (4/40.0/SYS) DEV/0-38000 (4/40.0/SYS) DEV/0-49000 (4/40.0/SYS) DEV/0-5a000 (4/40.0/SYS) DEV/0-98000 (1/5000.0/LOC) DEV/0-a8000 (3/48.0/PHB) DEV/0-b8000 (3/48.0/PHB) DEV/0-c8000 (4/40.0/SYS) 
jscs-backuppool-5090test-091606:1758315:1758655 [0] NCCL INFO GPU/0-a8000 :GPU/0-27000 (5/40.0/SYS) GPU/0-38000 (5/40.0/SYS) GPU/0-49000 (5/40.0/SYS) GPU/0-5a000 (5/40.0/SYS) GPU/0-98000 (4/48.0/PHB) GPU/0-a8000 (0/5000.0/LOC) GPU/0-b8000 (4/48.0/PHB) GPU/0-c8000 (5/40.0/SYS) CPU/0-0 (3/40.0/SYS) CPU/0-1 (3/40.0/SYS) CPU/0-2 (2/48.0/PHB) CPU/0-3 (3/40.0/SYS) NET/0-0 (5/25.0/SYS) NET/0-0 (0/0.0/DIS) NET/0-0 (0/0.0/DIS) NET/0-0 (0/0.0/DIS) DEV/0-27000 (4/40.0/SYS) DEV/0-38000 (4/40.0/SYS) DEV/0-49000 (4/40.0/SYS) DEV/0-5a000 (4/40.0/SYS) DEV/0-98000 (3/48.0/PHB) DEV/0-a8000 (1/5000.0/LOC) DEV/0-b8000 (3/48.0/PHB) DEV/0-c8000 (4/40.0/SYS) 
jscs-backuppool-5090test-091606:1758315:1758655 [0] NCCL INFO GPU/0-b8000 :GPU/0-27000 (5/40.0/SYS) GPU/0-38000 (5/40.0/SYS) GPU/0-49000 (5/40.0/SYS) GPU/0-5a000 (5/40.0/SYS) GPU/0-98000 (4/48.0/PHB) GPU/0-a8000 (4/48.0/PHB) GPU/0-b8000 (0/5000.0/LOC) GPU/0-c8000 (5/40.0/SYS) CPU/0-0 (3/40.0/SYS) CPU/0-1 (3/40.0/SYS) CPU/0-2 (2/48.0/PHB) CPU/0-3 (3/40.0/SYS) NET/0-0 (5/25.0/SYS) NET/0-0 (0/0.0/DIS) NET/0-0 (0/0.0/DIS) NET/0-0 (0/0.0/DIS) DEV/0-27000 (4/40.0/SYS) DEV/0-38000 (4/40.0/SYS) DEV/0-49000 (4/40.0/SYS) DEV/0-5a000 (4/40.0/SYS) DEV/0-98000 (3/48.0/PHB) DEV/0-a8000 (3/48.0/PHB) DEV/0-b8000 (1/5000.0/LOC) DEV/0-c8000 (4/40.0/SYS) 
jscs-backuppool-5090test-091606:1758315:1758655 [0] NCCL INFO GPU/0-c8000 :GPU/0-27000 (5/40.0/SYS) GPU/0-38000 (5/40.0/SYS) GPU/0-49000 (5/40.0/SYS) GPU/0-5a000 (5/40.0/SYS) GPU/0-98000 (5/40.0/SYS) GPU/0-a8000 (5/40.0/SYS) GPU/0-b8000 (5/40.0/SYS) GPU/0-c8000 (0/5000.0/LOC) CPU/0-0 (3/40.0/SYS) CPU/0-1 (3/40.0/SYS) CPU/0-2 (3/40.0/SYS) CPU/0-3 (2/48.0/PHB) NET/0-0 (5/25.0/SYS) NET/0-0 (0/0.0/DIS) NET/0-0 (0/0.0/DIS) NET/0-0 (0/0.0/DIS) DEV/0-27000 (4/40.0/SYS) DEV/0-38000 (4/40.0/SYS) DEV/0-49000 (4/40.0/SYS) DEV/0-5a000 (4/40.0/SYS) DEV/0-98000 (4/40.0/SYS) DEV/0-a8000 (4/40.0/SYS) DEV/0-b8000 (4/40.0/SYS) DEV/0-c8000 (1/5000.0/LOC) 
jscs-backuppool-5090test-091606:1758315:1758655 [0] NCCL INFO NET/0-0 :GPU/0-27000 (4/25.0/PHB) GPU/0-38000 (4/25.0/PHB) GPU/0-49000 (5/25.0/SYS) GPU/0-5a000 (5/25.0/SYS) GPU/0-98000 (5/25.0/SYS) GPU/0-a8000 (5/25.0/SYS) GPU/0-b8000 (5/25.0/SYS) GPU/0-c8000 (5/25.0/SYS) CPU/0-0 (2/25.0/PHB) CPU/0-1 (3/25.0/SYS) CPU/0-2 (3/25.0/SYS) CPU/0-3 (3/25.0/SYS) NET/0-0 (0/5000.0/LOC) NET/0-0 (0/0.0/DIS) NET/0-0 (0/0.0/DIS) NET/0-0 (0/0.0/DIS) DEV/0-27000 (3/25.0/PHB) DEV/0-38000 (3/25.0/PHB) DEV/0-49000 (4/25.0/SYS) DEV/0-5a000 (4/25.0/SYS) DEV/0-98000 (4/25.0/SYS) DEV/0-a8000 (4/25.0/SYS) DEV/0-b8000 (4/25.0/SYS) DEV/0-c8000 (4/25.0/SYS) 
jscs-backuppool-5090test-091606:1758315:1758655 [0] NCCL INFO NET/0-0 :GPU/0-27000 (4/25.0/PHB) GPU/0-38000 (4/25.0/PHB) GPU/0-49000 (5/25.0/SYS) GPU/0-5a000 (5/25.0/SYS) GPU/0-98000 (5/25.0/SYS) GPU/0-a8000 (5/25.0/SYS) GPU/0-b8000 (5/25.0/SYS) GPU/0-c8000 (5/25.0/SYS) CPU/0-0 (2/25.0/PHB) CPU/0-1 (3/25.0/SYS) CPU/0-2 (3/25.0/SYS) CPU/0-3 (3/25.0/SYS) NET/0-0 (0/5000.0/LOC) NET/0-0 (0/0.0/DIS) NET/0-0 (0/0.0/DIS) NET/0-0 (0/0.0/DIS) DEV/0-27000 (3/25.0/PHB) DEV/0-38000 (3/25.0/PHB) DEV/0-49000 (4/25.0/SYS) DEV/0-5a000 (4/25.0/SYS) DEV/0-98000 (4/25.0/SYS) DEV/0-a8000 (4/25.0/SYS) DEV/0-b8000 (4/25.0/SYS) DEV/0-c8000 (4/25.0/SYS) 
jscs-backuppool-5090test-091606:1758315:1758655 [0] NCCL INFO NET/0-0 :GPU/0-27000 (4/25.0/PHB) GPU/0-38000 (4/25.0/PHB) GPU/0-49000 (5/25.0/SYS) GPU/0-5a000 (5/25.0/SYS) GPU/0-98000 (5/25.0/SYS) GPU/0-a8000 (5/25.0/SYS) GPU/0-b8000 (5/25.0/SYS) GPU/0-c8000 (5/25.0/SYS) CPU/0-0 (2/25.0/PHB) CPU/0-1 (3/25.0/SYS) CPU/0-2 (3/25.0/SYS) CPU/0-3 (3/25.0/SYS) NET/0-0 (0/5000.0/LOC) NET/0-0 (0/0.0/DIS) NET/0-0 (0/0.0/DIS) NET/0-0 (0/0.0/DIS) DEV/0-27000 (3/25.0/PHB) DEV/0-38000 (3/25.0/PHB) DEV/0-49000 (4/25.0/SYS) DEV/0-5a000 (4/25.0/SYS) DEV/0-98000 (4/25.0/SYS) DEV/0-a8000 (4/25.0/SYS) DEV/0-b8000 (4/25.0/SYS) DEV/0-c8000 (4/25.0/SYS) 
jscs-backuppool-5090test-091606:1758315:1758655 [0] NCCL INFO NET/0-0 :GPU/0-27000 (4/25.0/PHB) GPU/0-38000 (4/25.0/PHB) GPU/0-49000 (5/25.0/SYS) GPU/0-5a000 (5/25.0/SYS) GPU/0-98000 (5/25.0/SYS) GPU/0-a8000 (5/25.0/SYS) GPU/0-b8000 (5/25.0/SYS) GPU/0-c8000 (5/25.0/SYS) CPU/0-0 (2/25.0/PHB) CPU/0-1 (3/25.0/SYS) CPU/0-2 (3/25.0/SYS) CPU/0-3 (3/25.0/SYS) NET/0-0 (0/5000.0/LOC) NET/0-0 (0/0.0/DIS) NET/0-0 (0/0.0/DIS) NET/0-0 (0/0.0/DIS) DEV/0-27000 (3/25.0/PHB) DEV/0-38000 (3/25.0/PHB) DEV/0-49000 (4/25.0/SYS) DEV/0-5a000 (4/25.0/SYS) DEV/0-98000 (4/25.0/SYS) DEV/0-a8000 (4/25.0/SYS) DEV/0-b8000 (4/25.0/SYS) DEV/0-c8000 (4/25.0/SYS) 
jscs-backuppool-5090test-091606:1758315:1758659 [4] NCCL INFO === System : maxBw 48.0 totalBw 48.0 ===
jscs-backuppool-5090test-091606:1758315:1758659 [4] NCCL INFO CPU/0-0 (1/1/4)
jscs-backuppool-5090test-091606:1758315:1758659 [4] NCCL INFO + PCI[5000.0] - NIC/0-0
jscs-backuppool-5090test-091606:1758315:1758659 [4] NCCL INFO                 + NET[25.0] - NET/0-0 (0/0/0/25.000000)
jscs-backuppool-5090test-091606:1758315:1758659 [4] NCCL INFO                 + NET[25.0] - NET/0-0 (0/0/0/25.000000)
jscs-backuppool-5090test-091606:1758315:1758659 [4] NCCL INFO                 + NET[25.0] - NET/0-0 (0/0/0/25.000000)
jscs-backuppool-5090test-091606:1758315:1758659 [4] NCCL INFO                 + NET[25.0] - NET/0-0 (0/0/0/25.000000)
jscs-backuppool-5090test-091606:1758315:1758659 [4] NCCL INFO + PCI[48.0] - DEV/0-27000 (10de2b8510de5309)
jscs-backuppool-5090test-091606:1758315:1758659 [4] NCCL INFO               + LOC[5000.0] - GPU/0-27000
jscs-backuppool-5090test-091606:1758315:1758659 [4] NCCL INFO + PCI[48.0] - DEV/0-38000 (10de2b8510de5309)
jscs-backuppool-5090test-091606:1758315:1758659 [4] NCCL INFO               + LOC[5000.0] - GPU/0-38000
jscs-backuppool-5090test-091606:1758315:1758659 [4] NCCL INFO + SYS[40.0] - CPU/0-1
jscs-backuppool-5090test-091606:1758315:1758659 [4] NCCL INFO + SYS[40.0] - CPU/0-2
jscs-backuppool-5090test-091606:1758315:1758659 [4] NCCL INFO + SYS[40.0] - CPU/0-3
jscs-backuppool-5090test-091606:1758315:1758659 [4] NCCL INFO CPU/0-1 (1/1/4)
jscs-backuppool-5090test-091606:1758315:1758659 [4] NCCL INFO + PCI[48.0] - DEV/0-49000 (10de2b8510de5309)
jscs-backuppool-5090test-091606:1758315:1758659 [4] NCCL INFO               + LOC[5000.0] - GPU/0-49000
jscs-backuppool-5090test-091606:1758315:1758659 [4] NCCL INFO + PCI[48.0] - DEV/0-5a000 (10de2b8510de5309)
jscs-backuppool-5090test-091606:1758315:1758659 [4] NCCL INFO               + LOC[5000.0] - GPU/0-5a000
jscs-backuppool-5090test-091606:1758315:1758659 [4] NCCL INFO + SYS[40.0] - CPU/0-0
jscs-backuppool-5090test-091606:1758315:1758659 [4] NCCL INFO + SYS[40.0] - CPU/0-2
jscs-backuppool-5090test-091606:1758315:1758659 [4] NCCL INFO + SYS[40.0] - CPU/0-3
jscs-backuppool-5090test-091606:1758315:1758659 [4] NCCL INFO CPU/0-2 (1/1/4)
jscs-backuppool-5090test-091606:1758315:1758659 [4] NCCL INFO + PCI[48.0] - DEV/0-98000 (10de2b8510de5309)
jscs-backuppool-5090test-091606:1758315:1758659 [4] NCCL INFO               + LOC[5000.0] - GPU/0-98000
jscs-backuppool-5090test-091606:1758315:1758659 [4] NCCL INFO + PCI[48.0] - DEV/0-a8000 (10de2b8510de5309)
jscs-backuppool-5090test-091606:1758315:1758659 [4] NCCL INFO               + LOC[5000.0] - GPU/0-a8000
jscs-backuppool-5090test-091606:1758315:1758659 [4] NCCL INFO + PCI[48.0] - DEV/0-b8000 (10de2b8510de5309)
jscs-backuppool-5090test-091606:1758315:1758659 [4] NCCL INFO               + LOC[5000.0] - GPU/0-b8000
jscs-backuppool-5090test-091606:1758315:1758659 [4] NCCL INFO + SYS[40.0] - CPU/0-0
jscs-backuppool-5090test-091606:1758315:1758659 [4] NCCL INFO + SYS[40.0] - CPU/0-1
jscs-backuppool-5090test-091606:1758315:1758659 [4] NCCL INFO + SYS[40.0] - CPU/0-3
jscs-backuppool-5090test-091606:1758315:1758659 [4] NCCL INFO CPU/0-3 (1/1/4)
jscs-backuppool-5090test-091606:1758315:1758659 [4] NCCL INFO + PCI[48.0] - DEV/0-c8000 (10de2b8510de5309)
jscs-backuppool-5090test-091606:1758315:1758659 [4] NCCL INFO               + LOC[5000.0] - GPU/0-c8000
jscs-backuppool-5090test-091606:1758315:1758659 [4] NCCL INFO + SYS[40.0] - CPU/0-0
jscs-backuppool-5090test-091606:1758315:1758659 [4] NCCL INFO + SYS[40.0] - CPU/0-1
jscs-backuppool-5090test-091606:1758315:1758659 [4] NCCL INFO + SYS[40.0] - CPU/0-2
jscs-backuppool-5090test-091606:1758315:1758659 [4] NCCL INFO ==========================================
jscs-backuppool-5090test-091606:1758315:1758659 [4] NCCL INFO GPU/0-27000 :GPU/0-27000 (0/5000.0/LOC) GPU/0-38000 (4/48.0/PHB) GPU/0-49000 (5/40.0/SYS) GPU/0-5a000 (5/40.0/SYS) GPU/0-98000 (5/40.0/SYS) GPU/0-a8000 (5/40.0/SYS) GPU/0-b8000 (5/40.0/SYS) GPU/0-c8000 (5/40.0/SYS) CPU/0-0 (2/48.0/PHB) CPU/0-1 (3/40.0/SYS) CPU/0-2 (3/40.0/SYS) CPU/0-3 (3/40.0/SYS) NET/0-0 (4/25.0/PHB) NET/0-0 (0/0.0/DIS) NET/0-0 (0/0.0/DIS) NET/0-0 (0/0.0/DIS) DEV/0-27000 (1/5000.0/LOC) DEV/0-38000 (3/48.0/PHB) DEV/0-49000 (4/40.0/SYS) DEV/0-5a000 (4/40.0/SYS) DEV/0-98000 (4/40.0/SYS) DEV/0-a8000 (4/40.0/SYS) DEV/0-b8000 (4/40.0/SYS) DEV/0-c8000 (4/40.0/SYS) 
jscs-backuppool-5090test-091606:1758315:1758659 [4] NCCL INFO GPU/0-38000 :GPU/0-27000 (4/48.0/PHB) GPU/0-38000 (0/5000.0/LOC) GPU/0-49000 (5/40.0/SYS) GPU/0-5a000 (5/40.0/SYS) GPU/0-98000 (5/40.0/SYS) GPU/0-a8000 (5/40.0/SYS) GPU/0-b8000 (5/40.0/SYS) GPU/0-c8000 (5/40.0/SYS) CPU/0-0 (2/48.0/PHB) CPU/0-1 (3/40.0/SYS) CPU/0-2 (3/40.0/SYS) CPU/0-3 (3/40.0/SYS) NET/0-0 (4/25.0/PHB) NET/0-0 (0/0.0/DIS) NET/0-0 (0/0.0/DIS) NET/0-0 (0/0.0/DIS) DEV/0-27000 (3/48.0/PHB) DEV/0-38000 (1/5000.0/LOC) DEV/0-49000 (4/40.0/SYS) DEV/0-5a000 (4/40.0/SYS) DEV/0-98000 (4/40.0/SYS) DEV/0-a8000 (4/40.0/SYS) DEV/0-b8000 (4/40.0/SYS) DEV/0-c8000 (4/40.0/SYS) 
jscs-backuppool-5090test-091606:1758315:1758659 [4] NCCL INFO GPU/0-49000 :GPU/0-27000 (5/40.0/SYS) GPU/0-38000 (5/40.0/SYS) GPU/0-49000 (0/5000.0/LOC) GPU/0-5a000 (4/48.0/PHB) GPU/0-98000 (5/40.0/SYS) GPU/0-a8000 (5/40.0/SYS) GPU/0-b8000 (5/40.0/SYS) GPU/0-c8000 (5/40.0/SYS) CPU/0-0 (3/40.0/SYS) CPU/0-1 (2/48.0/PHB) CPU/0-2 (3/40.0/SYS) CPU/0-3 (3/40.0/SYS) NET/0-0 (5/25.0/SYS) NET/0-0 (0/0.0/DIS) NET/0-0 (0/0.0/DIS) NET/0-0 (0/0.0/DIS) DEV/0-27000 (4/40.0/SYS) DEV/0-38000 (4/40.0/SYS) DEV/0-49000 (1/5000.0/LOC) DEV/0-5a000 (3/48.0/PHB) DEV/0-98000 (4/40.0/SYS) DEV/0-a8000 (4/40.0/SYS) DEV/0-b8000 (4/40.0/SYS) DEV/0-c8000 (4/40.0/SYS) 
jscs-backuppool-5090test-091606:1758315:1758659 [4] NCCL INFO GPU/0-5a000 :GPU/0-27000 (5/40.0/SYS) GPU/0-38000 (5/40.0/SYS) GPU/0-49000 (4/48.0/PHB) GPU/0-5a000 (0/5000.0/LOC) GPU/0-98000 (5/40.0/SYS) GPU/0-a8000 (5/40.0/SYS) GPU/0-b8000 (5/40.0/SYS) GPU/0-c8000 (5/40.0/SYS) CPU/0-0 (3/40.0/SYS) CPU/0-1 (2/48.0/PHB) CPU/0-2 (3/40.0/SYS) CPU/0-3 (3/40.0/SYS) NET/0-0 (5/25.0/SYS) NET/0-0 (0/0.0/DIS) NET/0-0 (0/0.0/DIS) NET/0-0 (0/0.0/DIS) DEV/0-27000 (4/40.0/SYS) DEV/0-38000 (4/40.0/SYS) DEV/0-49000 (3/48.0/PHB) DEV/0-5a000 (1/5000.0/LOC) DEV/0-98000 (4/40.0/SYS) DEV/0-a8000 (4/40.0/SYS) DEV/0-b8000 (4/40.0/SYS) DEV/0-c8000 (4/40.0/SYS) 
jscs-backuppool-5090test-091606:1758315:1758659 [4] NCCL INFO GPU/0-98000 :GPU/0-27000 (5/40.0/SYS) GPU/0-38000 (5/40.0/SYS) GPU/0-49000 (5/40.0/SYS) GPU/0-5a000 (5/40.0/SYS) GPU/0-98000 (0/5000.0/LOC) GPU/0-a8000 (4/48.0/PHB) GPU/0-b8000 (4/48.0/PHB) GPU/0-c8000 (5/40.0/SYS) CPU/0-0 (3/40.0/SYS) CPU/0-1 (3/40.0/SYS) CPU/0-2 (2/48.0/PHB) CPU/0-3 (3/40.0/SYS) NET/0-0 (5/25.0/SYS) NET/0-0 (0/0.0/DIS) NET/0-0 (0/0.0/DIS) NET/0-0 (0/0.0/DIS) DEV/0-27000 (4/40.0/SYS) DEV/0-38000 (4/40.0/SYS) DEV/0-49000 (4/40.0/SYS) DEV/0-5a000 (4/40.0/SYS) DEV/0-98000 (1/5000.0/LOC) DEV/0-a8000 (3/48.0/PHB) DEV/0-b8000 (3/48.0/PHB) DEV/0-c8000 (4/40.0/SYS) 
jscs-backuppool-5090test-091606:1758315:1758659 [4] NCCL INFO GPU/0-a8000 :GPU/0-27000 (5/40.0/SYS) GPU/0-38000 (5/40.0/SYS) GPU/0-49000 (5/40.0/SYS) GPU/0-5a000 (5/40.0/SYS) GPU/0-98000 (4/48.0/PHB) GPU/0-a8000 (0/5000.0/LOC) GPU/0-b8000 (4/48.0/PHB) GPU/0-c8000 (5/40.0/SYS) CPU/0-0 (3/40.0/SYS) CPU/0-1 (3/40.0/SYS) CPU/0-2 (2/48.0/PHB) CPU/0-3 (3/40.0/SYS) NET/0-0 (5/25.0/SYS) NET/0-0 (0/0.0/DIS) NET/0-0 (0/0.0/DIS) NET/0-0 (0/0.0/DIS) DEV/0-27000 (4/40.0/SYS) DEV/0-38000 (4/40.0/SYS) DEV/0-49000 (4/40.0/SYS) DEV/0-5a000 (4/40.0/SYS) DEV/0-98000 (3/48.0/PHB) DEV/0-a8000 (1/5000.0/LOC) DEV/0-b8000 (3/48.0/PHB) DEV/0-c8000 (4/40.0/SYS) 
jscs-backuppool-5090test-091606:1758315:1758659 [4] NCCL INFO GPU/0-b8000 :GPU/0-27000 (5/40.0/SYS) GPU/0-38000 (5/40.0/SYS) GPU/0-49000 (5/40.0/SYS) GPU/0-5a000 (5/40.0/SYS) GPU/0-98000 (4/48.0/PHB) GPU/0-a8000 (4/48.0/PHB) GPU/0-b8000 (0/5000.0/LOC) GPU/0-c8000 (5/40.0/SYS) CPU/0-0 (3/40.0/SYS) CPU/0-1 (3/40.0/SYS) CPU/0-2 (2/48.0/PHB) CPU/0-3 (3/40.0/SYS) NET/0-0 (5/25.0/SYS) NET/0-0 (0/0.0/DIS) NET/0-0 (0/0.0/DIS) NET/0-0 (0/0.0/DIS) DEV/0-27000 (4/40.0/SYS) DEV/0-38000 (4/40.0/SYS) DEV/0-49000 (4/40.0/SYS) DEV/0-5a000 (4/40.0/SYS) DEV/0-98000 (3/48.0/PHB) DEV/0-a8000 (3/48.0/PHB) DEV/0-b8000 (1/5000.0/LOC) DEV/0-c8000 (4/40.0/SYS) 
jscs-backuppool-5090test-091606:1758315:1758659 [4] NCCL INFO GPU/0-c8000 :GPU/0-27000 (5/40.0/SYS) GPU/0-38000 (5/40.0/SYS) GPU/0-49000 (5/40.0/SYS) GPU/0-5a000 (5/40.0/SYS) GPU/0-98000 (5/40.0/SYS) GPU/0-a8000 (5/40.0/SYS) GPU/0-b8000 (5/40.0/SYS) GPU/0-c8000 (0/5000.0/LOC) CPU/0-0 (3/40.0/SYS) CPU/0-1 (3/40.0/SYS) CPU/0-2 (3/40.0/SYS) CPU/0-3 (2/48.0/PHB) NET/0-0 (5/25.0/SYS) NET/0-0 (0/0.0/DIS) NET/0-0 (0/0.0/DIS) NET/0-0 (0/0.0/DIS) DEV/0-27000 (4/40.0/SYS) DEV/0-38000 (4/40.0/SYS) DEV/0-49000 (4/40.0/SYS) DEV/0-5a000 (4/40.0/SYS) DEV/0-98000 (4/40.0/SYS) DEV/0-a8000 (4/40.0/SYS) DEV/0-b8000 (4/40.0/SYS) DEV/0-c8000 (1/5000.0/LOC) 
jscs-backuppool-5090test-091606:1758315:1758659 [4] NCCL INFO NET/0-0 :GPU/0-27000 (4/25.0/PHB) GPU/0-38000 (4/25.0/PHB) GPU/0-49000 (5/25.0/SYS) GPU/0-5a000 (5/25.0/SYS) GPU/0-98000 (5/25.0/SYS) GPU/0-a8000 (5/25.0/SYS) GPU/0-b8000 (5/25.0/SYS) GPU/0-c8000 (5/25.0/SYS) CPU/0-0 (2/25.0/PHB) CPU/0-1 (3/25.0/SYS) CPU/0-2 (3/25.0/SYS) CPU/0-3 (3/25.0/SYS) NET/0-0 (0/5000.0/LOC) NET/0-0 (0/0.0/DIS) NET/0-0 (0/0.0/DIS) NET/0-0 (0/0.0/DIS) DEV/0-27000 (3/25.0/PHB) DEV/0-38000 (3/25.0/PHB) DEV/0-49000 (4/25.0/SYS) DEV/0-5a000 (4/25.0/SYS) DEV/0-98000 (4/25.0/SYS) DEV/0-a8000 (4/25.0/SYS) DEV/0-b8000 (4/25.0/SYS) DEV/0-c8000 (4/25.0/SYS) 
jscs-backuppool-5090test-091606:1758315:1758659 [4] NCCL INFO NET/0-0 :GPU/0-27000 (4/25.0/PHB) GPU/0-38000 (4/25.0/PHB) GPU/0-49000 (5/25.0/SYS) GPU/0-5a000 (5/25.0/SYS) GPU/0-98000 (5/25.0/SYS) GPU/0-a8000 (5/25.0/SYS) GPU/0-b8000 (5/25.0/SYS) GPU/0-c8000 (5/25.0/SYS) CPU/0-0 (2/25.0/PHB) CPU/0-1 (3/25.0/SYS) CPU/0-2 (3/25.0/SYS) CPU/0-3 (3/25.0/SYS) NET/0-0 (0/5000.0/LOC) NET/0-0 (0/0.0/DIS) NET/0-0 (0/0.0/DIS) NET/0-0 (0/0.0/DIS) DEV/0-27000 (3/25.0/PHB) DEV/0-38000 (3/25.0/PHB) DEV/0-49000 (4/25.0/SYS) DEV/0-5a000 (4/25.0/SYS) DEV/0-98000 (4/25.0/SYS) DEV/0-a8000 (4/25.0/SYS) DEV/0-b8000 (4/25.0/SYS) DEV/0-c8000 (4/25.0/SYS) 
jscs-backuppool-5090test-091606:1758315:1758659 [4] NCCL INFO NET/0-0 :GPU/0-27000 (4/25.0/PHB) GPU/0-38000 (4/25.0/PHB) GPU/0-49000 (5/25.0/SYS) GPU/0-5a000 (5/25.0/SYS) GPU/0-98000 (5/25.0/SYS) GPU/0-a8000 (5/25.0/SYS) GPU/0-b8000 (5/25.0/SYS) GPU/0-c8000 (5/25.0/SYS) CPU/0-0 (2/25.0/PHB) CPU/0-1 (3/25.0/SYS) CPU/0-2 (3/25.0/SYS) CPU/0-3 (3/25.0/SYS) NET/0-0 (0/5000.0/LOC) NET/0-0 (0/0.0/DIS) NET/0-0 (0/0.0/DIS) NET/0-0 (0/0.0/DIS) DEV/0-27000 (3/25.0/PHB) DEV/0-38000 (3/25.0/PHB) DEV/0-49000 (4/25.0/SYS) DEV/0-5a000 (4/25.0/SYS) DEV/0-98000 (4/25.0/SYS) DEV/0-a8000 (4/25.0/SYS) DEV/0-b8000 (4/25.0/SYS) DEV/0-c8000 (4/25.0/SYS) 
jscs-backuppool-5090test-091606:1758315:1758659 [4] NCCL INFO NET/0-0 :GPU/0-27000 (4/25.0/PHB) GPU/0-38000 (4/25.0/PHB) GPU/0-49000 (5/25.0/SYS) GPU/0-5a000 (5/25.0/SYS) GPU/0-98000 (5/25.0/SYS) GPU/0-a8000 (5/25.0/SYS) GPU/0-b8000 (5/25.0/SYS) GPU/0-c8000 (5/25.0/SYS) CPU/0-0 (2/25.0/PHB) CPU/0-1 (3/25.0/SYS) CPU/0-2 (3/25.0/SYS) CPU/0-3 (3/25.0/SYS) NET/0-0 (0/5000.0/LOC) NET/0-0 (0/0.0/DIS) NET/0-0 (0/0.0/DIS) NET/0-0 (0/0.0/DIS) DEV/0-27000 (3/25.0/PHB) DEV/0-38000 (3/25.0/PHB) DEV/0-49000 (4/25.0/SYS) DEV/0-5a000 (4/25.0/SYS) DEV/0-98000 (4/25.0/SYS) DEV/0-a8000 (4/25.0/SYS) DEV/0-b8000 (4/25.0/SYS) DEV/0-c8000 (4/25.0/SYS) 
jscs-backuppool-5090test-091606:1758315:1758662 [7] NCCL INFO === System : maxBw 48.0 totalBw 48.0 ===
jscs-backuppool-5090test-091606:1758315:1758662 [7] NCCL INFO CPU/0-0 (1/1/4)
jscs-backuppool-5090test-091606:1758315:1758662 [7] NCCL INFO + PCI[5000.0] - NIC/0-0
jscs-backuppool-5090test-091606:1758315:1758662 [7] NCCL INFO                 + NET[25.0] - NET/0-0 (0/0/0/25.000000)
jscs-backuppool-5090test-091606:1758315:1758662 [7] NCCL INFO                 + NET[25.0] - NET/0-0 (0/0/0/25.000000)
jscs-backuppool-5090test-091606:1758315:1758662 [7] NCCL INFO                 + NET[25.0] - NET/0-0 (0/0/0/25.000000)
jscs-backuppool-5090test-091606:1758315:1758662 [7] NCCL INFO                 + NET[25.0] - NET/0-0 (0/0/0/25.000000)
jscs-backuppool-5090test-091606:1758315:1758662 [7] NCCL INFO + PCI[48.0] - DEV/0-27000 (10de2b8510de5309)
jscs-backuppool-5090test-091606:1758315:1758662 [7] NCCL INFO               + LOC[5000.0] - GPU/0-27000
jscs-backuppool-5090test-091606:1758315:1758662 [7] NCCL INFO + PCI[48.0] - DEV/0-38000 (10de2b8510de5309)
jscs-backuppool-5090test-091606:1758315:1758662 [7] NCCL INFO               + LOC[5000.0] - GPU/0-38000
jscs-backuppool-5090test-091606:1758315:1758662 [7] NCCL INFO + SYS[40.0] - CPU/0-1
jscs-backuppool-5090test-091606:1758315:1758662 [7] NCCL INFO + SYS[40.0] - CPU/0-2
jscs-backuppool-5090test-091606:1758315:1758662 [7] NCCL INFO + SYS[40.0] - CPU/0-3
jscs-backuppool-5090test-091606:1758315:1758662 [7] NCCL INFO CPU/0-1 (1/1/4)
jscs-backuppool-5090test-091606:1758315:1758662 [7] NCCL INFO + PCI[48.0] - DEV/0-49000 (10de2b8510de5309)
jscs-backuppool-5090test-091606:1758315:1758662 [7] NCCL INFO               + LOC[5000.0] - GPU/0-49000
jscs-backuppool-5090test-091606:1758315:1758662 [7] NCCL INFO + PCI[48.0] - DEV/0-5a000 (10de2b8510de5309)
jscs-backuppool-5090test-091606:1758315:1758662 [7] NCCL INFO               + LOC[5000.0] - GPU/0-5a000
jscs-backuppool-5090test-091606:1758315:1758662 [7] NCCL INFO + SYS[40.0] - CPU/0-0
jscs-backuppool-5090test-091606:1758315:1758662 [7] NCCL INFO + SYS[40.0] - CPU/0-2
jscs-backuppool-5090test-091606:1758315:1758662 [7] NCCL INFO + SYS[40.0] - CPU/0-3
jscs-backuppool-5090test-091606:1758315:1758662 [7] NCCL INFO CPU/0-2 (1/1/4)
jscs-backuppool-5090test-091606:1758315:1758662 [7] NCCL INFO + PCI[48.0] - DEV/0-98000 (10de2b8510de5309)
jscs-backuppool-5090test-091606:1758315:1758662 [7] NCCL INFO               + LOC[5000.0] - GPU/0-98000
jscs-backuppool-5090test-091606:1758315:1758662 [7] NCCL INFO + PCI[48.0] - DEV/0-a8000 (10de2b8510de5309)
jscs-backuppool-5090test-091606:1758315:1758662 [7] NCCL INFO               + LOC[5000.0] - GPU/0-a8000
jscs-backuppool-5090test-091606:1758315:1758662 [7] NCCL INFO + PCI[48.0] - DEV/0-b8000 (10de2b8510de5309)
jscs-backuppool-5090test-091606:1758315:1758662 [7] NCCL INFO               + LOC[5000.0] - GPU/0-b8000
jscs-backuppool-5090test-091606:1758315:1758662 [7] NCCL INFO + SYS[40.0] - CPU/0-0
jscs-backuppool-5090test-091606:1758315:1758662 [7] NCCL INFO + SYS[40.0] - CPU/0-1
jscs-backuppool-5090test-091606:1758315:1758662 [7] NCCL INFO + SYS[40.0] - CPU/0-3
jscs-backuppool-5090test-091606:1758315:1758662 [7] NCCL INFO CPU/0-3 (1/1/4)
jscs-backuppool-5090test-091606:1758315:1758662 [7] NCCL INFO + PCI[48.0] - DEV/0-c8000 (10de2b8510de5309)
jscs-backuppool-5090test-091606:1758315:1758662 [7] NCCL INFO               + LOC[5000.0] - GPU/0-c8000
jscs-backuppool-5090test-091606:1758315:1758662 [7] NCCL INFO + SYS[40.0] - CPU/0-0
jscs-backuppool-5090test-091606:1758315:1758662 [7] NCCL INFO + SYS[40.0] - CPU/0-1
jscs-backuppool-5090test-091606:1758315:1758662 [7] NCCL INFO + SYS[40.0] - CPU/0-2
jscs-backuppool-5090test-091606:1758315:1758662 [7] NCCL INFO ==========================================
jscs-backuppool-5090test-091606:1758315:1758662 [7] NCCL INFO GPU/0-27000 :GPU/0-27000 (0/5000.0/LOC) GPU/0-38000 (4/48.0/PHB) GPU/0-49000 (5/40.0/SYS) GPU/0-5a000 (5/40.0/SYS) GPU/0-98000 (5/40.0/SYS) GPU/0-a8000 (5/40.0/SYS) GPU/0-b8000 (5/40.0/SYS) GPU/0-c8000 (5/40.0/SYS) CPU/0-0 (2/48.0/PHB) CPU/0-1 (3/40.0/SYS) CPU/0-2 (3/40.0/SYS) CPU/0-3 (3/40.0/SYS) NET/0-0 (4/25.0/PHB) NET/0-0 (0/0.0/DIS) NET/0-0 (0/0.0/DIS) NET/0-0 (0/0.0/DIS) DEV/0-27000 (1/5000.0/LOC) DEV/0-38000 (3/48.0/PHB) DEV/0-49000 (4/40.0/SYS) DEV/0-5a000 (4/40.0/SYS) DEV/0-98000 (4/40.0/SYS) DEV/0-a8000 (4/40.0/SYS) DEV/0-b8000 (4/40.0/SYS) DEV/0-c8000 (4/40.0/SYS) 
jscs-backuppool-5090test-091606:1758315:1758662 [7] NCCL INFO GPU/0-38000 :GPU/0-27000 (4/48.0/PHB) GPU/0-38000 (0/5000.0/LOC) GPU/0-49000 (5/40.0/SYS) GPU/0-5a000 (5/40.0/SYS) GPU/0-98000 (5/40.0/SYS) GPU/0-a8000 (5/40.0/SYS) GPU/0-b8000 (5/40.0/SYS) GPU/0-c8000 (5/40.0/SYS) CPU/0-0 (2/48.0/PHB) CPU/0-1 (3/40.0/SYS) CPU/0-2 (3/40.0/SYS) CPU/0-3 (3/40.0/SYS) NET/0-0 (4/25.0/PHB) NET/0-0 (0/0.0/DIS) NET/0-0 (0/0.0/DIS) NET/0-0 (0/0.0/DIS) DEV/0-27000 (3/48.0/PHB) DEV/0-38000 (1/5000.0/LOC) DEV/0-49000 (4/40.0/SYS) DEV/0-5a000 (4/40.0/SYS) DEV/0-98000 (4/40.0/SYS) DEV/0-a8000 (4/40.0/SYS) DEV/0-b8000 (4/40.0/SYS) DEV/0-c8000 (4/40.0/SYS) 
jscs-backuppool-5090test-091606:1758315:1758662 [7] NCCL INFO GPU/0-49000 :GPU/0-27000 (5/40.0/SYS) GPU/0-38000 (5/40.0/SYS) GPU/0-49000 (0/5000.0/LOC) GPU/0-5a000 (4/48.0/PHB) GPU/0-98000 (5/40.0/SYS) GPU/0-a8000 (5/40.0/SYS) GPU/0-b8000 (5/40.0/SYS) GPU/0-c8000 (5/40.0/SYS) CPU/0-0 (3/40.0/SYS) CPU/0-1 (2/48.0/PHB) CPU/0-2 (3/40.0/SYS) CPU/0-3 (3/40.0/SYS) NET/0-0 (5/25.0/SYS) NET/0-0 (0/0.0/DIS) NET/0-0 (0/0.0/DIS) NET/0-0 (0/0.0/DIS) DEV/0-27000 (4/40.0/SYS) DEV/0-38000 (4/40.0/SYS) DEV/0-49000 (1/5000.0/LOC) DEV/0-5a000 (3/48.0/PHB) DEV/0-98000 (4/40.0/SYS) DEV/0-a8000 (4/40.0/SYS) DEV/0-b8000 (4/40.0/SYS) DEV/0-c8000 (4/40.0/SYS) 
jscs-backuppool-5090test-091606:1758315:1758662 [7] NCCL INFO GPU/0-5a000 :GPU/0-27000 (5/40.0/SYS) GPU/0-38000 (5/40.0/SYS) GPU/0-49000 (4/48.0/PHB) GPU/0-5a000 (0/5000.0/LOC) GPU/0-98000 (5/40.0/SYS) GPU/0-a8000 (5/40.0/SYS) GPU/0-b8000 (5/40.0/SYS) GPU/0-c8000 (5/40.0/SYS) CPU/0-0 (3/40.0/SYS) CPU/0-1 (2/48.0/PHB) CPU/0-2 (3/40.0/SYS) CPU/0-3 (3/40.0/SYS) NET/0-0 (5/25.0/SYS) NET/0-0 (0/0.0/DIS) NET/0-0 (0/0.0/DIS) NET/0-0 (0/0.0/DIS) DEV/0-27000 (4/40.0/SYS) DEV/0-38000 (4/40.0/SYS) DEV/0-49000 (3/48.0/PHB) DEV/0-5a000 (1/5000.0/LOC) DEV/0-98000 (4/40.0/SYS) DEV/0-a8000 (4/40.0/SYS) DEV/0-b8000 (4/40.0/SYS) DEV/0-c8000 (4/40.0/SYS) 
jscs-backuppool-5090test-091606:1758315:1758662 [7] NCCL INFO GPU/0-98000 :GPU/0-27000 (5/40.0/SYS) GPU/0-38000 (5/40.0/SYS) GPU/0-49000 (5/40.0/SYS) GPU/0-5a000 (5/40.0/SYS) GPU/0-98000 (0/5000.0/LOC) GPU/0-a8000 (4/48.0/PHB) GPU/0-b8000 (4/48.0/PHB) GPU/0-c8000 (5/40.0/SYS) CPU/0-0 (3/40.0/SYS) CPU/0-1 (3/40.0/SYS) CPU/0-2 (2/48.0/PHB) CPU/0-3 (3/40.0/SYS) NET/0-0 (5/25.0/SYS) NET/0-0 (0/0.0/DIS) NET/0-0 (0/0.0/DIS) NET/0-0 (0/0.0/DIS) DEV/0-27000 (4/40.0/SYS) DEV/0-38000 (4/40.0/SYS) DEV/0-49000 (4/40.0/SYS) DEV/0-5a000 (4/40.0/SYS) DEV/0-98000 (1/5000.0/LOC) DEV/0-a8000 (3/48.0/PHB) DEV/0-b8000 (3/48.0/PHB) DEV/0-c8000 (4/40.0/SYS) 
jscs-backuppool-5090test-091606:1758315:1758662 [7] NCCL INFO GPU/0-a8000 :GPU/0-27000 (5/40.0/SYS) GPU/0-38000 (5/40.0/SYS) GPU/0-49000 (5/40.0/SYS) GPU/0-5a000 (5/40.0/SYS) GPU/0-98000 (4/48.0/PHB) GPU/0-a8000 (0/5000.0/LOC) GPU/0-b8000 (4/48.0/PHB) GPU/0-c8000 (5/40.0/SYS) CPU/0-0 (3/40.0/SYS) CPU/0-1 (3/40.0/SYS) CPU/0-2 (2/48.0/PHB) CPU/0-3 (3/40.0/SYS) NET/0-0 (5/25.0/SYS) NET/0-0 (0/0.0/DIS) NET/0-0 (0/0.0/DIS) NET/0-0 (0/0.0/DIS) DEV/0-27000 (4/40.0/SYS) DEV/0-38000 (4/40.0/SYS) DEV/0-49000 (4/40.0/SYS) DEV/0-5a000 (4/40.0/SYS) DEV/0-98000 (3/48.0/PHB) DEV/0-a8000 (1/5000.0/LOC) DEV/0-b8000 (3/48.0/PHB) DEV/0-c8000 (4/40.0/SYS) 
jscs-backuppool-5090test-091606:1758315:1758662 [7] NCCL INFO GPU/0-b8000 :GPU/0-27000 (5/40.0/SYS) GPU/0-38000 (5/40.0/SYS) GPU/0-49000 (5/40.0/SYS) GPU/0-5a000 (5/40.0/SYS) GPU/0-98000 (4/48.0/PHB) GPU/0-a8000 (4/48.0/PHB) GPU/0-b8000 (0/5000.0/LOC) GPU/0-c8000 (5/40.0/SYS) CPU/0-0 (3/40.0/SYS) CPU/0-1 (3/40.0/SYS) CPU/0-2 (2/48.0/PHB) CPU/0-3 (3/40.0/SYS) NET/0-0 (5/25.0/SYS) NET/0-0 (0/0.0/DIS) NET/0-0 (0/0.0/DIS) NET/0-0 (0/0.0/DIS) DEV/0-27000 (4/40.0/SYS) DEV/0-38000 (4/40.0/SYS) DEV/0-49000 (4/40.0/SYS) DEV/0-5a000 (4/40.0/SYS) DEV/0-98000 (3/48.0/PHB) DEV/0-a8000 (3/48.0/PHB) DEV/0-b8000 (1/5000.0/LOC) DEV/0-c8000 (4/40.0/SYS) 
jscs-backuppool-5090test-091606:1758315:1758662 [7] NCCL INFO GPU/0-c8000 :GPU/0-27000 (5/40.0/SYS) GPU/0-38000 (5/40.0/SYS) GPU/0-49000 (5/40.0/SYS) GPU/0-5a000 (5/40.0/SYS) GPU/0-98000 (5/40.0/SYS) GPU/0-a8000 (5/40.0/SYS) GPU/0-b8000 (5/40.0/SYS) GPU/0-c8000 (0/5000.0/LOC) CPU/0-0 (3/40.0/SYS) CPU/0-1 (3/40.0/SYS) CPU/0-2 (3/40.0/SYS) CPU/0-3 (2/48.0/PHB) NET/0-0 (5/25.0/SYS) NET/0-0 (0/0.0/DIS) NET/0-0 (0/0.0/DIS) NET/0-0 (0/0.0/DIS) DEV/0-27000 (4/40.0/SYS) DEV/0-38000 (4/40.0/SYS) DEV/0-49000 (4/40.0/SYS) DEV/0-5a000 (4/40.0/SYS) DEV/0-98000 (4/40.0/SYS) DEV/0-a8000 (4/40.0/SYS) DEV/0-b8000 (4/40.0/SYS) DEV/0-c8000 (1/5000.0/LOC) 
jscs-backuppool-5090test-091606:1758315:1758662 [7] NCCL INFO NET/0-0 :GPU/0-27000 (4/25.0/PHB) GPU/0-38000 (4/25.0/PHB) GPU/0-49000 (5/25.0/SYS) GPU/0-5a000 (5/25.0/SYS) GPU/0-98000 (5/25.0/SYS) GPU/0-a8000 (5/25.0/SYS) GPU/0-b8000 (5/25.0/SYS) GPU/0-c8000 (5/25.0/SYS) CPU/0-0 (2/25.0/PHB) CPU/0-1 (3/25.0/SYS) CPU/0-2 (3/25.0/SYS) CPU/0-3 (3/25.0/SYS) NET/0-0 (0/5000.0/LOC) NET/0-0 (0/0.0/DIS) NET/0-0 (0/0.0/DIS) NET/0-0 (0/0.0/DIS) DEV/0-27000 (3/25.0/PHB) DEV/0-38000 (3/25.0/PHB) DEV/0-49000 (4/25.0/SYS) DEV/0-5a000 (4/25.0/SYS) DEV/0-98000 (4/25.0/SYS) DEV/0-a8000 (4/25.0/SYS) DEV/0-b8000 (4/25.0/SYS) DEV/0-c8000 (4/25.0/SYS) 
jscs-backuppool-5090test-091606:1758315:1758662 [7] NCCL INFO NET/0-0 :GPU/0-27000 (4/25.0/PHB) GPU/0-38000 (4/25.0/PHB) GPU/0-49000 (5/25.0/SYS) GPU/0-5a000 (5/25.0/SYS) GPU/0-98000 (5/25.0/SYS) GPU/0-a8000 (5/25.0/SYS) GPU/0-b8000 (5/25.0/SYS) GPU/0-c8000 (5/25.0/SYS) CPU/0-0 (2/25.0/PHB) CPU/0-1 (3/25.0/SYS) CPU/0-2 (3/25.0/SYS) CPU/0-3 (3/25.0/SYS) NET/0-0 (0/5000.0/LOC) NET/0-0 (0/0.0/DIS) NET/0-0 (0/0.0/DIS) NET/0-0 (0/0.0/DIS) DEV/0-27000 (3/25.0/PHB) DEV/0-38000 (3/25.0/PHB) DEV/0-49000 (4/25.0/SYS) DEV/0-5a000 (4/25.0/SYS) DEV/0-98000 (4/25.0/SYS) DEV/0-a8000 (4/25.0/SYS) DEV/0-b8000 (4/25.0/SYS) DEV/0-c8000 (4/25.0/SYS) 
jscs-backuppool-5090test-091606:1758315:1758662 [7] NCCL INFO NET/0-0 :GPU/0-27000 (4/25.0/PHB) GPU/0-38000 (4/25.0/PHB) GPU/0-49000 (5/25.0/SYS) GPU/0-5a000 (5/25.0/SYS) GPU/0-98000 (5/25.0/SYS) GPU/0-a8000 (5/25.0/SYS) GPU/0-b8000 (5/25.0/SYS) GPU/0-c8000 (5/25.0/SYS) CPU/0-0 (2/25.0/PHB) CPU/0-1 (3/25.0/SYS) CPU/0-2 (3/25.0/SYS) CPU/0-3 (3/25.0/SYS) NET/0-0 (0/5000.0/LOC) NET/0-0 (0/0.0/DIS) NET/0-0 (0/0.0/DIS) NET/0-0 (0/0.0/DIS) DEV/0-27000 (3/25.0/PHB) DEV/0-38000 (3/25.0/PHB) DEV/0-49000 (4/25.0/SYS) DEV/0-5a000 (4/25.0/SYS) DEV/0-98000 (4/25.0/SYS) DEV/0-a8000 (4/25.0/SYS) DEV/0-b8000 (4/25.0/SYS) DEV/0-c8000 (4/25.0/SYS) 
jscs-backuppool-5090test-091606:1758315:1758662 [7] NCCL INFO NET/0-0 :GPU/0-27000 (4/25.0/PHB) GPU/0-38000 (4/25.0/PHB) GPU/0-49000 (5/25.0/SYS) GPU/0-5a000 (5/25.0/SYS) GPU/0-98000 (5/25.0/SYS) GPU/0-a8000 (5/25.0/SYS) GPU/0-b8000 (5/25.0/SYS) GPU/0-c8000 (5/25.0/SYS) CPU/0-0 (2/25.0/PHB) CPU/0-1 (3/25.0/SYS) CPU/0-2 (3/25.0/SYS) CPU/0-3 (3/25.0/SYS) NET/0-0 (0/5000.0/LOC) NET/0-0 (0/0.0/DIS) NET/0-0 (0/0.0/DIS) NET/0-0 (0/0.0/DIS) DEV/0-27000 (3/25.0/PHB) DEV/0-38000 (3/25.0/PHB) DEV/0-49000 (4/25.0/SYS) DEV/0-5a000 (4/25.0/SYS) DEV/0-98000 (4/25.0/SYS) DEV/0-a8000 (4/25.0/SYS) DEV/0-b8000 (4/25.0/SYS) DEV/0-c8000 (4/25.0/SYS) 
jscs-backuppool-5090test-091606:1758315:1758656 [1] NCCL INFO === System : maxBw 48.0 totalBw 48.0 ===
jscs-backuppool-5090test-091606:1758315:1758656 [1] NCCL INFO CPU/0-0 (1/1/4)
jscs-backuppool-5090test-091606:1758315:1758656 [1] NCCL INFO + PCI[5000.0] - NIC/0-0
jscs-backuppool-5090test-091606:1758315:1758656 [1] NCCL INFO                 + NET[25.0] - NET/0-0 (0/0/0/25.000000)
jscs-backuppool-5090test-091606:1758315:1758656 [1] NCCL INFO                 + NET[25.0] - NET/0-0 (0/0/0/25.000000)
jscs-backuppool-5090test-091606:1758315:1758656 [1] NCCL INFO                 + NET[25.0] - NET/0-0 (0/0/0/25.000000)
jscs-backuppool-5090test-091606:1758315:1758656 [1] NCCL INFO                 + NET[25.0] - NET/0-0 (0/0/0/25.000000)
jscs-backuppool-5090test-091606:1758315:1758656 [1] NCCL INFO + PCI[48.0] - DEV/0-27000 (10de2b8510de5309)
jscs-backuppool-5090test-091606:1758315:1758656 [1] NCCL INFO               + LOC[5000.0] - GPU/0-27000
jscs-backuppool-5090test-091606:1758315:1758656 [1] NCCL INFO + PCI[48.0] - DEV/0-38000 (10de2b8510de5309)
jscs-backuppool-5090test-091606:1758315:1758656 [1] NCCL INFO               + LOC[5000.0] - GPU/0-38000
jscs-backuppool-5090test-091606:1758315:1758656 [1] NCCL INFO + SYS[40.0] - CPU/0-1
jscs-backuppool-5090test-091606:1758315:1758656 [1] NCCL INFO + SYS[40.0] - CPU/0-2
jscs-backuppool-5090test-091606:1758315:1758656 [1] NCCL INFO + SYS[40.0] - CPU/0-3
jscs-backuppool-5090test-091606:1758315:1758656 [1] NCCL INFO CPU/0-1 (1/1/4)
jscs-backuppool-5090test-091606:1758315:1758656 [1] NCCL INFO + PCI[48.0] - DEV/0-49000 (10de2b8510de5309)
jscs-backuppool-5090test-091606:1758315:1758656 [1] NCCL INFO               + LOC[5000.0] - GPU/0-49000
jscs-backuppool-5090test-091606:1758315:1758656 [1] NCCL INFO + PCI[48.0] - DEV/0-5a000 (10de2b8510de5309)
jscs-backuppool-5090test-091606:1758315:1758656 [1] NCCL INFO               + LOC[5000.0] - GPU/0-5a000
jscs-backuppool-5090test-091606:1758315:1758656 [1] NCCL INFO + SYS[40.0] - CPU/0-0
jscs-backuppool-5090test-091606:1758315:1758656 [1] NCCL INFO + SYS[40.0] - CPU/0-2
jscs-backuppool-5090test-091606:1758315:1758656 [1] NCCL INFO + SYS[40.0] - CPU/0-3
jscs-backuppool-5090test-091606:1758315:1758656 [1] NCCL INFO CPU/0-2 (1/1/4)
jscs-backuppool-5090test-091606:1758315:1758656 [1] NCCL INFO + PCI[48.0] - DEV/0-98000 (10de2b8510de5309)
jscs-backuppool-5090test-091606:1758315:1758656 [1] NCCL INFO               + LOC[5000.0] - GPU/0-98000
jscs-backuppool-5090test-091606:1758315:1758656 [1] NCCL INFO + PCI[48.0] - DEV/0-a8000 (10de2b8510de5309)
jscs-backuppool-5090test-091606:1758315:1758656 [1] NCCL INFO               + LOC[5000.0] - GPU/0-a8000
jscs-backuppool-5090test-091606:1758315:1758656 [1] NCCL INFO + PCI[48.0] - DEV/0-b8000 (10de2b8510de5309)
jscs-backuppool-5090test-091606:1758315:1758656 [1] NCCL INFO               + LOC[5000.0] - GPU/0-b8000
jscs-backuppool-5090test-091606:1758315:1758656 [1] NCCL INFO + SYS[40.0] - CPU/0-0
jscs-backuppool-5090test-091606:1758315:1758656 [1] NCCL INFO + SYS[40.0] - CPU/0-1
jscs-backuppool-5090test-091606:1758315:1758656 [1] NCCL INFO + SYS[40.0] - CPU/0-3
jscs-backuppool-5090test-091606:1758315:1758656 [1] NCCL INFO CPU/0-3 (1/1/4)
jscs-backuppool-5090test-091606:1758315:1758656 [1] NCCL INFO + PCI[48.0] - DEV/0-c8000 (10de2b8510de5309)
jscs-backuppool-5090test-091606:1758315:1758656 [1] NCCL INFO               + LOC[5000.0] - GPU/0-c8000
jscs-backuppool-5090test-091606:1758315:1758656 [1] NCCL INFO + SYS[40.0] - CPU/0-0
jscs-backuppool-5090test-091606:1758315:1758656 [1] NCCL INFO + SYS[40.0] - CPU/0-1
jscs-backuppool-5090test-091606:1758315:1758656 [1] NCCL INFO + SYS[40.0] - CPU/0-2
jscs-backuppool-5090test-091606:1758315:1758656 [1] NCCL INFO ==========================================
jscs-backuppool-5090test-091606:1758315:1758656 [1] NCCL INFO GPU/0-27000 :GPU/0-27000 (0/5000.0/LOC) GPU/0-38000 (4/48.0/PHB) GPU/0-49000 (5/40.0/SYS) GPU/0-5a000 (5/40.0/SYS) GPU/0-98000 (5/40.0/SYS) GPU/0-a8000 (5/40.0/SYS) GPU/0-b8000 (5/40.0/SYS) GPU/0-c8000 (5/40.0/SYS) CPU/0-0 (2/48.0/PHB) CPU/0-1 (3/40.0/SYS) CPU/0-2 (3/40.0/SYS) CPU/0-3 (3/40.0/SYS) NET/0-0 (4/25.0/PHB) NET/0-0 (0/0.0/DIS) NET/0-0 (0/0.0/DIS) NET/0-0 (0/0.0/DIS) DEV/0-27000 (1/5000.0/LOC) DEV/0-38000 (3/48.0/PHB) DEV/0-49000 (4/40.0/SYS) DEV/0-5a000 (4/40.0/SYS) DEV/0-98000 (4/40.0/SYS) DEV/0-a8000 (4/40.0/SYS) DEV/0-b8000 (4/40.0/SYS) DEV/0-c8000 (4/40.0/SYS) 
jscs-backuppool-5090test-091606:1758315:1758656 [1] NCCL INFO GPU/0-38000 :GPU/0-27000 (4/48.0/PHB) GPU/0-38000 (0/5000.0/LOC) GPU/0-49000 (5/40.0/SYS) GPU/0-5a000 (5/40.0/SYS) GPU/0-98000 (5/40.0/SYS) GPU/0-a8000 (5/40.0/SYS) GPU/0-b8000 (5/40.0/SYS) GPU/0-c8000 (5/40.0/SYS) CPU/0-0 (2/48.0/PHB) CPU/0-1 (3/40.0/SYS) CPU/0-2 (3/40.0/SYS) CPU/0-3 (3/40.0/SYS) NET/0-0 (4/25.0/PHB) NET/0-0 (0/0.0/DIS) NET/0-0 (0/0.0/DIS) NET/0-0 (0/0.0/DIS) DEV/0-27000 (3/48.0/PHB) DEV/0-38000 (1/5000.0/LOC) DEV/0-49000 (4/40.0/SYS) DEV/0-5a000 (4/40.0/SYS) DEV/0-98000 (4/40.0/SYS) DEV/0-a8000 (4/40.0/SYS) DEV/0-b8000 (4/40.0/SYS) DEV/0-c8000 (4/40.0/SYS) 
jscs-backuppool-5090test-091606:1758315:1758656 [1] NCCL INFO GPU/0-49000 :GPU/0-27000 (5/40.0/SYS) GPU/0-38000 (5/40.0/SYS) GPU/0-49000 (0/5000.0/LOC) GPU/0-5a000 (4/48.0/PHB) GPU/0-98000 (5/40.0/SYS) GPU/0-a8000 (5/40.0/SYS) GPU/0-b8000 (5/40.0/SYS) GPU/0-c8000 (5/40.0/SYS) CPU/0-0 (3/40.0/SYS) CPU/0-1 (2/48.0/PHB) CPU/0-2 (3/40.0/SYS) CPU/0-3 (3/40.0/SYS) NET/0-0 (5/25.0/SYS) NET/0-0 (0/0.0/DIS) NET/0-0 (0/0.0/DIS) NET/0-0 (0/0.0/DIS) DEV/0-27000 (4/40.0/SYS) DEV/0-38000 (4/40.0/SYS) DEV/0-49000 (1/5000.0/LOC) DEV/0-5a000 (3/48.0/PHB) DEV/0-98000 (4/40.0/SYS) DEV/0-a8000 (4/40.0/SYS) DEV/0-b8000 (4/40.0/SYS) DEV/0-c8000 (4/40.0/SYS) 
jscs-backuppool-5090test-091606:1758315:1758656 [1] NCCL INFO GPU/0-5a000 :GPU/0-27000 (5/40.0/SYS) GPU/0-38000 (5/40.0/SYS) GPU/0-49000 (4/48.0/PHB) GPU/0-5a000 (0/5000.0/LOC) GPU/0-98000 (5/40.0/SYS) GPU/0-a8000 (5/40.0/SYS) GPU/0-b8000 (5/40.0/SYS) GPU/0-c8000 (5/40.0/SYS) CPU/0-0 (3/40.0/SYS) CPU/0-1 (2/48.0/PHB) CPU/0-2 (3/40.0/SYS) CPU/0-3 (3/40.0/SYS) NET/0-0 (5/25.0/SYS) NET/0-0 (0/0.0/DIS) NET/0-0 (0/0.0/DIS) NET/0-0 (0/0.0/DIS) DEV/0-27000 (4/40.0/SYS) DEV/0-38000 (4/40.0/SYS) DEV/0-49000 (3/48.0/PHB) DEV/0-5a000 (1/5000.0/LOC) DEV/0-98000 (4/40.0/SYS) DEV/0-a8000 (4/40.0/SYS) DEV/0-b8000 (4/40.0/SYS) DEV/0-c8000 (4/40.0/SYS) 
jscs-backuppool-5090test-091606:1758315:1758656 [1] NCCL INFO GPU/0-98000 :GPU/0-27000 (5/40.0/SYS) GPU/0-38000 (5/40.0/SYS) GPU/0-49000 (5/40.0/SYS) GPU/0-5a000 (5/40.0/SYS) GPU/0-98000 (0/5000.0/LOC) GPU/0-a8000 (4/48.0/PHB) GPU/0-b8000 (4/48.0/PHB) GPU/0-c8000 (5/40.0/SYS) CPU/0-0 (3/40.0/SYS) CPU/0-1 (3/40.0/SYS) CPU/0-2 (2/48.0/PHB) CPU/0-3 (3/40.0/SYS) NET/0-0 (5/25.0/SYS) NET/0-0 (0/0.0/DIS) NET/0-0 (0/0.0/DIS) NET/0-0 (0/0.0/DIS) DEV/0-27000 (4/40.0/SYS) DEV/0-38000 (4/40.0/SYS) DEV/0-49000 (4/40.0/SYS) DEV/0-5a000 (4/40.0/SYS) DEV/0-98000 (1/5000.0/LOC) DEV/0-a8000 (3/48.0/PHB) DEV/0-b8000 (3/48.0/PHB) DEV/0-c8000 (4/40.0/SYS) 
jscs-backuppool-5090test-091606:1758315:1758656 [1] NCCL INFO GPU/0-a8000 :GPU/0-27000 (5/40.0/SYS) GPU/0-38000 (5/40.0/SYS) GPU/0-49000 (5/40.0/SYS) GPU/0-5a000 (5/40.0/SYS) GPU/0-98000 (4/48.0/PHB) GPU/0-a8000 (0/5000.0/LOC) GPU/0-b8000 (4/48.0/PHB) GPU/0-c8000 (5/40.0/SYS) CPU/0-0 (3/40.0/SYS) CPU/0-1 (3/40.0/SYS) CPU/0-2 (2/48.0/PHB) CPU/0-3 (3/40.0/SYS) NET/0-0 (5/25.0/SYS) NET/0-0 (0/0.0/DIS) NET/0-0 (0/0.0/DIS) NET/0-0 (0/0.0/DIS) DEV/0-27000 (4/40.0/SYS) DEV/0-38000 (4/40.0/SYS) DEV/0-49000 (4/40.0/SYS) DEV/0-5a000 (4/40.0/SYS) DEV/0-98000 (3/48.0/PHB) DEV/0-a8000 (1/5000.0/LOC) DEV/0-b8000 (3/48.0/PHB) DEV/0-c8000 (4/40.0/SYS) 
jscs-backuppool-5090test-091606:1758315:1758656 [1] NCCL INFO GPU/0-b8000 :GPU/0-27000 (5/40.0/SYS) GPU/0-38000 (5/40.0/SYS) GPU/0-49000 (5/40.0/SYS) GPU/0-5a000 (5/40.0/SYS) GPU/0-98000 (4/48.0/PHB) GPU/0-a8000 (4/48.0/PHB) GPU/0-b8000 (0/5000.0/LOC) GPU/0-c8000 (5/40.0/SYS) CPU/0-0 (3/40.0/SYS) CPU/0-1 (3/40.0/SYS) CPU/0-2 (2/48.0/PHB) CPU/0-3 (3/40.0/SYS) NET/0-0 (5/25.0/SYS) NET/0-0 (0/0.0/DIS) NET/0-0 (0/0.0/DIS) NET/0-0 (0/0.0/DIS) DEV/0-27000 (4/40.0/SYS) DEV/0-38000 (4/40.0/SYS) DEV/0-49000 (4/40.0/SYS) DEV/0-5a000 (4/40.0/SYS) DEV/0-98000 (3/48.0/PHB) DEV/0-a8000 (3/48.0/PHB) DEV/0-b8000 (1/5000.0/LOC) DEV/0-c8000 (4/40.0/SYS) 
jscs-backuppool-5090test-091606:1758315:1758656 [1] NCCL INFO GPU/0-c8000 :GPU/0-27000 (5/40.0/SYS) GPU/0-38000 (5/40.0/SYS) GPU/0-49000 (5/40.0/SYS) GPU/0-5a000 (5/40.0/SYS) GPU/0-98000 (5/40.0/SYS) GPU/0-a8000 (5/40.0/SYS) GPU/0-b8000 (5/40.0/SYS) GPU/0-c8000 (0/5000.0/LOC) CPU/0-0 (3/40.0/SYS) CPU/0-1 (3/40.0/SYS) CPU/0-2 (3/40.0/SYS) CPU/0-3 (2/48.0/PHB) NET/0-0 (5/25.0/SYS) NET/0-0 (0/0.0/DIS) NET/0-0 (0/0.0/DIS) NET/0-0 (0/0.0/DIS) DEV/0-27000 (4/40.0/SYS) DEV/0-38000 (4/40.0/SYS) DEV/0-49000 (4/40.0/SYS) DEV/0-5a000 (4/40.0/SYS) DEV/0-98000 (4/40.0/SYS) DEV/0-a8000 (4/40.0/SYS) DEV/0-b8000 (4/40.0/SYS) DEV/0-c8000 (1/5000.0/LOC) 
jscs-backuppool-5090test-091606:1758315:1758656 [1] NCCL INFO NET/0-0 :GPU/0-27000 (4/25.0/PHB) GPU/0-38000 (4/25.0/PHB) GPU/0-49000 (5/25.0/SYS) GPU/0-5a000 (5/25.0/SYS) GPU/0-98000 (5/25.0/SYS) GPU/0-a8000 (5/25.0/SYS) GPU/0-b8000 (5/25.0/SYS) GPU/0-c8000 (5/25.0/SYS) CPU/0-0 (2/25.0/PHB) CPU/0-1 (3/25.0/SYS) CPU/0-2 (3/25.0/SYS) CPU/0-3 (3/25.0/SYS) NET/0-0 (0/5000.0/LOC) NET/0-0 (0/0.0/DIS) NET/0-0 (0/0.0/DIS) NET/0-0 (0/0.0/DIS) DEV/0-27000 (3/25.0/PHB) DEV/0-38000 (3/25.0/PHB) DEV/0-49000 (4/25.0/SYS) DEV/0-5a000 (4/25.0/SYS) DEV/0-98000 (4/25.0/SYS) DEV/0-a8000 (4/25.0/SYS) DEV/0-b8000 (4/25.0/SYS) DEV/0-c8000 (4/25.0/SYS) 
jscs-backuppool-5090test-091606:1758315:1758656 [1] NCCL INFO NET/0-0 :GPU/0-27000 (4/25.0/PHB) GPU/0-38000 (4/25.0/PHB) GPU/0-49000 (5/25.0/SYS) GPU/0-5a000 (5/25.0/SYS) GPU/0-98000 (5/25.0/SYS) GPU/0-a8000 (5/25.0/SYS) GPU/0-b8000 (5/25.0/SYS) GPU/0-c8000 (5/25.0/SYS) CPU/0-0 (2/25.0/PHB) CPU/0-1 (3/25.0/SYS) CPU/0-2 (3/25.0/SYS) CPU/0-3 (3/25.0/SYS) NET/0-0 (0/5000.0/LOC) NET/0-0 (0/0.0/DIS) NET/0-0 (0/0.0/DIS) NET/0-0 (0/0.0/DIS) DEV/0-27000 (3/25.0/PHB) DEV/0-38000 (3/25.0/PHB) DEV/0-49000 (4/25.0/SYS) DEV/0-5a000 (4/25.0/SYS) DEV/0-98000 (4/25.0/SYS) DEV/0-a8000 (4/25.0/SYS) DEV/0-b8000 (4/25.0/SYS) DEV/0-c8000 (4/25.0/SYS) 
jscs-backuppool-5090test-091606:1758315:1758656 [1] NCCL INFO NET/0-0 :GPU/0-27000 (4/25.0/PHB) GPU/0-38000 (4/25.0/PHB) GPU/0-49000 (5/25.0/SYS) GPU/0-5a000 (5/25.0/SYS) GPU/0-98000 (5/25.0/SYS) GPU/0-a8000 (5/25.0/SYS) GPU/0-b8000 (5/25.0/SYS) GPU/0-c8000 (5/25.0/SYS) CPU/0-0 (2/25.0/PHB) CPU/0-1 (3/25.0/SYS) CPU/0-2 (3/25.0/SYS) CPU/0-3 (3/25.0/SYS) NET/0-0 (0/5000.0/LOC) NET/0-0 (0/0.0/DIS) NET/0-0 (0/0.0/DIS) NET/0-0 (0/0.0/DIS) DEV/0-27000 (3/25.0/PHB) DEV/0-38000 (3/25.0/PHB) DEV/0-49000 (4/25.0/SYS) DEV/0-5a000 (4/25.0/SYS) DEV/0-98000 (4/25.0/SYS) DEV/0-a8000 (4/25.0/SYS) DEV/0-b8000 (4/25.0/SYS) DEV/0-c8000 (4/25.0/SYS) 
jscs-backuppool-5090test-091606:1758315:1758656 [1] NCCL INFO NET/0-0 :GPU/0-27000 (4/25.0/PHB) GPU/0-38000 (4/25.0/PHB) GPU/0-49000 (5/25.0/SYS) GPU/0-5a000 (5/25.0/SYS) GPU/0-98000 (5/25.0/SYS) GPU/0-a8000 (5/25.0/SYS) GPU/0-b8000 (5/25.0/SYS) GPU/0-c8000 (5/25.0/SYS) CPU/0-0 (2/25.0/PHB) CPU/0-1 (3/25.0/SYS) CPU/0-2 (3/25.0/SYS) CPU/0-3 (3/25.0/SYS) NET/0-0 (0/5000.0/LOC) NET/0-0 (0/0.0/DIS) NET/0-0 (0/0.0/DIS) NET/0-0 (0/0.0/DIS) DEV/0-27000 (3/25.0/PHB) DEV/0-38000 (3/25.0/PHB) DEV/0-49000 (4/25.0/SYS) DEV/0-5a000 (4/25.0/SYS) DEV/0-98000 (4/25.0/SYS) DEV/0-a8000 (4/25.0/SYS) DEV/0-b8000 (4/25.0/SYS) DEV/0-c8000 (4/25.0/SYS) 
jscs-backuppool-5090test-091606:1758315:1758661 [6] NCCL INFO === System : maxBw 48.0 totalBw 48.0 ===
jscs-backuppool-5090test-091606:1758315:1758661 [6] NCCL INFO CPU/0-0 (1/1/4)
jscs-backuppool-5090test-091606:1758315:1758661 [6] NCCL INFO + PCI[5000.0] - NIC/0-0
jscs-backuppool-5090test-091606:1758315:1758661 [6] NCCL INFO                 + NET[25.0] - NET/0-0 (0/0/0/25.000000)
jscs-backuppool-5090test-091606:1758315:1758661 [6] NCCL INFO                 + NET[25.0] - NET/0-0 (0/0/0/25.000000)
jscs-backuppool-5090test-091606:1758315:1758661 [6] NCCL INFO                 + NET[25.0] - NET/0-0 (0/0/0/25.000000)
jscs-backuppool-5090test-091606:1758315:1758661 [6] NCCL INFO                 + NET[25.0] - NET/0-0 (0/0/0/25.000000)
jscs-backuppool-5090test-091606:1758315:1758661 [6] NCCL INFO + PCI[48.0] - DEV/0-27000 (10de2b8510de5309)
jscs-backuppool-5090test-091606:1758315:1758661 [6] NCCL INFO               + LOC[5000.0] - GPU/0-27000
jscs-backuppool-5090test-091606:1758315:1758661 [6] NCCL INFO + PCI[48.0] - DEV/0-38000 (10de2b8510de5309)
jscs-backuppool-5090test-091606:1758315:1758661 [6] NCCL INFO               + LOC[5000.0] - GPU/0-38000
jscs-backuppool-5090test-091606:1758315:1758661 [6] NCCL INFO + SYS[40.0] - CPU/0-1
jscs-backuppool-5090test-091606:1758315:1758661 [6] NCCL INFO + SYS[40.0] - CPU/0-2
jscs-backuppool-5090test-091606:1758315:1758661 [6] NCCL INFO + SYS[40.0] - CPU/0-3
jscs-backuppool-5090test-091606:1758315:1758661 [6] NCCL INFO CPU/0-1 (1/1/4)
jscs-backuppool-5090test-091606:1758315:1758661 [6] NCCL INFO + PCI[48.0] - DEV/0-49000 (10de2b8510de5309)
jscs-backuppool-5090test-091606:1758315:1758661 [6] NCCL INFO               + LOC[5000.0] - GPU/0-49000
jscs-backuppool-5090test-091606:1758315:1758661 [6] NCCL INFO + PCI[48.0] - DEV/0-5a000 (10de2b8510de5309)
jscs-backuppool-5090test-091606:1758315:1758661 [6] NCCL INFO               + LOC[5000.0] - GPU/0-5a000
jscs-backuppool-5090test-091606:1758315:1758661 [6] NCCL INFO + SYS[40.0] - CPU/0-0
jscs-backuppool-5090test-091606:1758315:1758661 [6] NCCL INFO + SYS[40.0] - CPU/0-2
jscs-backuppool-5090test-091606:1758315:1758661 [6] NCCL INFO + SYS[40.0] - CPU/0-3
jscs-backuppool-5090test-091606:1758315:1758661 [6] NCCL INFO CPU/0-2 (1/1/4)
jscs-backuppool-5090test-091606:1758315:1758661 [6] NCCL INFO + PCI[48.0] - DEV/0-98000 (10de2b8510de5309)
jscs-backuppool-5090test-091606:1758315:1758661 [6] NCCL INFO               + LOC[5000.0] - GPU/0-98000
jscs-backuppool-5090test-091606:1758315:1758661 [6] NCCL INFO + PCI[48.0] - DEV/0-a8000 (10de2b8510de5309)
jscs-backuppool-5090test-091606:1758315:1758661 [6] NCCL INFO               + LOC[5000.0] - GPU/0-a8000
jscs-backuppool-5090test-091606:1758315:1758661 [6] NCCL INFO + PCI[48.0] - DEV/0-b8000 (10de2b8510de5309)
jscs-backuppool-5090test-091606:1758315:1758661 [6] NCCL INFO               + LOC[5000.0] - GPU/0-b8000
jscs-backuppool-5090test-091606:1758315:1758661 [6] NCCL INFO + SYS[40.0] - CPU/0-0
jscs-backuppool-5090test-091606:1758315:1758661 [6] NCCL INFO + SYS[40.0] - CPU/0-1
jscs-backuppool-5090test-091606:1758315:1758661 [6] NCCL INFO + SYS[40.0] - CPU/0-3
jscs-backuppool-5090test-091606:1758315:1758661 [6] NCCL INFO CPU/0-3 (1/1/4)
jscs-backuppool-5090test-091606:1758315:1758661 [6] NCCL INFO + PCI[48.0] - DEV/0-c8000 (10de2b8510de5309)
jscs-backuppool-5090test-091606:1758315:1758661 [6] NCCL INFO               + LOC[5000.0] - GPU/0-c8000
jscs-backuppool-5090test-091606:1758315:1758661 [6] NCCL INFO + SYS[40.0] - CPU/0-0
jscs-backuppool-5090test-091606:1758315:1758661 [6] NCCL INFO + SYS[40.0] - CPU/0-1
jscs-backuppool-5090test-091606:1758315:1758661 [6] NCCL INFO + SYS[40.0] - CPU/0-2
jscs-backuppool-5090test-091606:1758315:1758661 [6] NCCL INFO ==========================================
jscs-backuppool-5090test-091606:1758315:1758661 [6] NCCL INFO GPU/0-27000 :GPU/0-27000 (0/5000.0/LOC) GPU/0-38000 (4/48.0/PHB) GPU/0-49000 (5/40.0/SYS) GPU/0-5a000 (5/40.0/SYS) GPU/0-98000 (5/40.0/SYS) GPU/0-a8000 (5/40.0/SYS) GPU/0-b8000 (5/40.0/SYS) GPU/0-c8000 (5/40.0/SYS) CPU/0-0 (2/48.0/PHB) CPU/0-1 (3/40.0/SYS) CPU/0-2 (3/40.0/SYS) CPU/0-3 (3/40.0/SYS) NET/0-0 (4/25.0/PHB) NET/0-0 (0/0.0/DIS) NET/0-0 (0/0.0/DIS) NET/0-0 (0/0.0/DIS) DEV/0-27000 (1/5000.0/LOC) DEV/0-38000 (3/48.0/PHB) DEV/0-49000 (4/40.0/SYS) DEV/0-5a000 (4/40.0/SYS) DEV/0-98000 (4/40.0/SYS) DEV/0-a8000 (4/40.0/SYS) DEV/0-b8000 (4/40.0/SYS) DEV/0-c8000 (4/40.0/SYS) 
jscs-backuppool-5090test-091606:1758315:1758661 [6] NCCL INFO GPU/0-38000 :GPU/0-27000 (4/48.0/PHB) GPU/0-38000 (0/5000.0/LOC) GPU/0-49000 (5/40.0/SYS) GPU/0-5a000 (5/40.0/SYS) GPU/0-98000 (5/40.0/SYS) GPU/0-a8000 (5/40.0/SYS) GPU/0-b8000 (5/40.0/SYS) GPU/0-c8000 (5/40.0/SYS) CPU/0-0 (2/48.0/PHB) CPU/0-1 (3/40.0/SYS) CPU/0-2 (3/40.0/SYS) CPU/0-3 (3/40.0/SYS) NET/0-0 (4/25.0/PHB) NET/0-0 (0/0.0/DIS) NET/0-0 (0/0.0/DIS) NET/0-0 (0/0.0/DIS) DEV/0-27000 (3/48.0/PHB) DEV/0-38000 (1/5000.0/LOC) DEV/0-49000 (4/40.0/SYS) DEV/0-5a000 (4/40.0/SYS) DEV/0-98000 (4/40.0/SYS) DEV/0-a8000 (4/40.0/SYS) DEV/0-b8000 (4/40.0/SYS) DEV/0-c8000 (4/40.0/SYS) 
jscs-backuppool-5090test-091606:1758315:1758661 [6] NCCL INFO GPU/0-49000 :GPU/0-27000 (5/40.0/SYS) GPU/0-38000 (5/40.0/SYS) GPU/0-49000 (0/5000.0/LOC) GPU/0-5a000 (4/48.0/PHB) GPU/0-98000 (5/40.0/SYS) GPU/0-a8000 (5/40.0/SYS) GPU/0-b8000 (5/40.0/SYS) GPU/0-c8000 (5/40.0/SYS) CPU/0-0 (3/40.0/SYS) CPU/0-1 (2/48.0/PHB) CPU/0-2 (3/40.0/SYS) CPU/0-3 (3/40.0/SYS) NET/0-0 (5/25.0/SYS) NET/0-0 (0/0.0/DIS) NET/0-0 (0/0.0/DIS) NET/0-0 (0/0.0/DIS) DEV/0-27000 (4/40.0/SYS) DEV/0-38000 (4/40.0/SYS) DEV/0-49000 (1/5000.0/LOC) DEV/0-5a000 (3/48.0/PHB) DEV/0-98000 (4/40.0/SYS) DEV/0-a8000 (4/40.0/SYS) DEV/0-b8000 (4/40.0/SYS) DEV/0-c8000 (4/40.0/SYS) 
jscs-backuppool-5090test-091606:1758315:1758661 [6] NCCL INFO GPU/0-5a000 :GPU/0-27000 (5/40.0/SYS) GPU/0-38000 (5/40.0/SYS) GPU/0-49000 (4/48.0/PHB) GPU/0-5a000 (0/5000.0/LOC) GPU/0-98000 (5/40.0/SYS) GPU/0-a8000 (5/40.0/SYS) GPU/0-b8000 (5/40.0/SYS) GPU/0-c8000 (5/40.0/SYS) CPU/0-0 (3/40.0/SYS) CPU/0-1 (2/48.0/PHB) CPU/0-2 (3/40.0/SYS) CPU/0-3 (3/40.0/SYS) NET/0-0 (5/25.0/SYS) NET/0-0 (0/0.0/DIS) NET/0-0 (0/0.0/DIS) NET/0-0 (0/0.0/DIS) DEV/0-27000 (4/40.0/SYS) DEV/0-38000 (4/40.0/SYS) DEV/0-49000 (3/48.0/PHB) DEV/0-5a000 (1/5000.0/LOC) DEV/0-98000 (4/40.0/SYS) DEV/0-a8000 (4/40.0/SYS) DEV/0-b8000 (4/40.0/SYS) DEV/0-c8000 (4/40.0/SYS) 
jscs-backuppool-5090test-091606:1758315:1758661 [6] NCCL INFO GPU/0-98000 :GPU/0-27000 (5/40.0/SYS) GPU/0-38000 (5/40.0/SYS) GPU/0-49000 (5/40.0/SYS) GPU/0-5a000 (5/40.0/SYS) GPU/0-98000 (0/5000.0/LOC) GPU/0-a8000 (4/48.0/PHB) GPU/0-b8000 (4/48.0/PHB) GPU/0-c8000 (5/40.0/SYS) CPU/0-0 (3/40.0/SYS) CPU/0-1 (3/40.0/SYS) CPU/0-2 (2/48.0/PHB) CPU/0-3 (3/40.0/SYS) NET/0-0 (5/25.0/SYS) NET/0-0 (0/0.0/DIS) NET/0-0 (0/0.0/DIS) NET/0-0 (0/0.0/DIS) DEV/0-27000 (4/40.0/SYS) DEV/0-38000 (4/40.0/SYS) DEV/0-49000 (4/40.0/SYS) DEV/0-5a000 (4/40.0/SYS) DEV/0-98000 (1/5000.0/LOC) DEV/0-a8000 (3/48.0/PHB) DEV/0-b8000 (3/48.0/PHB) DEV/0-c8000 (4/40.0/SYS) 
jscs-backuppool-5090test-091606:1758315:1758661 [6] NCCL INFO GPU/0-a8000 :GPU/0-27000 (5/40.0/SYS) GPU/0-38000 (5/40.0/SYS) GPU/0-49000 (5/40.0/SYS) GPU/0-5a000 (5/40.0/SYS) GPU/0-98000 (4/48.0/PHB) GPU/0-a8000 (0/5000.0/LOC) GPU/0-b8000 (4/48.0/PHB) GPU/0-c8000 (5/40.0/SYS) CPU/0-0 (3/40.0/SYS) CPU/0-1 (3/40.0/SYS) CPU/0-2 (2/48.0/PHB) CPU/0-3 (3/40.0/SYS) NET/0-0 (5/25.0/SYS) NET/0-0 (0/0.0/DIS) NET/0-0 (0/0.0/DIS) NET/0-0 (0/0.0/DIS) DEV/0-27000 (4/40.0/SYS) DEV/0-38000 (4/40.0/SYS) DEV/0-49000 (4/40.0/SYS) DEV/0-5a000 (4/40.0/SYS) DEV/0-98000 (3/48.0/PHB) DEV/0-a8000 (1/5000.0/LOC) DEV/0-b8000 (3/48.0/PHB) DEV/0-c8000 (4/40.0/SYS) 
jscs-backuppool-5090test-091606:1758315:1758661 [6] NCCL INFO GPU/0-b8000 :GPU/0-27000 (5/40.0/SYS) GPU/0-38000 (5/40.0/SYS) GPU/0-49000 (5/40.0/SYS) GPU/0-5a000 (5/40.0/SYS) GPU/0-98000 (4/48.0/PHB) GPU/0-a8000 (4/48.0/PHB) GPU/0-b8000 (0/5000.0/LOC) GPU/0-c8000 (5/40.0/SYS) CPU/0-0 (3/40.0/SYS) CPU/0-1 (3/40.0/SYS) CPU/0-2 (2/48.0/PHB) CPU/0-3 (3/40.0/SYS) NET/0-0 (5/25.0/SYS) NET/0-0 (0/0.0/DIS) NET/0-0 (0/0.0/DIS) NET/0-0 (0/0.0/DIS) DEV/0-27000 (4/40.0/SYS) DEV/0-38000 (4/40.0/SYS) DEV/0-49000 (4/40.0/SYS) DEV/0-5a000 (4/40.0/SYS) DEV/0-98000 (3/48.0/PHB) DEV/0-a8000 (3/48.0/PHB) DEV/0-b8000 (1/5000.0/LOC) DEV/0-c8000 (4/40.0/SYS) 
jscs-backuppool-5090test-091606:1758315:1758661 [6] NCCL INFO GPU/0-c8000 :GPU/0-27000 (5/40.0/SYS) GPU/0-38000 (5/40.0/SYS) GPU/0-49000 (5/40.0/SYS) GPU/0-5a000 (5/40.0/SYS) GPU/0-98000 (5/40.0/SYS) GPU/0-a8000 (5/40.0/SYS) GPU/0-b8000 (5/40.0/SYS) GPU/0-c8000 (0/5000.0/LOC) CPU/0-0 (3/40.0/SYS) CPU/0-1 (3/40.0/SYS) CPU/0-2 (3/40.0/SYS) CPU/0-3 (2/48.0/PHB) NET/0-0 (5/25.0/SYS) NET/0-0 (0/0.0/DIS) NET/0-0 (0/0.0/DIS) NET/0-0 (0/0.0/DIS) DEV/0-27000 (4/40.0/SYS) DEV/0-38000 (4/40.0/SYS) DEV/0-49000 (4/40.0/SYS) DEV/0-5a000 (4/40.0/SYS) DEV/0-98000 (4/40.0/SYS) DEV/0-a8000 (4/40.0/SYS) DEV/0-b8000 (4/40.0/SYS) DEV/0-c8000 (1/5000.0/LOC) 
jscs-backuppool-5090test-091606:1758315:1758661 [6] NCCL INFO NET/0-0 :GPU/0-27000 (4/25.0/PHB) GPU/0-38000 (4/25.0/PHB) GPU/0-49000 (5/25.0/SYS) GPU/0-5a000 (5/25.0/SYS) GPU/0-98000 (5/25.0/SYS) GPU/0-a8000 (5/25.0/SYS) GPU/0-b8000 (5/25.0/SYS) GPU/0-c8000 (5/25.0/SYS) CPU/0-0 (2/25.0/PHB) CPU/0-1 (3/25.0/SYS) CPU/0-2 (3/25.0/SYS) CPU/0-3 (3/25.0/SYS) NET/0-0 (0/5000.0/LOC) NET/0-0 (0/0.0/DIS) NET/0-0 (0/0.0/DIS) NET/0-0 (0/0.0/DIS) DEV/0-27000 (3/25.0/PHB) DEV/0-38000 (3/25.0/PHB) DEV/0-49000 (4/25.0/SYS) DEV/0-5a000 (4/25.0/SYS) DEV/0-98000 (4/25.0/SYS) DEV/0-a8000 (4/25.0/SYS) DEV/0-b8000 (4/25.0/SYS) DEV/0-c8000 (4/25.0/SYS) 
jscs-backuppool-5090test-091606:1758315:1758661 [6] NCCL INFO NET/0-0 :GPU/0-27000 (4/25.0/PHB) GPU/0-38000 (4/25.0/PHB) GPU/0-49000 (5/25.0/SYS) GPU/0-5a000 (5/25.0/SYS) GPU/0-98000 (5/25.0/SYS) GPU/0-a8000 (5/25.0/SYS) GPU/0-b8000 (5/25.0/SYS) GPU/0-c8000 (5/25.0/SYS) CPU/0-0 (2/25.0/PHB) CPU/0-1 (3/25.0/SYS) CPU/0-2 (3/25.0/SYS) CPU/0-3 (3/25.0/SYS) NET/0-0 (0/5000.0/LOC) NET/0-0 (0/0.0/DIS) NET/0-0 (0/0.0/DIS) NET/0-0 (0/0.0/DIS) DEV/0-27000 (3/25.0/PHB) DEV/0-38000 (3/25.0/PHB) DEV/0-49000 (4/25.0/SYS) DEV/0-5a000 (4/25.0/SYS) DEV/0-98000 (4/25.0/SYS) DEV/0-a8000 (4/25.0/SYS) DEV/0-b8000 (4/25.0/SYS) DEV/0-c8000 (4/25.0/SYS) 
jscs-backuppool-5090test-091606:1758315:1758661 [6] NCCL INFO NET/0-0 :GPU/0-27000 (4/25.0/PHB) GPU/0-38000 (4/25.0/PHB) GPU/0-49000 (5/25.0/SYS) GPU/0-5a000 (5/25.0/SYS) GPU/0-98000 (5/25.0/SYS) GPU/0-a8000 (5/25.0/SYS) GPU/0-b8000 (5/25.0/SYS) GPU/0-c8000 (5/25.0/SYS) CPU/0-0 (2/25.0/PHB) CPU/0-1 (3/25.0/SYS) CPU/0-2 (3/25.0/SYS) CPU/0-3 (3/25.0/SYS) NET/0-0 (0/5000.0/LOC) NET/0-0 (0/0.0/DIS) NET/0-0 (0/0.0/DIS) NET/0-0 (0/0.0/DIS) DEV/0-27000 (3/25.0/PHB) DEV/0-38000 (3/25.0/PHB) DEV/0-49000 (4/25.0/SYS) DEV/0-5a000 (4/25.0/SYS) DEV/0-98000 (4/25.0/SYS) DEV/0-a8000 (4/25.0/SYS) DEV/0-b8000 (4/25.0/SYS) DEV/0-c8000 (4/25.0/SYS) 
jscs-backuppool-5090test-091606:1758315:1758661 [6] NCCL INFO NET/0-0 :GPU/0-27000 (4/25.0/PHB) GPU/0-38000 (4/25.0/PHB) GPU/0-49000 (5/25.0/SYS) GPU/0-5a000 (5/25.0/SYS) GPU/0-98000 (5/25.0/SYS) GPU/0-a8000 (5/25.0/SYS) GPU/0-b8000 (5/25.0/SYS) GPU/0-c8000 (5/25.0/SYS) CPU/0-0 (2/25.0/PHB) CPU/0-1 (3/25.0/SYS) CPU/0-2 (3/25.0/SYS) CPU/0-3 (3/25.0/SYS) NET/0-0 (0/5000.0/LOC) NET/0-0 (0/0.0/DIS) NET/0-0 (0/0.0/DIS) NET/0-0 (0/0.0/DIS) DEV/0-27000 (3/25.0/PHB) DEV/0-38000 (3/25.0/PHB) DEV/0-49000 (4/25.0/SYS) DEV/0-5a000 (4/25.0/SYS) DEV/0-98000 (4/25.0/SYS) DEV/0-a8000 (4/25.0/SYS) DEV/0-b8000 (4/25.0/SYS) DEV/0-c8000 (4/25.0/SYS) 
jscs-backuppool-5090test-091606:1758315:1758660 [5] NCCL INFO Pattern 4, crossNic 0, nChannels 2, bw 20.000000/20.000000, type SYS/PIX, sameChannels 1
jscs-backuppool-5090test-091606:1758315:1758660 [5] NCCL INFO  0 : GPU/0-27000 GPU/0-38000 GPU/0-49000 GPU/0-5a000 GPU/0-98000 GPU/0-a8000 GPU/0-b8000 GPU/0-c8000
jscs-backuppool-5090test-091606:1758315:1758660 [5] NCCL INFO  1 : GPU/0-27000 GPU/0-38000 GPU/0-49000 GPU/0-5a000 GPU/0-98000 GPU/0-a8000 GPU/0-b8000 GPU/0-c8000
jscs-backuppool-5090test-091606:1758315:1758657 [2] NCCL INFO Pattern 4, crossNic 0, nChannels 2, bw 20.000000/20.000000, type SYS/PIX, sameChannels 1
jscs-backuppool-5090test-091606:1758315:1758657 [2] NCCL INFO  0 : GPU/0-27000 GPU/0-38000 GPU/0-49000 GPU/0-5a000 GPU/0-98000 GPU/0-a8000 GPU/0-b8000 GPU/0-c8000
jscs-backuppool-5090test-091606:1758315:1758657 [2] NCCL INFO  1 : GPU/0-27000 GPU/0-38000 GPU/0-49000 GPU/0-5a000 GPU/0-98000 GPU/0-a8000 GPU/0-b8000 GPU/0-c8000
jscs-backuppool-5090test-091606:1758315:1758658 [3] NCCL INFO Pattern 4, crossNic 0, nChannels 2, bw 20.000000/20.000000, type SYS/PIX, sameChannels 1
jscs-backuppool-5090test-091606:1758315:1758658 [3] NCCL INFO  0 : GPU/0-27000 GPU/0-38000 GPU/0-49000 GPU/0-5a000 GPU/0-98000 GPU/0-a8000 GPU/0-b8000 GPU/0-c8000
jscs-backuppool-5090test-091606:1758315:1758658 [3] NCCL INFO  1 : GPU/0-27000 GPU/0-38000 GPU/0-49000 GPU/0-5a000 GPU/0-98000 GPU/0-a8000 GPU/0-b8000 GPU/0-c8000
jscs-backuppool-5090test-091606:1758315:1758659 [4] NCCL INFO Pattern 4, crossNic 0, nChannels 2, bw 20.000000/20.000000, type SYS/PIX, sameChannels 1
jscs-backuppool-5090test-091606:1758315:1758659 [4] NCCL INFO  0 : GPU/0-27000 GPU/0-38000 GPU/0-49000 GPU/0-5a000 GPU/0-98000 GPU/0-a8000 GPU/0-b8000 GPU/0-c8000
jscs-backuppool-5090test-091606:1758315:1758659 [4] NCCL INFO  1 : GPU/0-27000 GPU/0-38000 GPU/0-49000 GPU/0-5a000 GPU/0-98000 GPU/0-a8000 GPU/0-b8000 GPU/0-c8000
jscs-backuppool-5090test-091606:1758315:1758662 [7] NCCL INFO Pattern 4, crossNic 0, nChannels 2, bw 20.000000/20.000000, type SYS/PIX, sameChannels 1
jscs-backuppool-5090test-091606:1758315:1758662 [7] NCCL INFO  0 : GPU/0-27000 GPU/0-38000 GPU/0-49000 GPU/0-5a000 GPU/0-98000 GPU/0-a8000 GPU/0-b8000 GPU/0-c8000
jscs-backuppool-5090test-091606:1758315:1758662 [7] NCCL INFO  1 : GPU/0-27000 GPU/0-38000 GPU/0-49000 GPU/0-5a000 GPU/0-98000 GPU/0-a8000 GPU/0-b8000 GPU/0-c8000
jscs-backuppool-5090test-091606:1758315:1758655 [0] NCCL INFO Pattern 4, crossNic 0, nChannels 2, bw 20.000000/20.000000, type SYS/PIX, sameChannels 1
jscs-backuppool-5090test-091606:1758315:1758655 [0] NCCL INFO  0 : GPU/0-27000 GPU/0-38000 GPU/0-49000 GPU/0-5a000 GPU/0-98000 GPU/0-a8000 GPU/0-b8000 GPU/0-c8000
jscs-backuppool-5090test-091606:1758315:1758655 [0] NCCL INFO  1 : GPU/0-27000 GPU/0-38000 GPU/0-49000 GPU/0-5a000 GPU/0-98000 GPU/0-a8000 GPU/0-b8000 GPU/0-c8000
jscs-backuppool-5090test-091606:1758315:1758661 [6] NCCL INFO Pattern 4, crossNic 0, nChannels 2, bw 20.000000/20.000000, type SYS/PIX, sameChannels 1
jscs-backuppool-5090test-091606:1758315:1758661 [6] NCCL INFO  0 : GPU/0-27000 GPU/0-38000 GPU/0-49000 GPU/0-5a000 GPU/0-98000 GPU/0-a8000 GPU/0-b8000 GPU/0-c8000
jscs-backuppool-5090test-091606:1758315:1758661 [6] NCCL INFO  1 : GPU/0-27000 GPU/0-38000 GPU/0-49000 GPU/0-5a000 GPU/0-98000 GPU/0-a8000 GPU/0-b8000 GPU/0-c8000
jscs-backuppool-5090test-091606:1758315:1758660 [5] NCCL INFO Pattern 1, crossNic 0, nChannels 2, bw 20.000000/20.000000, type SYS/PIX, sameChannels 1
jscs-backuppool-5090test-091606:1758315:1758660 [5] NCCL INFO  0 : GPU/0-27000 GPU/0-38000 GPU/0-49000 GPU/0-5a000 GPU/0-98000 GPU/0-a8000 GPU/0-b8000 GPU/0-c8000
jscs-backuppool-5090test-091606:1758315:1758660 [5] NCCL INFO  1 : GPU/0-27000 GPU/0-38000 GPU/0-49000 GPU/0-5a000 GPU/0-98000 GPU/0-a8000 GPU/0-b8000 GPU/0-c8000
jscs-backuppool-5090test-091606:1758315:1758657 [2] NCCL INFO Pattern 1, crossNic 0, nChannels 2, bw 20.000000/20.000000, type SYS/PIX, sameChannels 1
jscs-backuppool-5090test-091606:1758315:1758657 [2] NCCL INFO  0 : GPU/0-27000 GPU/0-38000 GPU/0-49000 GPU/0-5a000 GPU/0-98000 GPU/0-a8000 GPU/0-b8000 GPU/0-c8000
jscs-backuppool-5090test-091606:1758315:1758657 [2] NCCL INFO  1 : GPU/0-27000 GPU/0-38000 GPU/0-49000 GPU/0-5a000 GPU/0-98000 GPU/0-a8000 GPU/0-b8000 GPU/0-c8000
jscs-backuppool-5090test-091606:1758315:1758658 [3] NCCL INFO Pattern 1, crossNic 0, nChannels 2, bw 20.000000/20.000000, type SYS/PIX, sameChannels 1
jscs-backuppool-5090test-091606:1758315:1758658 [3] NCCL INFO  0 : GPU/0-27000 GPU/0-38000 GPU/0-49000 GPU/0-5a000 GPU/0-98000 GPU/0-a8000 GPU/0-b8000 GPU/0-c8000
jscs-backuppool-5090test-091606:1758315:1758658 [3] NCCL INFO  1 : GPU/0-27000 GPU/0-38000 GPU/0-49000 GPU/0-5a000 GPU/0-98000 GPU/0-a8000 GPU/0-b8000 GPU/0-c8000
jscs-backuppool-5090test-091606:1758315:1758656 [1] NCCL INFO Pattern 4, crossNic 0, nChannels 2, bw 20.000000/20.000000, type SYS/PIX, sameChannels 1
jscs-backuppool-5090test-091606:1758315:1758656 [1] NCCL INFO  0 : GPU/0-27000 GPU/0-38000 GPU/0-49000 GPU/0-5a000 GPU/0-98000 GPU/0-a8000 GPU/0-b8000 GPU/0-c8000
jscs-backuppool-5090test-091606:1758315:1758656 [1] NCCL INFO  1 : GPU/0-27000 GPU/0-38000 GPU/0-49000 GPU/0-5a000 GPU/0-98000 GPU/0-a8000 GPU/0-b8000 GPU/0-c8000
jscs-backuppool-5090test-091606:1758315:1758659 [4] NCCL INFO Pattern 1, crossNic 0, nChannels 2, bw 20.000000/20.000000, type SYS/PIX, sameChannels 1
jscs-backuppool-5090test-091606:1758315:1758659 [4] NCCL INFO  0 : GPU/0-27000 GPU/0-38000 GPU/0-49000 GPU/0-5a000 GPU/0-98000 GPU/0-a8000 GPU/0-b8000 GPU/0-c8000
jscs-backuppool-5090test-091606:1758315:1758659 [4] NCCL INFO  1 : GPU/0-27000 GPU/0-38000 GPU/0-49000 GPU/0-5a000 GPU/0-98000 GPU/0-a8000 GPU/0-b8000 GPU/0-c8000
jscs-backuppool-5090test-091606:1758315:1758662 [7] NCCL INFO Pattern 1, crossNic 0, nChannels 2, bw 20.000000/20.000000, type SYS/PIX, sameChannels 1
jscs-backuppool-5090test-091606:1758315:1758662 [7] NCCL INFO  0 : GPU/0-27000 GPU/0-38000 GPU/0-49000 GPU/0-5a000 GPU/0-98000 GPU/0-a8000 GPU/0-b8000 GPU/0-c8000
jscs-backuppool-5090test-091606:1758315:1758662 [7] NCCL INFO  1 : GPU/0-27000 GPU/0-38000 GPU/0-49000 GPU/0-5a000 GPU/0-98000 GPU/0-a8000 GPU/0-b8000 GPU/0-c8000
jscs-backuppool-5090test-091606:1758315:1758655 [0] NCCL INFO Pattern 1, crossNic 0, nChannels 2, bw 20.000000/20.000000, type SYS/PIX, sameChannels 1
jscs-backuppool-5090test-091606:1758315:1758655 [0] NCCL INFO  0 : GPU/0-27000 GPU/0-38000 GPU/0-49000 GPU/0-5a000 GPU/0-98000 GPU/0-a8000 GPU/0-b8000 GPU/0-c8000
jscs-backuppool-5090test-091606:1758315:1758655 [0] NCCL INFO  1 : GPU/0-27000 GPU/0-38000 GPU/0-49000 GPU/0-5a000 GPU/0-98000 GPU/0-a8000 GPU/0-b8000 GPU/0-c8000
jscs-backuppool-5090test-091606:1758315:1758661 [6] NCCL INFO Pattern 1, crossNic 0, nChannels 2, bw 20.000000/20.000000, type SYS/PIX, sameChannels 1
jscs-backuppool-5090test-091606:1758315:1758661 [6] NCCL INFO  0 : GPU/0-27000 GPU/0-38000 GPU/0-49000 GPU/0-5a000 GPU/0-98000 GPU/0-a8000 GPU/0-b8000 GPU/0-c8000
jscs-backuppool-5090test-091606:1758315:1758661 [6] NCCL INFO  1 : GPU/0-27000 GPU/0-38000 GPU/0-49000 GPU/0-5a000 GPU/0-98000 GPU/0-a8000 GPU/0-b8000 GPU/0-c8000
jscs-backuppool-5090test-091606:1758315:1758656 [1] NCCL INFO Pattern 1, crossNic 0, nChannels 2, bw 20.000000/20.000000, type SYS/PIX, sameChannels 1
jscs-backuppool-5090test-091606:1758315:1758656 [1] NCCL INFO  0 : GPU/0-27000 GPU/0-38000 GPU/0-49000 GPU/0-5a000 GPU/0-98000 GPU/0-a8000 GPU/0-b8000 GPU/0-c8000
jscs-backuppool-5090test-091606:1758315:1758656 [1] NCCL INFO  1 : GPU/0-27000 GPU/0-38000 GPU/0-49000 GPU/0-5a000 GPU/0-98000 GPU/0-a8000 GPU/0-b8000 GPU/0-c8000
jscs-backuppool-5090test-091606:1758315:1758660 [5] NCCL INFO Ring 00 : 4 -> 5 -> 6
jscs-backuppool-5090test-091606:1758315:1758660 [5] NCCL INFO Ring 01 : 4 -> 5 -> 6
jscs-backuppool-5090test-091606:1758315:1758660 [5] NCCL INFO Ring 02 : 4 -> 5 -> 6
jscs-backuppool-5090test-091606:1758315:1758660 [5] NCCL INFO Ring 03 : 4 -> 5 -> 6
jscs-backuppool-5090test-091606:1758315:1758659 [4] NCCL INFO Ring 00 : 3 -> 4 -> 5
jscs-backuppool-5090test-091606:1758315:1758661 [6] NCCL INFO Ring 00 : 5 -> 6 -> 7
jscs-backuppool-5090test-091606:1758315:1758661 [6] NCCL INFO Ring 01 : 5 -> 6 -> 7
jscs-backuppool-5090test-091606:1758315:1758658 [3] NCCL INFO Ring 00 : 2 -> 3 -> 4
jscs-backuppool-5090test-091606:1758315:1758656 [1] NCCL INFO Tree 0 : 0 -> 1 -> 2/-1/-1
jscs-backuppool-5090test-091606:1758315:1758658 [3] NCCL INFO Ring 01 : 2 -> 3 -> 4
jscs-backuppool-5090test-091606:1758315:1758658 [3] NCCL INFO Ring 02 : 2 -> 3 -> 4
jscs-backuppool-5090test-091606:1758315:1758658 [3] NCCL INFO Ring 03 : 2 -> 3 -> 4
jscs-backuppool-5090test-091606:1758315:1758656 [1] NCCL INFO Tree 2 : 0 -> 1 -> 2/-1/-1
jscs-backuppool-5090test-091606:1758315:1758656 [1] NCCL INFO Tree 1 : 0 -> 1 -> 2/-1/-1
jscs-backuppool-5090test-091606:1758315:1758659 [4] NCCL INFO Ring 01 : 3 -> 4 -> 5
jscs-backuppool-5090test-091606:1758315:1758662 [7] NCCL INFO Ring 00 : 6 -> 7 -> 0
jscs-backuppool-5090test-091606:1758315:1758661 [6] NCCL INFO Ring 02 : 5 -> 6 -> 7
jscs-backuppool-5090test-091606:1758315:1758659 [4] NCCL INFO Ring 02 : 3 -> 4 -> 5
jscs-backuppool-5090test-091606:1758315:1758659 [4] NCCL INFO Ring 03 : 3 -> 4 -> 5
jscs-backuppool-5090test-091606:1758315:1758662 [7] NCCL INFO Ring 01 : 6 -> 7 -> 0
jscs-backuppool-5090test-091606:1758315:1758661 [6] NCCL INFO Ring 03 : 5 -> 6 -> 7
jscs-backuppool-5090test-091606:1758315:1758656 [1] NCCL INFO Tree 3 : 0 -> 1 -> 2/-1/-1
jscs-backuppool-5090test-091606:1758315:1758657 [2] NCCL INFO Ring 00 : 1 -> 2 -> 3
jscs-backuppool-5090test-091606:1758315:1758657 [2] NCCL INFO Ring 01 : 1 -> 2 -> 3
jscs-backuppool-5090test-091606:1758315:1758662 [7] NCCL INFO Ring 02 : 6 -> 7 -> 0
jscs-backuppool-5090test-091606:1758315:1758655 [0] NCCL INFO Tree 0 : -1 -> 0 -> 1/-1/-1
jscs-backuppool-5090test-091606:1758315:1758662 [7] NCCL INFO Ring 03 : 6 -> 7 -> 0
jscs-backuppool-5090test-091606:1758315:1758655 [0] NCCL INFO Tree 2 : -1 -> 0 -> 1/-1/-1
jscs-backuppool-5090test-091606:1758315:1758655 [0] NCCL INFO Tree 1 : -1 -> 0 -> 1/-1/-1
jscs-backuppool-5090test-091606:1758315:1758657 [2] NCCL INFO Ring 02 : 1 -> 2 -> 3
jscs-backuppool-5090test-091606:1758315:1758655 [0] NCCL INFO Tree 3 : -1 -> 0 -> 1/-1/-1
jscs-backuppool-5090test-091606:1758315:1758657 [2] NCCL INFO Ring 03 : 1 -> 2 -> 3
jscs-backuppool-5090test-091606:1758315:1758656 [1] NCCL INFO Ring 00 : 0 -> 1 -> 2
jscs-backuppool-5090test-091606:1758315:1758656 [1] NCCL INFO Ring 01 : 0 -> 1 -> 2
jscs-backuppool-5090test-091606:1758315:1758655 [0] NCCL INFO Ring 00 : 7 -> 0 -> 1
jscs-backuppool-5090test-091606:1758315:1758655 [0] NCCL INFO Ring 01 : 7 -> 0 -> 1
jscs-backuppool-5090test-091606:1758315:1758655 [0] NCCL INFO Ring 02 : 7 -> 0 -> 1
jscs-backuppool-5090test-091606:1758315:1758655 [0] NCCL INFO Ring 03 : 7 -> 0 -> 1
jscs-backuppool-5090test-091606:1758315:1758656 [1] NCCL INFO Ring 02 : 0 -> 1 -> 2
jscs-backuppool-5090test-091606:1758315:1758656 [1] NCCL INFO Ring 03 : 0 -> 1 -> 2
jscs-backuppool-5090test-091606:1758315:1758655 [0] NCCL INFO ncclP2pSchedule: group size used is 8
jscs-backuppool-5090test-091606:1758315:1758656 [1] NCCL INFO ncclP2pSchedule: group size used is 8
jscs-backuppool-5090test-091606:1758315:1758660 [5] NCCL INFO ncclP2pSchedule: group size used is 8
jscs-backuppool-5090test-091606:1758315:1758658 [3] NCCL INFO ncclP2pSchedule: group size used is 8
jscs-backuppool-5090test-091606:1758315:1758659 [4] NCCL INFO ncclP2pSchedule: group size used is 8
jscs-backuppool-5090test-091606:1758315:1758661 [6] NCCL INFO ncclP2pSchedule: group size used is 8
jscs-backuppool-5090test-091606:1758315:1758662 [7] NCCL INFO ncclP2pSchedule: group size used is 8
jscs-backuppool-5090test-091606:1758315:1758657 [2] NCCL INFO ncclP2pSchedule: group size used is 8
NCCL initialized\nDone\n